# Class	Property	Type/Offset
Unknown_0000	_areDocumentsUnstable	bool
Unknown_0000	_carbonOnlyPreferencesMenuItemEnabled	bool
Unknown_0000	_defaultFileType	GNFileType
Unknown_0000	_detectAfterTransfer	GNInt @0x2c
Unknown_0000	_didReceiveKeyEvent	bool
Unknown_0000	_documentControllerMap	GNDictionary
Unknown_0000	_enableAlternativeResourceFolder	bool
Unknown_0000	_expectedNextPlaybackSampleIndex	SInt64
Unknown_0000	_filesToOpen	GNList
Unknown_0000	_isAvailable	bool
Unknown_0000	_isEnabled	bool
Unknown_0000	_isKeyboardNavigationEnabled	bool
Unknown_0000	_isReading	bool
Unknown_0000	_isRunningDialog	GNInt
Unknown_0000	_isRunningSystemDialog	GNInt
Unknown_0000	_isSettingParameterState	bool
Unknown_0000	_isSongPositionWhileStoppedWorkaroundDisabled	bool
Unknown_0000	_lastModalResult	GNInt
Unknown_0000	_lastRenderTransportWasPlaying	bool
Unknown_0000	_lastSoundFileAccessTime	double
Unknown_0000	_lastTestResults	GNString
Unknown_0000	_nWaitCursor	GNInt
Unknown_0000	_plugins	GNDictionary
Unknown_0000	_provokeExceptionWithinNextEvent	bool
Unknown_0000	_recursiveLock	GNRecursiveLock
Unknown_0000	_redoActionCountOfUndoMenu	GNInt
Unknown_0000	_resignsFirstResponderASAP	bool
Unknown_0000	_showFullPathsInResentMenu	bool
Unknown_0000	_stateIsModified	bool
Unknown_0000	_terminatesOnLastDocumentClosed	bool
Unknown_0000	_title	GNString
Unknown_0000	_undoActionCountOfUndoMenu	GNInt
Unknown_0000	_windowsOnlyCreateInfoMenuItemIfNeeded	bool
Unknown_0000	_windowsOnlyCreatePreferencesMenuItemIfNeeded	bool
Unknown_0000	_windowsOnlyShowMenuOnStartUp	bool
Unknown_0001	_araBindingLockFlags	MUAraBindingLockFlags
Unknown_0001	_araInstance	const void *
Unknown_0001	_bindToDocumentControllerPending	bool
Unknown_0001	_identifier	GNString
Unknown_0001	_isEditorRenderer	bool
Unknown_0001	_isEditorView	bool
Unknown_0001	_isPlaybackRenderer	bool
Unknown_0001	_kind	GNAudioPlugInKind
Unknown_0001	_manufacturer	GNString
Unknown_0001	_type	GNAudioPlugInType
Unknown_0001	_userDictionary	GNDictionary
Unknown_0001	_validationState	GNAudioPlugInValidationState
Unknown_0002	_allClassDescriptions	GNHashedList
Unknown_0002	_allKeys	GNHashedList
Unknown_0002	_allObjects	GNHashedList
Unknown_0002	_archiveVersion	GNInt
Unknown_0002	_archivedObjects	GNHashedList
Unknown_0002	_awakesObjectsAfterDecoding	bool
Unknown_0002	_cType	GNString
Unknown_0002	_canCodeResourceNameCache	GNInt
Unknown_0002	_capacity	GNInt
Unknown_0002	_classDescriptionKVTypeInfosMap	GNHashedDictionary
Unknown_0002	_classDescriptions	GNHashedList
Unknown_0002	_classname	GNString
Unknown_0002	_coding	bool
Unknown_0002	_count	GNInt
Unknown_0002	_currentObjectCompleteData	GNData
Unknown_0002	_currentObjectData	GNData
Unknown_0002	_currentObjectExcessData	GNData
Unknown_0002	_currentObjectGraphIdx	GNInt
Unknown_0002	_documentation	GNString
Unknown_0002	_doneObjects	GNHashedList
Unknown_0002	_enumName	GNString
Unknown_0002	_frontIdx	GNInt
Unknown_0002	_gatherOnly	bool
Unknown_0002	_isCancelled	bool
Unknown_0002	_isExcludedFromReadCopies	bool
Unknown_0002	_isSecureSaveEnabled	bool
Unknown_0002	_isTransient	bool
Unknown_0002	_key	GNString
Unknown_0002	_maxLength	GNInt
Unknown_0002	_members	GNInt *
Unknown_0002	_name	GNString
Unknown_0002	_objectGraphReadStack	GNData
Unknown_0002	_objectOrderIdx	GNData
Unknown_0002	_objectPointers	GNSet
Unknown_0002	_objects	GNSet
Unknown_0002	_predictedDecodedValuesIndex	GNInt
Unknown_0002	_reasonString	GNString
Unknown_0002	_retainingDisabled	bool
Unknown_0002	_runtimeOffset	GNInt
Unknown_0002	_sharedKeyValueTypeInfoTable	GNList
Unknown_0002	_state	GNInt
Unknown_0002	_tableClassIdx	GNData
Unknown_0002	_tailIdx	GNInt
Unknown_0002	_title	GNString
Unknown_0002	_todoObjects	GNQueue
Unknown_0002	_usedCompressorIndex	GNInt
Unknown_0002	_userInfo	GNDictionary
Unknown_0003	_allAttributes	GNList
Unknown_0003	_allInverseRelationshipsToOwningRelationshipsCache	GNList
Unknown_0003	_allPersistentProperties	GNList
Unknown_0003	_allRelationships	GNList
Unknown_0003	_autovalidationDisableLevel	GNInt
Unknown_0003	_callstack	void **
Unknown_0003	_canObjectHaveMultipleOwnerObjectsCache	bool
Unknown_0003	_changedObjects	GNSet
Unknown_0003	_classname	GNString
Unknown_0003	_currentDescValues	GNDictionary
Unknown_0003	_data	GNData
Unknown_0003	_dataLength	GNInt
Unknown_0003	_dataLocation	GNInt
Unknown_0003	_dateFormat	GNString
Unknown_0003	_decibelIncrement	float
Unknown_0003	_decimalSeparator	GNString
Unknown_0003	_defaultStringValues	GNDictionary
Unknown_0003	_delayedObserverRegistrationsChangesRequired	GNInt
Unknown_0003	_developerMessage	GNString
Unknown_0003	_documentation	GNString
Unknown_0003	_editingLists	GNList
Unknown_0003	_endianness	GNEndian
Unknown_0003	_exactComponentsByType	GNDictionary
Unknown_0003	_filePath	GNFilePath
Unknown_0003	_hasObserverRegistrations	bool
Unknown_0003	_identifier	GNString
Unknown_0003	_inputFormats	GNList
Unknown_0003	_instanceSize	GNInt
Unknown_0003	_invalidSelectors	GNSet
Unknown_0003	_invalidSelectorsLock	GNLock
Unknown_0003	_isEditable	bool
Unknown_0003	_isPostingChangeNotifications	bool
Unknown_0003	_isRuntimeClassDescription	bool
Unknown_0003	_isTransientClass	bool
Unknown_0003	_isValidatingObjectCaches	GNInt
Unknown_0003	_keyValueGetBindings	GNHashedDictionary
Unknown_0003	_keyValueGetBindingsLock	GNLock
Unknown_0003	_knownRegisteredPropertyObserverRegistrationsCount	GNInt
Unknown_0003	_locale	GNLocale
Unknown_0003	_lockModelInBackgroundthreadCounter	GNInt
Unknown_0003	_lockModelInMainthreadCounter	GNInt
Unknown_0003	_maxValue	float
Unknown_0003	_message	GNString
Unknown_0003	_minValue	float
Unknown_0003	_name	GNString
Unknown_0003	_negativePrefix	GNString
Unknown_0003	_objectBuffer	GNDictionary
Unknown_0003	_objectsNeedingTermination	GNList
Unknown_0003	_objectsToBeRemovedDueToOwnership	GNSet
Unknown_0003	_objectsWithInvalidCaches	GNSet
Unknown_0003	_objectsWithoutRef	GNSet
Unknown_0003	_positivePrefix	GNString
Unknown_0003	_precision	GNInt
Unknown_0003	_precisionRelatesToAllDigits	bool
Unknown_0003	_prefix	GNString
Unknown_0003	_propertyForKeyCache	GNHashedDictionary
Unknown_0003	_propertyObservationDisableLevel	GNInt
Unknown_0003	_propertyObserverRegistrationsByObject	GNHashedDictionary
Unknown_0003	_propertyObserverRegistrationsByProperty	GNHashedDictionary
Unknown_0003	_propertyPaths	GNDictionary
Unknown_0003	_propertyPathsLock	GNLock
Unknown_0003	_reason	GNString
Unknown_0003	_registersMethodInvocationsForObjectChanges	bool
Unknown_0003	_rootObjects	GNSet
Unknown_0003	_runLoopObserverDidLockModel	GNInt
Unknown_0003	_shouldRemoveTrailingZeros	bool
Unknown_0003	_size	GNInt
Unknown_0003	_spectrumSize	UInt32
Unknown_0003	_submodelNames	GNList
Unknown_0003	_superClassname	GNString
Unknown_0003	_tableSize	UInt32
Unknown_0003	_tableSizeLog2	UInt32
Unknown_0003	_unit	GNString
Unknown_0003	_userInfo	GNDictionary
Unknown_0003	_validationDictionaries	GNDictionary
Unknown_0003	_variableComponentsByType	GNDictionary
Unknown_0003	_version	GNInt
Unknown_0004	_assignments	GNDictionary
Unknown_0004	_awakesObjectsAfterDecodig	bool
Unknown_0004	_cTypeID	GNCTypeID
Unknown_0004	_cachedKey	GNString
Unknown_0004	_classVersions	GNDictionary
Unknown_0004	_classname	GNString
Unknown_0004	_collisions	GNDictionary
Unknown_0004	_completedJobs	GNList
Unknown_0004	_complexTodo	GNConcurrentQueue
Unknown_0004	_creatorType	GNString
Unknown_0004	_currentKeyPrefix	GNString
Unknown_0004	_dataFormat	GNKeyValueArchiveDataFormat
Unknown_0004	_dateFormat	GNString
Unknown_0004	_decodedValues	GNDictionary
Unknown_0004	_defaultValues	GNDictionary
Unknown_0004	_dict	GNDictionary
Unknown_0004	_didFail	bool
Unknown_0004	_encodedObjects	GNSet
Unknown_0004	_encodesGlobalIDsOfReferredObjects	bool
Unknown_0004	_error	GNError
Unknown_0004	_file	GNFile
Unknown_0004	_hfsType	GNString
Unknown_0004	_identifier	GNString
Unknown_0004	_isAddedToToRuntimeLocalizer	bool
Unknown_0004	_isCancelled	bool
Unknown_0004	_isTerminating	SInt32
Unknown_0004	_isVirtual	bool
Unknown_0004	_jobCount	GNInt
Unknown_0004	_keys	GNDictionary
Unknown_0004	_language	GNString
Unknown_0004	_lastObjectValue	GNValue
Unknown_0004	_maxConcurrentJobsCount	GNInt
Unknown_0004	_name	GNString
Unknown_0004	_nextPostingThreshold	float
Unknown_0004	_normalTodo	GNConcurrentQueue
Unknown_0004	_objectValues	GNList
Unknown_0004	_objects	GNDictionary
Unknown_0004	_persistentObjectIDs	GNDictionary
Unknown_0004	_posixPath	GNString
Unknown_0004	_predictedDecodedValuesIndex	GNInt
Unknown_0004	_progress	float
Unknown_0004	_reducingDisabled	bool
Unknown_0004	_references	GNDictionary
Unknown_0004	_referredObjectIDs	GNSet
Unknown_0004	_reflectsOwnerTree	bool
Unknown_0004	_releationshipKeys	GNHashedDictionary
Unknown_0004	_resolution	GNFraction
Unknown_0004	_selector	GNQualifierSelector
Unknown_0004	_shouldCancel	bool
Unknown_0004	_showsHeight	bool
Unknown_0004	_showsMixedFraction	bool
Unknown_0004	_showsWidth	bool
Unknown_0004	_showsX	bool
Unknown_0004	_showsY	bool
Unknown_0004	_singleFileUse	bool
Unknown_0004	_sourceFilePath	GNFilePath
Unknown_0004	_state	GNJobState
Unknown_0004	_stringTableGNUI	GNString
Unknown_0004	_stringTableKey	GNString
Unknown_0004	_timeFormat	GNString
Unknown_0004	_title	GNString
Unknown_0004	_translationTable	GNDictionary
Unknown_0004	_unixPathCache	GNData
Unknown_0004	_userInfo	GNDictionary
Unknown_0004	_utilizesEntireProcessor	bool
Unknown_0004	_values	GNHashedDictionary
Unknown_0004	_workerThreadsCreationCount	GNInt
Unknown_0005	_andNotify	bool
Unknown_0005	_args	GNList
Unknown_0005	_charactersToBeSkipped	GNString
Unknown_0005	_coalescedIdleNotifications	GNList
Unknown_0005	_coalescedIdleNotificationsHashTable	GNCoreHashTable *
Unknown_0005	_coalescing	GNNotificationCoalescing
Unknown_0005	_componentConnector	GNString
Unknown_0005	_content	GNString
Unknown_0005	_context	GNObject
Unknown_0005	_destinationCardinality	GNRange
Unknown_0005	_destinationClassname	GNString
Unknown_0005	_dict	GNDictionary
Unknown_0005	_direction	GNSortOrderDirection
Unknown_0005	_documentation	GNString
Unknown_0005	_end	GNInt
Unknown_0005	_executablePath	GNFilePath
Unknown_0005	_filePath	GNFilePath
Unknown_0005	_hint	GNString
Unknown_0005	_idleQueue	GNConcurrentQueue
Unknown_0005	_isControllingWindow	bool
Unknown_0005	_isDestinationListOrdered	bool
Unknown_0005	_isRegistered	bool
Unknown_0005	_isRepeating	bool
Unknown_0005	_isRunning	bool
Unknown_0005	_key	GNString
Unknown_0005	_keys	GNList
Unknown_0005	_lastModDate	GNDate
Unknown_0005	_locale	GNLocale
Unknown_0005	_location	GNInt
Unknown_0005	_lockLevel	GNInt
Unknown_0005	_modifiedKeys	GNSet
Unknown_0005	_name	GNString
Unknown_0005	_nameToSource	GNString
Unknown_0005	_observerSpecsCount	GNInt
Unknown_0005	_readData	GNData
Unknown_0005	_scanLocation	GNInt
Unknown_0005	_sourceOwnsDestination	bool
Unknown_0005	_sourceRetainsDestination	bool
Unknown_0005	_start	GNInt
Unknown_0005	_stateMask	GNRunLoopStateMask
Unknown_0005	_string	GNString
Unknown_0005	_stringLength	GNInt
Unknown_0005	_strings	GNDictionary
Unknown_0005	_template	GNString
Unknown_0005	_terminationStatus	int
Unknown_0005	_threadID	GNThreadID
Unknown_0005	_userInfo	GNDictionary
Unknown_0005	_variables	GNDictionary
Unknown_0006	_actionName	GNString
Unknown_0006	_arguments	GNDictionary
Unknown_0006	_blockSize	GNInt
Unknown_0006	_compressionLevel	GNZlibCompressionLevel
Unknown_0006	_data	GNData
Unknown_0006	_decoding	bool
Unknown_0006	_endianness	GNEndian
Unknown_0006	_hasUnstackedChanges	bool
Unknown_0006	_hostInfosCache	GNDictionary
Unknown_0006	_intCTypeID	GNCTypeID
Unknown_0006	_isAutocreateActionNamesEnabled	bool
Unknown_0006	_isMainThread	bool
Unknown_0006	_isPerformingUndo	bool
Unknown_0006	_isRunning	bool
Unknown_0006	_location	GNInt
Unknown_0006	_maxLevelsWasReached	bool
Unknown_0006	_memoryLevel	GNInt
Unknown_0006	_methodInvocationsFrozen	GNInt
Unknown_0006	_numberOfLevels	GNInt
Unknown_0006	_poolIndex	GNInt
Unknown_0006	_previousMXCSR	unsigned int
Unknown_0006	_priorityGroup	GNThreadPriorityGroup
Unknown_0006	_pushCount	GNInt
Unknown_0006	_realtimeCycleDuration	double
Unknown_0006	_renderUserInfo	GNDictionary
Unknown_0006	_replacedClassNames	GNDictionary
Unknown_0006	_replacementDict	GNDictionary
Unknown_0006	_saved	bool
Unknown_0006	_state	GNInt
Unknown_0006	_string	GNString
Unknown_0006	_undoManagementFrozen	GNInt
Unknown_0006	_userInfo	GNDictionary
Unknown_0006	_usesTyping	bool
Unknown_0006	_wantsGZIPHeader	bool
Unknown_000a	_acceptsFirstMouse	bool
Unknown_000a	_alpha	float
Unknown_000a	_autoresizesSubviews	bool
Unknown_000a	_autoresizesSuperview	bool
Unknown_000a	_availableLayoutSizeCache	GNSize
Unknown_000a	_backroundPath	GNDrawPath
Unknown_000a	_borderStyle	GNBorderStyle
Unknown_000a	_cachePath1	GNDrawPath
Unknown_000a	_cachePath2	GNDrawPath
Unknown_000a	_cachePath3	GNDrawPath
Unknown_000a	_derivationPaths	GNDictionary
Unknown_000a	_detectionInProgress	bool
Unknown_000a	_drawingFrameReflectSubviews	bool
Unknown_000a	_drawsBackground	bool
Unknown_000a	_drawsFrameMask	GNInt
Unknown_000a	_drawsMainResponder	bool
Unknown_000a	_emptySelectionSupported	bool
Unknown_000a	_expandableHorizontally	bool
Unknown_000a	_expandableVertically	bool
Unknown_000a	_fixedCount	GNInt
Unknown_000a	_frame	GNRect
Unknown_000a	_geometryName	GNString
Unknown_000a	_hasOwnScroller	bool @0x18
Unknown_000a	_horizontalAlignment	GNHorizontalAlignment
Unknown_000a	_innerMargin	MDMargin
Unknown_000a	_intendedToBeInhertited	bool
Unknown_000a	_isAutolayoutingSubviews	bool
Unknown_000a	_isBypassingEvents	bool
Unknown_000a	_isSettingFrame	GNInt
Unknown_000a	_isSharedSizeScope	bool
Unknown_000a	_isTransparent	bool
Unknown_000a	_layoutName	GNString
Unknown_000a	_margins	GNEdgeInset
Unknown_000a	_maxSize	GNSize
Unknown_000a	_minFrameSize	GNSize
Unknown_000a	_minLayoutSizeCache	GNSize
Unknown_000a	_minSize	GNSize
Unknown_000a	_mouseOverIntensity	float
Unknown_000a	_multipleSelectionSupported	bool
Unknown_000a	_needsLayout	bool
Unknown_000a	_objectClassName	GNString
Unknown_000a	_padding	GNEdgeInset
Unknown_000a	_selectedIndex	GNInt
Unknown_000a	_sharedLayoutSizeCache	GNSize
Unknown_000a	_sharedWidthName	GNString
Unknown_000a	_shrinkableHorizontally	bool
Unknown_000a	_shrinkableVertically	bool
Unknown_000a	_sizeToFit	GNSize
Unknown_000a	_strokesBorder	bool
Unknown_000a	_subviewNeedDisplay	bool
Unknown_000a	_title	GNString
Unknown_000a	_toolTip	GNString
Unknown_000a	_toolTipLocation	GNToolTipLocation
Unknown_000a	_typeName	GNString
Unknown_000a	_unregisterToolTipLocalisationTargetAnyway	bool
Unknown_000a	_userInfo	GNDictionary
Unknown_000a	_verticalAlignment	GNVerticalAlignment
Unknown_000a	_visibility	GNViewVisibility
Unknown_000a	_visibilityPriority	float
Unknown_000b	_detectionInProgress	bool
Unknown_000b	_elapsedTime	double
Unknown_000c	_mode	GNInt
Unknown_000c	_selector	GNString
Unknown_000f	_actionName	GNString
Unknown_000f	_alternateImage	GNImage
Unknown_000f	_alternateTitle	GNString
Unknown_000f	_borderStyle	GNBorderStyle
Unknown_000f	_controlType	GNControlType
Unknown_000f	_disabledImage	GNImage
Unknown_000f	_flashingTime	double
Unknown_000f	_floatValue	float
Unknown_000f	_font	GNFont
Unknown_000f	_foregroundColor	GNColor
Unknown_000f	_image	GNImage
Unknown_000f	_imageOffset	GNPoint
Unknown_000f	_imagePosition	GNButtonImagePosition
Unknown_000f	_intValue	GNInt
Unknown_000f	_isAutoenabling	bool
Unknown_000f	_isBordered	bool
Unknown_000f	_isContinuous	bool
Unknown_000f	_isDefaultButton	bool
Unknown_000f	_isEnabled	bool
Unknown_000f	_isPressed	bool
Unknown_000f	_localizationHint	GNString
Unknown_000f	_localizesTitle	bool
Unknown_000f	_maxValue	GNInt
Unknown_000f	_minValue	GNInt
Unknown_000f	_progressValue	float
Unknown_000f	_recordingInProgress	bool
Unknown_000f	_recordingValue	float
Unknown_000f	_systemLoad	float
Unknown_000f	_tag	GNInt
Unknown_000f	_textAlignment	GNTextAlignment
Unknown_000f	_textCropping	GNTextCropping
Unknown_000f	_title	GNString
Unknown_000f	_toggleValueOnSendingAction	bool
Unknown_000f	_type	GNButtonType
Unknown_000f	_validationHints	GNDictionary
Unknown_000f	_valueIsInvalid	bool
Unknown_0012	_allowsIndividuals	bool
Unknown_0012	_exportFormat	MDExportFormat
Unknown_0012	_fileName	GNString
Unknown_0012	_filePath	GNFilePath
Unknown_0012	_fileType	GNFileType
Unknown_0012	_invalidRegionTypes	GNData
Unknown_0012	_isChecked	bool
Unknown_0012	_mixTitle	GNString
Unknown_0012	_name	GNString
Unknown_0012	_needsFilePath	bool
Unknown_0012	_needsRegion	bool
Unknown_0012	_needsTails	bool
Unknown_0012	_sampleFormats	GNList
Unknown_0012	_sampleRates	GNList
Unknown_0012	_soundFileFormat	GNSoundFileFormat
Unknown_0012	_soundFileFormats	GNList
Unknown_0012	_title	GNString
Unknown_0012	_type	MDExportRegionType
Unknown_0013	_askOnClip	bool
Unknown_0013	_begin	double
Unknown_0013	_buffers	float**
Unknown_0013	_channelFormat	GNAudioChannelFormat
Unknown_0013	_count	GNInt
Unknown_0013	_currentIndex	GNInt
Unknown_0013	_end	double
Unknown_0013	_failed	bool
Unknown_0013	_filePath	GNFilePath
Unknown_0013	_includeTails	bool
Unknown_0013	_isCanceled	bool
Unknown_0013	_isExportingMix	bool
Unknown_0013	_isReRunningExport	bool
Unknown_0013	_maxValue	float
Unknown_0013	_originalFaderVolume	float
Unknown_0013	_proceededSamples	SInt64
Unknown_0013	_rerunExportOnClip	bool
Unknown_0013	_runsAlertPanel	bool
Unknown_0013	_sampleCount	SInt64
Unknown_0013	_sampleFormat	GNAudioSampleFormat
Unknown_0013	_sampleRate	double
Unknown_0013	_samples	SInt64
Unknown_0013	_send	bool
Unknown_0013	_soundFileFormat	GNSoundFileFormat
Unknown_0013	_volumeScale	float
Unknown_0017	_framePath	GNDrawPath
Unknown_0017	_isIndetermined	bool @0x39
Unknown_0017	_title	GNString
Unknown_0017	_value	float
Unknown_0018	_animationImage	GNImage
Unknown_0018	_animationLevel	float
Unknown_0018	_animationOffset	GNRect
Unknown_0018	_destinationFrame	GNRect
Unknown_0018	_duration	double
Unknown_0018	_removing	bool
Unknown_0018	_selectedIndex	GNInt
Unknown_0018	_sourceFrame	GNRect
Unknown_0019	_actionName	GNString
Unknown_0019	_allowsInividualRowHeights	bool
Unknown_0019	_assciiExportEnabled	bool
Unknown_0019	_autoexpandingRow	GNInt
Unknown_0019	_autoresizesAllColumnsToFit	bool
Unknown_0019	_autoscrollAmount	GNCoord
Unknown_0019	_cells	GNList
Unknown_0019	_changedSelectionNotificationsDisabled	GNInt
Unknown_0019	_changedSelectionNotificationsPrevented	bool
Unknown_0019	_clickCount	GNInt
Unknown_0019	_columnHidingAllowed	bool
Unknown_0019	_columnReorderingAllowed	bool
Unknown_0019	_columnResizingAllowed	bool
Unknown_0019	_didGetMouseDownFromCell	bool
Unknown_0019	_doubleClickActionName	GNString
Unknown_0019	_dragEnabled	bool
Unknown_0019	_dragSelectionEnabled	bool
Unknown_0019	_drawsHorizontalGrid	bool
Unknown_0019	_drawsTrackedCell	bool
Unknown_0019	_drawsVerticalGrid	bool
Unknown_0019	_dropEnabled	bool
Unknown_0019	_dropFeedback	GNTableViewDropFeedback
Unknown_0019	_dropLocation	GNPoint
Unknown_0019	_editingColumnIndex	GNInt
Unknown_0019	_editingRowIndex	GNInt
Unknown_0019	_expandDirection	GNEdge
Unknown_0019	_explititlySelectedRows	GNData
Unknown_0019	_focusedColumnIndex	GNInt
Unknown_0019	_focusedRow	GNInt
Unknown_0019	_focusedRowIndex	GNInt
Unknown_0019	_highlightDropTarget	bool
Unknown_0019	_indentationPerLevel	GNCoord
Unknown_0019	_intercellSpacing	GNSize
Unknown_0019	_isColumnSelectionEnabled	bool
Unknown_0019	_isVertical	bool
Unknown_0019	_itemRects	GNData
Unknown_0019	_lastSelectedRow	GNInt
Unknown_0019	_loadedWindowMinSize	GNSize
Unknown_0019	_mouseTrackingPrototypeRect	GNRect
Unknown_0019	_mouseTrackingValueColumnIndex	GNInt
Unknown_0019	_mouseTrackingValueRowIndex	GNInt
Unknown_0019	_multipleSelectionAllowed	bool
Unknown_0019	_needsReload	bool
Unknown_0019	_postSelectionRow	GNInt
Unknown_0019	_prototypeIsTrackingMouseDown	bool
Unknown_0019	_requiresObjectsForLoadingUI	bool
Unknown_0019	_rowCount	GNInt
Unknown_0019	_rowHeight	GNCoord
Unknown_0019	_rowReorderingAllowed	bool
Unknown_0019	_rowStates	GNData
Unknown_0019	_selectedIndexes	GNData
Unknown_0019	_selectedRows	GNData
Unknown_0019	_selectedSubtoolIndex	GNInt
Unknown_0019	_selectedToolIndex	GNInt
Unknown_0019	_selectionEnabled	bool
Unknown_0019	_showsCheckMarks	bool
Unknown_0019	_showsSubitemIndicatorForEmptyEntries	bool
Unknown_0019	_sortingDisabled	GNInt
Unknown_0019	_subclassIsForwardingMouseEvent	bool
Unknown_0019	_takesFrameSizeFromUI	bool
Unknown_0019	_textAlignment	GNTextAlignment
Unknown_0019	_trimMargins	GNSize
Unknown_0019	_trimsLoadedView	bool
Unknown_0019	_uiName	GNString
Unknown_0019	_updateDisplayDisabled	GNInt
Unknown_0019	_usesSubviewsForCells	bool
Unknown_0019	_valueLists	GNList
Unknown_0019	_yOffsets	GNData
Unknown_001a	_actionIndex	GNInt
Unknown_001a	_actionName	GNString
Unknown_001a	_allowedScreenFrame	GNRect
Unknown_001a	_alternateTitle	GNString
Unknown_001a	_aspect	GNString
Unknown_001a	_cancelTitle	GNString
Unknown_001a	_cellSize	GNSize
Unknown_001a	_colorStore	GNDictionary
Unknown_001a	_contextMenusRect	GNRect
Unknown_001a	_controlTextColor	GNColor
Unknown_001a	_defaults	GNList
Unknown_001a	_enabled	bool
Unknown_001a	_flashingIntensity	float
Unknown_001a	_ignoreSystemKeyEvents	bool
Unknown_001a	_infoText	GNString
Unknown_001a	_isDisplaying	bool
Unknown_001a	_isEnabled	bool
Unknown_001a	_isHighlightingSubTools	bool
Unknown_001a	_isRunning	bool
Unknown_001a	_isRunningModal	bool
Unknown_001a	_isSubtool	bool
Unknown_001a	_key	GNString
Unknown_001a	_keyIsPropertyCache	GNInt
Unknown_001a	_keyboardShortCut	GNString
Unknown_001a	_logFilePath	GNFilePath
Unknown_001a	_m11	float
Unknown_001a	_m12	float
Unknown_001a	_m21	float
Unknown_001a	_m22	float
Unknown_001a	_menus	GNDictionary
Unknown_001a	_menusWithShortCutsOnly	GNDictionary
Unknown_001a	_mouseOverIntensity	float
Unknown_001a	_name	GNString
Unknown_001a	_okTitle	GNString
Unknown_001a	_providesPreferences	bool
Unknown_001a	_sendsNotificationActionsOnOpenAndClose	bool
Unknown_001a	_showsSelectedTool	bool
Unknown_001a	_state	GNAppearanceState
Unknown_001a	_subtoolsRect	GNRect
Unknown_001a	_tX	float
Unknown_001a	_tY	float
Unknown_001a	_title	GNString
Unknown_001a	_toolBoxRect	GNRect
Unknown_001a	_toolTip	GNString
Unknown_001a	_toolbarActions	GNDictionary
Unknown_001a	_trackingState	GNActionTrackingState
Unknown_001a	_userInfo	GNDictionary
Unknown_001a	_valueTransformerName	GNString
Unknown_001b	_activationTrackingChangesDidFail	bool
Unknown_001b	_alpha	float
Unknown_001b	_alternateImage	GNImage
Unknown_001b	_angle	float @0x44
Unknown_001b	_argb	UInt32
Unknown_001b	_autoscrollingEnabled	bool
Unknown_001b	_backgroundColor	GNColor
Unknown_001b	_bindingsDict	GNDictionary
Unknown_001b	_blue	float
Unknown_001b	_borderStyle	GNBorderStyle
Unknown_001b	_bottomBorderType	GNClipViewBorderType
Unknown_001b	_bottomBorderVisibility	float
Unknown_001b	_bounds	GNRect
Unknown_001b	_contentRect	GNRect
Unknown_001b	_contentScaleFactor	float
Unknown_001b	_cursorChangeBlocked	bool
Unknown_001b	_decreaseButtonPressed	bool
Unknown_001b	_didReceiveKeyEvent	bool
Unknown_001b	_didUpdate	bool
Unknown_001b	_disabledImage	GNImage
Unknown_001b	_drawsBackground	bool
Unknown_001b	_enabled	bool
Unknown_001b	_fixSize	bool @0x40
Unknown_001b	_fontDescription	GNFontDescription
Unknown_001b	_gradientType	GNGradientType
Unknown_001b	_graphicsContextScrollingDisabled	bool
Unknown_001b	_green	float
Unknown_001b	_image	GNImage
Unknown_001b	_increaseButtonPressed	bool
Unknown_001b	_intercellSpacing	GNSize
Unknown_001b	_invalidRects	GNData
Unknown_001b	_isAutofreezeUndoManagerEnabled	bool
Unknown_001b	_isEstablished	bool
Unknown_001b	_isFineTuning	bool
Unknown_001b	_isForwardingActionToMainResponer	bool
Unknown_001b	_isForwardingDraggingInfoToDocumentView	bool
Unknown_001b	_isForwardingMouseEventsToDocumentView	bool
Unknown_001b	_isKeyRootView	bool
Unknown_001b	_isLeaf	bool
Unknown_001b	_isLoaded	bool
Unknown_001b	_isMultipleSelectionSupported	bool
Unknown_001b	_isSolid	bool
Unknown_001b	_isTextInputEventRequested	bool
Unknown_001b	_isTrackingAllChanges	bool
Unknown_001b	_isTrackingChanges	bool
Unknown_001b	_keyEventHandling	GNAtomicKeyEventHandling
Unknown_001b	_knobProportion	float
Unknown_001b	_leftBorderType	GNClipViewBorderType
Unknown_001b	_leftBorderVisibility	float
Unknown_001b	_loaded	bool
Unknown_001b	_localizesTitle	bool
Unknown_001b	_margins	GNData
Unknown_001b	_matrixMode	GNControlMatrixMode
Unknown_001b	_matrixSize	GNSize
Unknown_001b	_maxFloatValue	float
Unknown_001b	_minFloatValue	float
Unknown_001b	_objectIsEdited	bool
Unknown_001b	_objectsKey	GNString
Unknown_001b	_pressedImage	GNImage
Unknown_001b	_red	float
Unknown_001b	_renderingStyle	GNRenderingStyle
Unknown_001b	_resourceName	GNString
Unknown_001b	_rightBorderType	GNClipViewBorderType
Unknown_001b	_rightBorderVisibility	float
Unknown_001b	_scalingMask	GNInt
Unknown_001b	_selector	GNString
Unknown_001b	_sheetControllerLoadedAutoresizingMask	GNAutoResizingMask
Unknown_001b	_sheetControllerLoadedSize	GNSize
Unknown_001b	_shouldResetComboBoxOnSubjectChanged	bool
Unknown_001b	_suggestedCellSize	GNSize
Unknown_001b	_textColor	GNColor
Unknown_001b	_textFieldWasEditable	bool
Unknown_001b	_title	GNString
Unknown_001b	_titleKey	GNString
Unknown_001b	_topBorderType	GNClipViewBorderType
Unknown_001b	_topBorderVisibility	float
Unknown_001b	_wasTextInputEventRequested	bool
Unknown_001b	_width	GNCoord
Unknown_001c	_autofetchEnabled	bool
Unknown_001c	_autoselectNewObjects	bool
Unknown_001c	_autoselectObjects	bool
Unknown_001c	_changeKindMask	GNInt
Unknown_001c	_clickCount	GNInt
Unknown_001c	_currentBatchIndex	GNInt
Unknown_001c	_editedKey	GNString
Unknown_001c	_emtpySelectionAllowed	bool
Unknown_001c	_enclosingRect	GNRect
Unknown_001c	_enclosingRectValid	bool
Unknown_001c	_fetchesOnDemand	bool
Unknown_001c	_format	GNString
Unknown_001c	_formatters	GNDictionary
Unknown_001c	_height	GNCoord
Unknown_001c	_heightOffset	GNCoord
Unknown_001c	_hidesRelationships	bool
Unknown_001c	_hidesTransientProperties	bool
Unknown_001c	_hotSpot	GNPoint
Unknown_001c	_isAddingObjectsEnabled	bool
Unknown_001c	_isFilledWithWhiteColor	bool
Unknown_001c	_isOpaque	bool
Unknown_001c	_isPrinting	bool
Unknown_001c	_isRemovingObjectsEnabled	bool
Unknown_001c	_isResourceOwnedByAppearance	bool
Unknown_001c	_isRunningModal	bool
Unknown_001c	_isStencil	bool
Unknown_001c	_keyFlags	GNKeyFlags
Unknown_001c	_keySequence	GNString
Unknown_001c	_keyTitle	GNString
Unknown_001c	_lastSelectedRow	GNInt
Unknown_001c	_locationInWindow	GNPoint
Unknown_001c	_magnification	float
Unknown_001c	_metrics	GNSize *
Unknown_001c	_mouseButton	GNMouseButton
Unknown_001c	_mouseLocation	GNPoint
Unknown_001c	_mouseWheelAxis	GNMouseWheelAxis
Unknown_001c	_mouseWheelDelta	float
Unknown_001c	_name	GNString
Unknown_001c	_nullTitle	GNString
Unknown_001c	_numberOfObjectsPerBatch	GNInt
Unknown_001c	_objectsValueKey	GNString
Unknown_001c	_operation	GNDragOperation
Unknown_001c	_pixelsPerPoint	float
Unknown_001c	_reduceTolerance	float
Unknown_001c	_resourceName	GNString
Unknown_001c	_revertsObjectsByKeepingGlobalIDs	bool
Unknown_001c	_revertsObjectsByRefetching	bool
Unknown_001c	_rotation	float
Unknown_001c	_selectionDidUpdateAssociations	bool
Unknown_001c	_size	GNSize
Unknown_001c	_states	GNList
Unknown_001c	_storage	GNData
Unknown_001c	_style	GNFontStyleMask
Unknown_001c	_takeValuesContinuously	bool
Unknown_001c	_title	GNString
Unknown_001c	_type	GNEventType
Unknown_001c	_unusedColor	GNColor
Unknown_001c	_userInfo	GNDictionary
Unknown_001c	_valuePointer	GNValue
Unknown_001c	_wasEditableAtEstablish	bool
Unknown_001c	_yOffsetForVerticalCenterTextAlignment	GNCoord
Unknown_001d	_actionName	GNString
Unknown_001d	_allowsMultipleSelection	bool
Unknown_001d	_ascender	float
Unknown_001d	_autoenablesItems	bool
Unknown_001d	_backgroundColor	GNColor
Unknown_001d	_borderStyle	GNBorderStyle
Unknown_001d	_canChooseDirectory	bool
Unknown_001d	_canChooseFile	bool
Unknown_001d	_characterRange	GNRange
Unknown_001d	_count	short
Unknown_001d	_data	GNData
Unknown_001d	_defaultButtonTitle	GNString
Unknown_001d	_descender	float
Unknown_001d	_displayGroupName	GNString
Unknown_001d	_dragEnabled	bool
Unknown_001d	_dropEnabled	bool
Unknown_001d	_filePath	GNFilePath
Unknown_001d	_image	GNImage
Unknown_001d	_imageAlignment	GNImageAlignment
Unknown_001d	_imageScaling	GNImageScaling
Unknown_001d	_inspectors	GNDictionary
Unknown_001d	_installed	bool
Unknown_001d	_isChecked	bool
Unknown_001d	_isEnabled	bool
Unknown_001d	_isMainMenu	bool
Unknown_001d	_isReloadingOutlineView	bool
Unknown_001d	_isRunning	bool
Unknown_001d	_isRunningAsSheet	bool
Unknown_001d	_isSettingUpMaintainedDisplayGroup	bool
Unknown_001d	_keyEquivalent	GNString
Unknown_001d	_lineSpacing	GNCoord
Unknown_001d	_localizationHint	GNString
Unknown_001d	_localizesTitle	bool
Unknown_001d	_name	GNString
Unknown_001d	_private	GNParagraphLayoutLinePrivate
Unknown_001d	_rect	GNRect
Unknown_001d	_selectedTypeName	GNString
Unknown_001d	_sendsActionRegardlessOfSubmenu	bool
Unknown_001d	_sendsActionsAsynchronously	bool
Unknown_001d	_size	GNSize
Unknown_001d	_skipReordering	bool
Unknown_001d	_stencilColor	GNColor
Unknown_001d	_tag	GNInt
Unknown_001d	_textAlignment	GNTextAlignment
Unknown_001d	_title	GNString
Unknown_001d	_userInfo	GNDictionary
Unknown_001e	_allowedFrame	GNRect
Unknown_001e	_attributesAreValid	bool
Unknown_001e	_autoscrollingKind	GNSplitViewAutoscrollingKind
Unknown_001e	_borderStyle	GNBorderStyle
Unknown_001e	_canCollapse	bool
Unknown_001e	_cancelEnabled	bool
Unknown_001e	_characterFormatRuns	GNList
Unknown_001e	_closeAfterDelayIsActivated	bool
Unknown_001e	_dataSources	GNDictionary
Unknown_001e	_defaultFiletype	GNFileType
Unknown_001e	_defaultKeySequences	GNDictionary
Unknown_001e	_defaultLastPathComponentWithoutExtension	GNString
Unknown_001e	_defaultsTitle	GNString
Unknown_001e	_delay	GNTimeInterval
Unknown_001e	_dividerRect	GNRect
Unknown_001e	_doesResendSelectedItem	bool
Unknown_001e	_geometryPreferencesKey	GNString
Unknown_001e	_hidesArrow	bool
Unknown_001e	_highlightsMenuRegion	bool
Unknown_001e	_highlightsMenuRegionAlpha	float
Unknown_001e	_ignoredActionNames	GNList
Unknown_001e	_isCollapsed	bool
Unknown_001e	_isDefaultScreen	bool
Unknown_001e	_isEditable	bool
Unknown_001e	_isLoaded	bool
Unknown_001e	_isReceivingProvidedData	bool
Unknown_001e	_isUpdatingUI	bool
Unknown_001e	_isVertical	bool
Unknown_001e	_keepsSpaceForWindowResizeButton	bool
Unknown_001e	_keySequences	GNDictionary
Unknown_001e	_location	GNInt
Unknown_001e	_maxSize	GNSize
Unknown_001e	_minSize	GNSize
Unknown_001e	_moveXAllowed	bool
Unknown_001e	_moveYAllowed	bool
Unknown_001e	_notEditedKeySequences	GNDictionary
Unknown_001e	_nullValueString	GNString
Unknown_001e	_objectsKey	GNString
Unknown_001e	_observerRegistered	bool
Unknown_001e	_preferesResizing	bool
Unknown_001e	_private	GNParagraphLayoutPrivate
Unknown_001e	_progress	float
Unknown_001e	_rect	GNRect
Unknown_001e	_rulerHeaderLocation	GNRulerHeaderLocation
Unknown_001e	_selectedIndex	GNInt
Unknown_001e	_sendsActionOnClick	bool
Unknown_001e	_shouldLoadItemsOnSubjectChanged	bool
Unknown_001e	_shouldSortObjects	bool
Unknown_001e	_shouldStop	bool
Unknown_001e	_sizeXAllowed	bool
Unknown_001e	_sizeYAllowed	bool
Unknown_001e	_string	GNString
Unknown_001e	_substringRange	GNRange
Unknown_001e	_tileDisabled	GNInt
Unknown_001e	_titleKey	GNString
Unknown_001e	_validCharacterRange	GNRange
Unknown_001e	_validationHints	GNDictionary
Unknown_001e	_valueIsInvalid	bool
Unknown_001f	_additionalTitle	GNString
Unknown_001f	_backgroundColor	GNColor
Unknown_001f	_cancelsEditingWhenResigningFirstResponder	bool
Unknown_001f	_completion	GNString
Unknown_001f	_controlMode	GNTabViewControlMode
Unknown_001f	_cursorBlinkState	bool
Unknown_001f	_dataPrototypeTracksMouseDown	bool
Unknown_001f	_deleteButtonEnabled	bool
Unknown_001f	_disableAutoreload	bool
Unknown_001f	_dragAndEditEnabled	bool
Unknown_001f	_drawsBackground	bool
Unknown_001f	_editable	bool
Unknown_001f	_foregroundColor	GNColor
Unknown_001f	_identifier	GNObject
Unknown_001f	_indent	GNCoord
Unknown_001f	_isAccpectingInvalidValuesWhenFinishingEditing	bool
Unknown_001f	_isBordered	bool
Unknown_001f	_isCloseEnabled	bool
Unknown_001f	_isEditable	bool
Unknown_001f	_isEditing	bool
Unknown_001f	_isEditingByDragging	bool
Unknown_001f	_isEnabled	bool
Unknown_001f	_isFieldEditor	bool
Unknown_001f	_isFinishing	bool
Unknown_001f	_isHorizontallyResizable	bool
Unknown_001f	_isObjectListOrdered	bool
Unknown_001f	_isRelativeEditingEnabled	bool
Unknown_001f	_isReorderingAllowed	bool
Unknown_001f	_isSelectable	bool
Unknown_001f	_isSendingActionsWhileTyping	bool
Unknown_001f	_isSorting	bool
Unknown_001f	_isTrackingValueChanges	bool
Unknown_001f	_isValidatingWhileTyping	bool
Unknown_001f	_isVerticallyResizable	bool
Unknown_001f	_lastMouseOverIndex	GNInt
Unknown_001f	_localizationHint	GNString
Unknown_001f	_localizesTitle	bool
Unknown_001f	_maskCharacters	bool
Unknown_001f	_maxWidth	GNCoord
Unknown_001f	_minWidth	GNCoord
Unknown_001f	_multipleSortingColumnsEnabled	bool @0x29
Unknown_001f	_pressedDirection	GNInt
Unknown_001f	_selectOnlyCompleteContent	bool
Unknown_001f	_selectedRange	GNRange
Unknown_001f	_selectionState_clickCount	GNInt
Unknown_001f	_selectionState_mouseDownLoaction	GNPoint
Unknown_001f	_selectionState_startIndex	GNInt
Unknown_001f	_shouldUseFormatterToSort	bool
Unknown_001f	_showsCloseButtons	bool
Unknown_001f	_smartInsertDeleteEnabled	bool
Unknown_001f	_sortOrderDirection	GNSortOrderDirection
Unknown_001f	_sortingAllowed	bool
Unknown_001f	_tabHeight	GNCoord
Unknown_001f	_textAlignment	GNTextAlignment
Unknown_001f	_textMargins	GNSize
Unknown_001f	_title	GNString
Unknown_001f	_usageIndicatorImage	GNImage
Unknown_001f	_wasClicked	bool
Unknown_001f	_width	GNCoord
Unknown_0020	_actionName	GNString
Unknown_0020	_ballFillColor	GNColor
Unknown_0020	_ballWidgetFillColor	GNColor
Unknown_0020	_blackColor	GNColor
Unknown_0020	_buttonBackgroundColor	GNColor
Unknown_0020	_cascadeWindows	bool
Unknown_0020	_circularSliderRangeFactor	float
Unknown_0020	_closesWindowControllerWhenPerformingClose	bool
Unknown_0020	_contentSize	GNSize
Unknown_0020	_controlBorderColor	GNColor
Unknown_0020	_controlGraveColor	GNColor
Unknown_0020	_controlWidgetColor	GNColor
Unknown_0020	_currentDescValues	GNDictionary
Unknown_0020	_darkGrayColor	GNColor
Unknown_0020	_dataFieldBackgroundColor	GNColor
Unknown_0020	_didHandledLastKeyDown	bool
Unknown_0020	_didMissClassDescription	bool
Unknown_0020	_disabledBallFillColor	GNColor
Unknown_0020	_disabledBallWidgetFillColor	GNColor
Unknown_0020	_disabledButtonBackgroundColor	GNColor
Unknown_0020	_disabledControlBorderColor	GNColor
Unknown_0020	_disabledControlWidgetColor	GNColor
Unknown_0020	_disabledTextFieldBackgroundColor	GNColor
Unknown_0020	_dividersDrawHandle	bool
Unknown_0020	_documentEdited	bool
Unknown_0020	_drawPathCache	GNDictionary
Unknown_0020	_extendsSizeToEnclosedClipView	bool
Unknown_0020	_graveBorderColor	GNColor
Unknown_0020	_graveTopBorderColor	GNColor
Unknown_0020	_hasNotPropagatedChanges	bool
Unknown_0020	_horizontalScrollerHeight	float
Unknown_0020	_identifier	GNString
Unknown_0020	_innerShadowDepth	GNCoord
Unknown_0020	_interpretTabAsKeyboardNavigation	bool
Unknown_0020	_isAutoresizingOnEditing	bool
Unknown_0020	_isAutoscrollingSelectionToVisible	bool
Unknown_0020	_isDisplaying	bool
Unknown_0020	_isDisplayingToBuffer	bool
Unknown_0020	_isEnabled	bool
Unknown_0020	_isHeightSizable	bool
Unknown_0020	_isSettingContentSize	GNInt
Unknown_0020	_isWidthSizable	bool
Unknown_0020	_keyboardFocusIndicatorColor	GNColor
Unknown_0020	_lightGrayColor	GNColor
Unknown_0020	_loadingFilePath	GNFilePath
Unknown_0020	_localizationHint	GNString
Unknown_0020	_localizesString	bool
Unknown_0020	_localizesTitle	bool
Unknown_0020	_mainFocusIndicatorColor	GNColor
Unknown_0020	_makesFilesOwnerAWindowController	bool
Unknown_0020	_maskCharacters	bool
Unknown_0020	_maxContentSize	GNSize
Unknown_0020	_menuBackgroundColor	GNColor
Unknown_0020	_menuSelectedTextBackgroundColor	GNColor
Unknown_0020	_minContentSize	GNSize
Unknown_0020	_mouseDownFlags	GNInt
Unknown_0020	_mouseDownLocation	GNPoint
Unknown_0020	_namedObjects	GNDictionary
Unknown_0020	_needsToBeEstablished	bool
Unknown_0020	_objectCustomAttributes	GNDictionary
Unknown_0020	_objectCustomClassNames	GNDictionary
Unknown_0020	_objectNames	GNDictionary
Unknown_0020	_originalWindowSize	GNSize
Unknown_0020	_overviewScrollerFillColor	GNColor
Unknown_0020	_overviewScrollerStrokeColor	GNColor
Unknown_0020	_ownsTarget	bool
Unknown_0020	_panelButtonBorderRadius	GNCoord
Unknown_0020	_preferredCursorLineIndex	GNInt
Unknown_0020	_pressedButtonBackgroundColor	GNColor
Unknown_0020	_propagatesChangesOnClose	bool
Unknown_0020	_propertyName	GNString
Unknown_0020	_radioButtonBackgroundColor	GNColor
Unknown_0020	_repeating	bool
Unknown_0020	_roundedButtonBorderRadius	GNCoord
Unknown_0020	_scrollerBackgroundColor	GNColor
Unknown_0020	_scrollerBorderRadius	GNCoord
Unknown_0020	_scrollerKnobBackgroundColor	GNColor
Unknown_0020	_scrollerKnobMargin	GNCoord
Unknown_0020	_scrollerMargin	GNCoord
Unknown_0020	_scrollersHaveBorder	bool
Unknown_0020	_scrollersHaveButtons	bool
Unknown_0020	_selectOnlyCompleteContent	bool
Unknown_0020	_selectedButtonBackgroundColor	GNColor
Unknown_0020	_selectedControlWidgetBorderColor	GNColor
Unknown_0020	_selectedControlWidgetColor	GNColor
Unknown_0020	_selectedTextBackgroundColor	GNColor
Unknown_0020	_selectedTextColor	GNColor
Unknown_0020	_selectionState_mouseDownSelectedRange	GNRange
Unknown_0020	_selectionState_stopIndex	GNInt
Unknown_0020	_separatorBorderFillColor	GNColor
Unknown_0020	_separatorBorderRadius	GNCoord
Unknown_0020	_shadowColor	GNColor
Unknown_0020	_sliderLineThickness	GNCoord
Unknown_0020	_spacerColor	GNColor
Unknown_0020	_squareButtonBorderRadius	GNCoord
Unknown_0020	_styleMask	GNWindowStyleMask
Unknown_0020	_textColor	GNColor
Unknown_0020	_textFieldBackgroundColor	GNColor
Unknown_0020	_textFieldBorderRadius	GNCoord
Unknown_0020	_title	GNString
Unknown_0020	_uneditableTextFieldBackgroundColor	GNColor
Unknown_0020	_userData	void *
Unknown_0020	_valueIsInvalid	bool
Unknown_0020	_verticalScrollerWidth	float
Unknown_0020	_whiteColor	GNColor
Unknown_0020	_windowBackgroundColor	GNColor
Unknown_0020	_windowFillBorderColor	GNColor
Unknown_0020	_windowFillCenterColor	GNColor
Unknown_0021	_displayDelay	double
Unknown_0021	_hideDelay	double
Unknown_0021	_isRunningModally	bool
Unknown_0021	_otherGraveBorderColor	GNColor
Unknown_0021	_referenceRect	GNRect
Unknown_0021	_startTime	double
Unknown_0021	_tabIndex	GNInt
Unknown_0021	_toolTipLocation	GNToolTipLocation
Unknown_0021	_toolTipMouseLocation	GNPoint
Unknown_0021	_topGraveBorderColor	GNColor
Unknown_0021	_visibleDelay	double
Unknown_0026	_centerLayout	MDToolbarLayouter
Unknown_0026	_editedQuarter	GNFraction
Unknown_0026	_highlightAlpha	float
Unknown_0026	_highlightAnimation	GNAnimation
Unknown_0026	_highlightQuarter	GNFraction
Unknown_0026	_highlightsBarsOnly	bool
Unknown_0026	_isMoving	bool
Unknown_0026	_isStretching	bool
Unknown_0026	_lastSelectedRangeEnd	GNFraction
Unknown_0026	_lastSelectedRangeStart	GNFraction
Unknown_0026	_leftLayout	MDToolbarLayouter
Unknown_0026	_mergesSegmentsAtBorders	bool
Unknown_0026	_rightLayout	MDToolbarLayouter
Unknown_0026	_selectedRangeEnd	GNFraction
Unknown_0026	_selectedRangeStart	GNFraction
Unknown_0026	_showsEditorBar	bool
Unknown_0027	_allowGaps	bool
Unknown_0027	_ampFactorsOfOriginalElements	GNDictionary
Unknown_0027	_autoanalyzesSplitsAndJoins	bool
Unknown_0027	_canFindLessModes	bool
Unknown_0027	_canFindMoreModes	bool
Unknown_0027	_detectsChurchModes	bool
Unknown_0027	_detectsDetailedModeChanges	bool
Unknown_0027	_editRatiosOfElements	GNDictionary
Unknown_0027	_hasChanges	bool
Unknown_0027	_hasOmittedThirds	bool
Unknown_0027	_hiLevelingPower	float
Unknown_0027	_isEditable	bool
Unknown_0027	_isEditingSequence	bool
Unknown_0027	_loLevelingPower	float
Unknown_0027	_modesCountDirection	GNInt
Unknown_0027	_previewsChords	bool
Unknown_0027	_previewsKeys	bool
Unknown_0027	_showsDegrees	bool
Unknown_0027	_showsFunctions	bool
Unknown_0027	_splitAndEdit	bool
Unknown_0027	_splitsOnBars	bool
Unknown_0027	_timer	GNTimer
Unknown_0027	_titleRects	GNDictionary
Unknown_0027	_tuningIsEditable	bool
Unknown_0027	_visibleRange	GNDoubleRange
Unknown_002b	_duration	double
Unknown_002b	_filePath	GNFilePath
Unknown_002b	_isCanceled	bool
Unknown_002b	_preparedCondition	bool
Unknown_002b	_progress	float
Unknown_002b	_progressFactor	float
Unknown_002b	_progressOffset	float
Unknown_002b	_sync	GNLock
Unknown_002b	_title	GNString
Unknown_002d	_location	MDProjectAudioSourceLocation
Unknown_002d	_status	MDProjectAudioSourceStatus
Unknown_002f	_cursorWasVisible	bool
Unknown_002f	_cursorXCoord	GNCoord
Unknown_002f	_followCursorState	MUFollowCursorState
Unknown_002f	_forwardDragging	bool
Unknown_002f	_isBeatGrid	bool
Unknown_002f	_isDimSlider	bool
Unknown_002f	_isPlayingBack	bool
Unknown_002f	_knobBorderStyle	GNBorderStyle
Unknown_002f	_knobOnlyHitDetection	bool
Unknown_002f	_lastValue	float
Unknown_002f	_meterInfo	GNData
Unknown_002f	_postChangesDisabled	GNInt
Unknown_002f	_showSecondsToo	bool
Unknown_0030	_amplitudeFloats	GNData
Unknown_0030	_animateZoomToTimeProgress	float
Unknown_0030	_cachePath	GNDrawPath
Unknown_0030	_canReorderItems	bool
Unknown_0030	_canTransfer	GNInt
Unknown_0030	_cursorTime	double
Unknown_0030	_destTimeRange	GNDoubleRange
Unknown_0030	_destinationHeight	float
Unknown_0030	_displayMode	MUMultiTrackDisplayMode
Unknown_0030	_dividerWidth	float
Unknown_0030	_formatter	GNNumberFormatter
Unknown_0030	_headerWidth	float
Unknown_0030	_height	float
Unknown_0030	_highlightAlpha	float
Unknown_0030	_highlightColor	GNColor
Unknown_0030	_ignoreTimeMapperChanges	GNInt
Unknown_0030	_isSelected	bool
Unknown_0030	_lastRecordingUpdate	double
Unknown_0030	_progress	float
Unknown_0030	_progressInfo	GNString
Unknown_0030	_rebuildEnvelopeTime	double
Unknown_0030	_rubberBandDrawPath	GNDrawPath
Unknown_0030	_rubberBandRect	GNRect
Unknown_0030	_savedTrackValues	GNDictionary
Unknown_0030	_showsProgress	bool
Unknown_0030	_showsSnapTimes	bool
Unknown_0030	_snapTimes	GNList
Unknown_0030	_startTimeRange	GNDoubleRange
Unknown_0030	_trackHeaderWidth	float
Unknown_0030	_trackItemType	MDAudioTrackItemType
Unknown_0030	_trackObjectCount	GNInt
Unknown_0030	_transferButtonActive	bool
Unknown_0030	_updateViewPositionDisabled	bool
Unknown_0031	_cachePath	GNDrawPath
Unknown_0035	_endIndex	GNInt
Unknown_0035	_explicitSelectedIndicies	GNData
Unknown_0035	_startIndex	GNInt
Unknown_0038	_browserItem	MUBrowserItem
Unknown_0038	_didRequestPlayBack	bool
Unknown_0038	_filePath	GNFilePath
Unknown_0038	_isPlaybackButtonPressed	bool
Unknown_0038	_lastShouldObserverOurselfTime	double
Unknown_0039	_autoStretchesIfNeeded	bool
Unknown_0039	_definesTempoIfNeeded	bool
Unknown_0039	_insertQuarter	GNFraction
Unknown_0039	_insertTime	double
Unknown_0039	_isDocumentUnstable	bool
Unknown_003b	_tempoFormatter	GNNumberFormatter
Unknown_003b	_timeFormatter	GNNumberFormatter
Unknown_0046	_blobEditingEnabled	bool
Unknown_0046	_canTransfer	GNInt
Unknown_0046	_currentAraTempo	float
Unknown_0046	_currentTempo	float
Unknown_0046	_inDetectionEditorMode	bool
Unknown_0046	_inSync	GNImage
Unknown_0046	_lastStringValue	GNString
Unknown_0046	_outOfSync	GNImage
Unknown_0046	_specifyModificationTempo	bool
Unknown_0046	_specifyModificationTempoValue	double
Unknown_0046	_tempoFormatter	GNNumberFormatter
Unknown_0046	_transferButtonActive	bool
Unknown_0046	_updateReduction	GNInt
Unknown_0047	_currentSignature	MUBarSignature
Unknown_0047	_currentTempo	double
Unknown_0047	_currentTempoIsConstant	bool
Unknown_0047	_doUpdate	double
Unknown_0047	_endQuarter	GNFraction
Unknown_0047	_endTime	double
Unknown_0047	_groupCount	GNInt
Unknown_0047	_lastTime	double
Unknown_0047	_startQuarter	GNFraction
Unknown_0047	_startTime	double
Unknown_0047	_updateHelper	double
Unknown_004b	_align	MDLayoutAlign
Unknown_004f	_setVolume	unknown @0x44
Unknown_0050	_backgroundColor	GNColor
Unknown_0050	_contextMenuCopy	GNMenu
Unknown_0050	_drawsBackground	bool
Unknown_0050	_foregroundColor	GNColor
Unknown_0050	_highlightGuideTime	double
Unknown_0050	_highlightLevel	float
Unknown_0050	_isEditingDetection	bool
Unknown_0050	_selectedTimeRange	GNDoubleRange
Unknown_0050	_showsHighlightGuides	bool
Unknown_0050	_showsReplaceRanges	bool
Unknown_0053	_amplitudeScaleFactor	float
Unknown_0053	_editorDescription	MDEditorDescription
Unknown_0053	_formant	float
Unknown_0053	_formantRange	float
Unknown_0053	_isCycling	bool
Unknown_0053	_pitch	float
Unknown_0053	_pitchRange	float
Unknown_0053	_recordingDirectory	GNFilePath
Unknown_0053	_trackIndex	GNInt
Unknown_0053	_viewSettings	MDViewSettings
Unknown_0053	_visiblePitchRangeLength	float
Unknown_0053	_visiblePitchRangeLocation	float
Unknown_0053	_visibleTimeRangeLength	double
Unknown_0053	_visibleTimeRangeLocation	double
Unknown_0053	_volume	float
Unknown_0053	_wasImported	bool
Unknown_0054	_maxTimeStampCount	GNInt
Unknown_0054	_timeStampCount	GNInt
Unknown_0054	_type	MUTimeContextCreationType
Unknown_0055	_lastIndex	GNInt
Unknown_0055	_maxFloatValue	float
Unknown_0055	_pixelsPerSecond	float
Unknown_0055	_values	GNData
Unknown_0056	_baseURL	GNString
Unknown_0056	_clientCertAsP12Data	GNData
Unknown_0056	_clientCertAsPEMData	GNData
Unknown_0056	_clientCertPassword	GNString
Unknown_0056	_clientInfo	GNDictionary
Unknown_0056	_flags	UInt32
Unknown_0056	_ignoreTrials	bool
Unknown_0056	_ilokOptimizationIndex	GNInt
Unknown_0056	_message	GNString
Unknown_0056	_product	GNSerialNumberProduct
Unknown_0056	_requestTriggerType	GNString
Unknown_0056	_serialNumberDemoProductIDs	GNData
Unknown_0056	_serialNumberProductIDs	GNData
Unknown_0056	_serverHost	GNString
Unknown_0056	_serverProductIDs	GNData
Unknown_0056	_timeout	GNTimeInterval
Unknown_0056	_title	GNString
Unknown_0056	_uniqueid	UInt64
Unknown_0056	_urlToCheckOpen	GNURL
Unknown_0056	_urlToOpen	GNURL
Unknown_0056	_urlToPing	GNString
Unknown_0056	_version	char
Unknown_0056	_versionIsUpToDate	bool
Unknown_0057	_buttonsEnabled	bool
Unknown_0057	_callCancel	bool
Unknown_0057	_categoryName	GNString
Unknown_0057	_classnameOfSelectedTool	GNString
Unknown_0057	_doUnregister	bool
Unknown_0057	_duration	double
Unknown_0057	_editMode	MDEditMode
Unknown_0057	_filePath	GNFilePath
Unknown_0057	_frame	GNRect
Unknown_0057	_freezePostingChanges	GNInt
Unknown_0057	_from	GNValue
Unknown_0057	_inconsistenDocument	bool
Unknown_0057	_info	GNDictionary
Unknown_0057	_interpolationFunction	MDInterpolationFunction
Unknown_0057	_interpolationMethod	MDInterpolationMethod
Unknown_0057	_isEnabled	bool
Unknown_0057	_isRunning	bool
Unknown_0057	_isVisible	bool
Unknown_0057	_lastHandleOpenTrial	double
Unknown_0057	_lastHandleOpenWelcomeURL	double
Unknown_0057	_lastUpdate	double
Unknown_0057	_layerDictionary	GNDictionary
Unknown_0057	_messageToMerge	GNString
Unknown_0057	_mode	MDInspectorModeFlags
Unknown_0057	_playbackMonitoring	float
Unknown_0057	_rating	GNInt
Unknown_0057	_registerOnInstall	bool
Unknown_0057	_scaleRulerViewDisplayMode	MUScaleRulerViewDisplayMode
Unknown_0057	_scaleRulerViewNADisplayMode	MUScaleRulerViewDisplayMode
Unknown_0057	_startTime	double
Unknown_0057	_state	MDLayerState
Unknown_0057	_tempoEditorIsOpen	bool
Unknown_0057	_to	GNValue
Unknown_0057	_unregisterPropertyObservation	bool
Unknown_0057	_url	GNString
Unknown_0057	_uuid	GNString
Unknown_0057	_visiblePitchRangeLength	float
Unknown_0057	_visiblePitchRangeLocation	float
Unknown_0057	_visibleTimeRangeLength	double
Unknown_0057	_visibleTimeRangeLocation	double
Unknown_0058	_collectedAudioComponent	GNList
Unknown_0058	_copyChords	bool
Unknown_0058	_copyScales	bool
Unknown_0058	_copyTempo	bool
Unknown_0058	_currentCent	double
Unknown_0058	_currentImage	GNImage
Unknown_0058	_currentPeriod	double
Unknown_0058	_currentPos	double
Unknown_0058	_currentTimePosition	double
Unknown_0058	_destinationCount	GNInt
Unknown_0058	_directionSongToNA	bool
Unknown_0058	_displayedDuration	double
Unknown_0058	_duration	double
Unknown_0058	_externalValuesDidChange	bool
Unknown_0058	_fileTitle	GNString
Unknown_0058	_groupNameMapping	GNDictionary
Unknown_0058	_iCent	GNInt
Unknown_0058	_ignoresElementOffsetForTransfer	bool
Unknown_0058	_imageHeight	float
Unknown_0058	_imageOffset	GNPoint
Unknown_0058	_isUpdateTimeEnabled	bool
Unknown_0058	_lastPos	double
Unknown_0058	_midiNoteNumber	GNInt
Unknown_0058	_mouseDownValue	float
Unknown_0058	_nameValueMapping	GNHashedDictionary
Unknown_0058	_newNoteCoordinatesInitiated	bool
Unknown_0058	_pixPerCent	float
Unknown_0058	_pixPerPeriod	float
Unknown_0058	_pixPerSecond	float
Unknown_0058	_recordingAnalyzerAudioSourceIndex	GNInt
Unknown_0058	_registerOnInstall	bool
Unknown_0058	_removeAudioSourceComponents	GNDictionary
Unknown_0058	_sameApp	bool
Unknown_0058	_samePerformance	bool
Unknown_0058	_shouldTakeCenterAsCurrentPosition	bool
Unknown_0058	_snaps	bool
Unknown_0058	_startTime	double
Unknown_0058	_tempoView	bool
Unknown_0058	_tempoViewHeight	float
Unknown_0058	_tempoViewY0	float
Unknown_0058	_unregisterPropertyObservation	bool
Unknown_0058	_update	GNInt
Unknown_0058	_updateTimer	GNTimer
Unknown_0059	_borderPath	GNDrawPath
Unknown_0059	_canLoadMDD	bool
Unknown_0059	_canSaveMDD	bool
Unknown_0059	_displayPitchCenterTransition	float
Unknown_0059	_drawingBounds	GNRect
Unknown_0059	_energyClaimFactor	float
Unknown_0059	_envelopeParamsDrawPath	MUEnvelopeDrawPath
Unknown_0059	_envelopeParamsLastUpdateTime	double
Unknown_0059	_envelopeParamsRecDrawPath	MUEnvelopeDrawPath
Unknown_0059	_fadeInDrawPath	GNDrawPath
Unknown_0059	_fadeOutDrawPath	GNDrawPath
Unknown_0059	_feedsbackEnergyClaimFactor	bool
Unknown_0059	_highlightLevel	float
Unknown_0059	_iXMLExists	bool
Unknown_0059	_isElementEditable	bool @0x3f
Unknown_0059	_isHighlighted	bool
Unknown_0059	_isHighlighting	bool
Unknown_0059	_layerCount	GNInt
Unknown_0059	_layerLevel	GNInt
Unknown_0059	_loadsiXML	bool
Unknown_0059	_mddExists	bool
Unknown_0059	_mddGroupFrame	GNRect
Unknown_0059	_needsUpdateFrame	bool
Unknown_0059	_notOnTrack	bool
Unknown_0059	_originalFrame	GNRect
Unknown_0059	_pixelPerCent	float
Unknown_0059	_playingAnimation	float
Unknown_0059	_separateAudioGroupFrame	GNRect
Unknown_0059	_showsPitchCurve	bool
Unknown_0059	_time	double
Unknown_0059	_translation	GNPoint
Unknown_0059	_waveformPath	GNDrawPath
Unknown_005a	_anchorTime	GNNumber
Unknown_005a	_attackActivationRect	GNRect
Unknown_005a	_attackItemLocation	double
Unknown_005a	_attackItemTransparency	float
Unknown_005a	_autoadaptScaleEditsMode	MUAutoadaptScaleEditsMode
Unknown_005a	_commonTimeOffset	double
Unknown_005a	_currentDescriptionType	MUAudioSourceDescriptionType
Unknown_005a	_cursorFreqLinesAscending	bool
Unknown_005a	_cursorPosition	GNPoint
Unknown_005a	_editedMasterElementsCache	GNList
Unknown_005a	_editedSlaveElementsCache	GNList
Unknown_005a	_editingFeedbackPitchCenters	GNDictionary
Unknown_005a	_elementViewsForElementCache	GNHashedDictionary
Unknown_005a	_feebackLowerPitchLimit	float
Unknown_005a	_feebackUpperPitchLimit	float
Unknown_005a	_feedbackActivationQualityLimit	float
Unknown_005a	_freqLineTransparency	float
Unknown_005a	_fromMode	MUScaleRulerViewDisplayMode
Unknown_005a	_highlightedElementDtype	MUAudioSourceDescriptionType
Unknown_005a	_isCorrectPitchPreviewEnabled	bool
Unknown_005a	_isQuantizeTimePreviewEnabled	bool
Unknown_005a	_lastPitchSnapMode	MUPitchSnapMode
Unknown_005a	_matrixCenter	GNPoint
Unknown_005a	_movedCursorPosition	GNPoint
Unknown_005a	_pitchDisplayMode	MUPitchDisplayMode
Unknown_005a	_pitchRulerTitleDisplayMode	MUPitchTitleDisplayMode
Unknown_005a	_pitchSnapMode	MUPitchSnapMode
Unknown_005a	_playingElementsMode	MUPlayingElementsMode
Unknown_005a	_referenceElementViewsForElementCache	GNHashedDictionary
Unknown_005a	_renderStyle	MUDetectionEditorRenderStyle
Unknown_005a	_scaleRulerMode	MUScaleRulerViewDisplayMode
Unknown_005a	_showsCursorFreqLines	bool
Unknown_005a	_showsMatrixEnabled	bool
Unknown_005a	_sourceTimeForPerformanceTime	MUFunction
Unknown_005a	_spectrumRendererVolume	float
Unknown_005a	_timeOffset	double
Unknown_005a	_toMode	MUScaleRulerViewDisplayMode
Unknown_005a	_trackInfo	GNDictionary
Unknown_005b	_animationDidFinishDocumentOffset	GNCoord
Unknown_005b	_animationView	GNAnimationView
Unknown_005b	_archiveInfo	GNDictionary
Unknown_005b	_attachedDetections	GNDictionary
Unknown_005b	_cachePath	GNDrawPath
Unknown_005b	_createdFromSoundfile	bool
Unknown_005b	_cursorTime	double
Unknown_005b	_editorDescriptions	GNDictionary
Unknown_005b	_filepath	GNFilePath
Unknown_005b	_followsHostRegionSelection	bool
Unknown_005b	_fromMode	MUScaleRulerViewDisplayMode
Unknown_005b	_hadChanges	bool
Unknown_005b	_hideSlideRuleViewAimationIsRunning	bool
Unknown_005b	_hostProvidedRecordingFolder	GNFilePath
Unknown_005b	_insertGroupDefinesPerformanceTempo	bool
Unknown_005b	_isBypassing	bool
Unknown_005b	_isComparing	bool
Unknown_005b	_isCycling	bool
Unknown_005b	_isDetectionInProgress	bool
Unknown_005b	_isNewDocument	bool
Unknown_005b	_isPinned	bool
Unknown_005b	_isPressed	bool
Unknown_005b	_jobProgressInfo	GNDictionary
Unknown_005b	_preselectedDirectory	GNFilePath
Unknown_005b	_previousRunningJobs	GNInt
Unknown_005b	_progressInfo	GNString
Unknown_005b	_progressViewStart	double
Unknown_005b	_recentDisplayedJobs	GNList
Unknown_005b	_recordingsInProgress	GNInt
Unknown_005b	_registerOnInstall	bool
Unknown_005b	_scaleRulerViewDisplayMode	MUScaleRulerViewDisplayMode
Unknown_005b	_scrollTrackToVisible	GNInt
Unknown_005b	_shouldDisplayImportedArchiveDialog	bool
Unknown_005b	_shouldDisplayStructureProblemDialog	GNInt
Unknown_005b	_shouldDisplayUnknownArchiveDialog	bool
Unknown_005b	_showSlideRuleViewAimationIsRunning	bool
Unknown_005b	_showsPluginWindowResizeView	bool
Unknown_005b	_showsRegionBorders	bool
Unknown_005b	_signatureEditorView	MUSignatureEditorView
Unknown_005b	_startResizingHeight	float
Unknown_005b	_stretchInsertGroup	bool
Unknown_005b	_stretchInsertStartTime	double
Unknown_005b	_syncEditorAfterTicks	GNInt
Unknown_005b	_syncMultiTrackAfterTicks	GNInt
Unknown_005b	_timelineWasModified	bool
Unknown_005b	_title	GNString
Unknown_005b	_toMode	MUScaleRulerViewDisplayMode
Unknown_005b	_unregisterPropertyObservation	bool
Unknown_005b	_userProvidedRecordingFolder	GNFilePath
Unknown_005b	_viewSettings	MDViewSettings
Unknown_005b	_zoomsToHostRegionSelection	bool
Unknown_005c	_disableZooming	GNInt
Unknown_005c	_displayTimeRange	GNDoubleRange
Unknown_005c	_editMode	MDEditMode
Unknown_005c	_explicitSourceOptions	GNList
Unknown_005c	_followCursor	bool
Unknown_005c	_followCursorOverwritten	bool
Unknown_005c	_lastEditMode	MDEditMode
Unknown_005c	_mode	MDFileBrowserInspectorMode
Unknown_005c	_prelistenFilePath	GNFilePath
Unknown_005c	_prelistenPlaybackControllersByFilePathCache	GNDictionary
Unknown_005c	_showsColumns	bool
Unknown_005c	_showsRegionBorders	bool
Unknown_005c	_startResizingHeight	float
Unknown_005c	_style	bool
Unknown_005c	_tempoEditorMode	MUEditTimelineMode
Unknown_005d	_blockLayout	bool
Unknown_005d	_categoryFilters	GNDictionary
Unknown_005d	_controlsLocalPlayback	bool
Unknown_005d	_cursorTime	double
Unknown_005d	_displayedCategories	GNList
Unknown_005d	_distributedLocalPlayback	bool
Unknown_005d	_doMakeMultiTrackFirstResponder	bool
Unknown_005d	_documentTabPositionAtBottom	bool
Unknown_005d	_drawsIcons	bool
Unknown_005d	_editMode	MDEditMode
Unknown_005d	_fillsBackGround	bool
Unknown_005d	_firstDocumentEntry	GNInt
Unknown_005d	_handlesMouseEvents	bool
Unknown_005d	_hostPlaybackPendingStopTime	double
Unknown_005d	_ignoreHeartBeats	GNInt
Unknown_005d	_image	GNImage
Unknown_005d	_isConfiguringViews	GNInt
Unknown_005d	_lastHostCursorTime	double
Unknown_005d	_lastHostCursorTimeValid	bool
Unknown_005d	_lastLayoutedFrame	GNRect
Unknown_005d	_lastPendingHostCycleUpdateRequestTime	double
Unknown_005d	_mode	GNNumber
Unknown_005d	_modeDisplayedCategories	GNDictionary
Unknown_005d	_nextPerformanceTime	double
Unknown_005d	_nextRenderSampleIndex	SInt64
Unknown_005d	_orderFrontDisable	bool
Unknown_005d	_playbackSetup	MDPlaybackSetup
Unknown_005d	_playbackState	MDPlaybackState
Unknown_005d	_requiresCheckForTabs	bool
Unknown_005d	_showsEditorBar	bool
Unknown_005d	_showsResizeView	bool
Unknown_005d	_transferEndTime	double
Unknown_005d	_transferStartTime	double
Unknown_005d	_transportPositionAtBottom	bool
Unknown_005d	_userEndTime	double
Unknown_005d	_userStartTime	double
Unknown_005d	_wrapperLayout	GNList
Unknown_005e	_allowsChainedResize	bool
Unknown_005e	_amplitudeScaleFactor	float
Unknown_005e	_customValue	bool
Unknown_005e	_didChooseQuantization	bool
Unknown_005e	_editedCenterFloatValue	float
Unknown_005e	_editedDriftFloatValue	float
Unknown_005e	_inDrag	bool
Unknown_005e	_isMuted	bool
Unknown_005e	_isSolo	bool
Unknown_005e	_isTrackTitleEditable	bool
Unknown_005e	_isVertical	bool
Unknown_005e	_lastTime	double
Unknown_005e	_paddingLineSize	GNCoord
Unknown_005e	_plabackRangeTimer	GNTimer
Unknown_005e	_registerOnInstall	bool
Unknown_005e	_savedTrackValues	GNDictionary
Unknown_005e	_size	GNCoord
Unknown_005e	_snapToTonality	bool
Unknown_005e	_sortByStatus	bool
Unknown_005e	_startTime	double
Unknown_005e	_stopTime	double
Unknown_005e	_trackDisplayStyle	MDTrackContentDisplayStyle
Unknown_005e	_trackHeaderHeight	MDTrackHeaderHeight
Unknown_005e	_unregisterPropertyObservation	bool
Unknown_005e	_updateHelper	double
Unknown_005e	_uuid	GNString
Unknown_005e	_volume	float
Unknown_005e	_willEditTimeline	MUTimeline
Unknown_005f	_alignH	MDAlignType
Unknown_005f	_alignV	MDAlignType
Unknown_005f	_arrangerVisible	bool
Unknown_005f	_autoresizingMask	GNInt
Unknown_005f	_behavesLikeAButton	bool
Unknown_005f	_buttonCommandID	MDTabCommand
Unknown_005f	_charBitmap	GNImage
Unknown_005f	_charRects	GNData
Unknown_005f	_closeImage	GNImage
Unknown_005f	_dirtyFlag	bool
Unknown_005f	_dumpLayout	bool
Unknown_005f	_edge	GNEdge
Unknown_005f	_editorSpectrumShaperLayout	GNList
Unknown_005f	_editorVisible	bool
Unknown_005f	_followCursor	bool
Unknown_005f	_glassEffectColor	GNColor
Unknown_005f	_glassEffectRect	GNRect @0x24c,0x254
Unknown_005f	_hasScrollView	bool
Unknown_005f	_headersVisible	bool
Unknown_005f	_hidden	bool
Unknown_005f	_horizontalScrollerHeight	GNCoord
Unknown_005f	_inputChannelFormat	GNAudioChannelFormat
Unknown_005f	_inspectorLeftModeTypes	GNDictionary
Unknown_005f	_inspectorLeftPosition	MDInspectorPosition
Unknown_005f	_inspectorRightModeTypes	GNDictionary
Unknown_005f	_inspectorRightPosition	MDInspectorPosition
Unknown_005f	_isRoot	bool
Unknown_005f	_layoutForAllViews	bool
Unknown_005f	_leftInspectorLayout	GNObject
Unknown_005f	_length	GNCoord
Unknown_005f	_mainResponderViewId	MDMainResponderViewId
Unknown_005f	_maxItemLength	GNCoord
Unknown_005f	_minSize	GNSize
Unknown_005f	_minTabCount	GNInt
Unknown_005f	_multiTrackEditorLayout	GNList
Unknown_005f	_openFileTypes	GNList
Unknown_005f	_outputChannelFormat	GNAudioChannelFormat
Unknown_005f	_preferedFrameSizeLocked	bool
Unknown_005f	_rect	GNRect
Unknown_005f	_rightInspectorLayout	GNObject
Unknown_005f	_sampleFrames	GNInt
Unknown_005f	_sampleRate	double
Unknown_005f	_secondsPerSampleFrame	double
Unknown_005f	_selectedItemIndex	GNInt
Unknown_005f	_selectedSpectrumShaperTabs	GNData
Unknown_005f	_selectedTracks	GNList
Unknown_005f	_showsCloseButtons	bool
Unknown_005f	_showsMenuButtons	bool
Unknown_005f	_signatureEditorInEditor	bool
Unknown_005f	_sizeToFit	GNSize
Unknown_005f	_snapToTonality	bool
Unknown_005f	_spacing	GNCoord
Unknown_005f	_spectrumShaperVisible	bool
Unknown_005f	_subviewsAlignH	MDAlignType
Unknown_005f	_subviewsAlignV	MDAlignType
Unknown_005f	_tempoEditorInEditor	MUEditTimelineMode
Unknown_005f	_tempoEditorInEditorDescription	GNObject
Unknown_005f	_timeGridSetup	GNDictionary
Unknown_005f	_verticalScrollerWidth	GNCoord
Unknown_005f	_workspaceNeedsLayout	bool
Unknown_0060	_awaitsFirstTransfer	bool
Unknown_0060	_cacheWarmUpDoWarmUp	bool
Unknown_0060	_cacheWarmUpLastCursorTime	double
Unknown_0060	_cacheWarmUpLastLeftCycleQuarter	double
Unknown_0060	_cacheWarmUpLastStartTime	double
Unknown_0060	_callSimulateProcessSamples	bool
Unknown_0060	_changeCounters	GNData
Unknown_0060	_doRegisterObserver	bool
Unknown_0060	_doUpdateCycle	bool
Unknown_0060	_enquededAuxiliaryRenderersPending	bool
Unknown_0060	_expectedNextAraHostSampleIndex	SInt64
Unknown_0060	_hostCycleChanged	bool
Unknown_0060	_hostPlaybackParamsCursorTime	double
Unknown_0060	_hostPlaybackParamsCycleActive	bool
Unknown_0060	_hostPlaybackParamsCycleEndQuarter	double
Unknown_0060	_hostPlaybackParamsCycleStartQuarter	double
Unknown_0060	_hostPlaybackParamsCycleTimeValid	bool
Unknown_0060	_hostPlaybackParamsLastStartTime	double
Unknown_0060	_hostPlaybackParamsRenderSampleIndex	SInt64
Unknown_0060	_hostPlaybackParamsTempo	double
Unknown_0060	_hostSelectedVisibleRange	GNDoubleRange
Unknown_0060	_inputBuffers	float **
Unknown_0060	_isAAX	bool
Unknown_0060	_isBeingHosted	bool
Unknown_0060	_isBypassing	bool
Unknown_0060	_isEditorRenderer	bool
Unknown_0060	_isEditorView	bool
Unknown_0060	_isPlaybackRenderer	bool
Unknown_0060	_isProcessingOffline	bool
Unknown_0060	_isRunning	bool
Unknown_0060	_lastHostTempo	double
Unknown_0060	_lastTransferContextEnabled	bool
Unknown_0060	_localPlaybackVolume	float
Unknown_0060	_nextEventIndex	GNInt
Unknown_0060	_outOfSyncSamples	GNInt
Unknown_0060	_outputPresentationLatency	double
Unknown_0060	_processedSampleRange	GNRange
Unknown_0060	_realtimeStretchingEnabled	bool
Unknown_0060	_recordedTimeContexts	GNConcurrentQueue
Unknown_0060	_renderLock	SInt32
Unknown_0060	_renderStateHostIsPlaying	bool
Unknown_0060	_renderStateRenderingEnabled	bool
Unknown_0060	_renderStateTime	double
Unknown_0060	_replaceBufferSize	GNInt
Unknown_0060	_shouldTransferContextEnabled	bool
Unknown_0060	_shouldTransferContextReset	bool
Unknown_0060	_tempoMapRecordingState	bool
Unknown_0060	_unconvertedParameterState	GNData
Unknown_0065	_selectedTabs	GNData
Unknown_006d	_drawsSliderShadow	bool
Unknown_006d	_isDefaultSlot	bool
Unknown_006d	_isOutputSlot	bool
Unknown_006d	_knobSize	GNSize
Unknown_006d	_showsPeakBorder	bool
Unknown_006d	_stereoItemCount	GNInt
Unknown_006d	_volumeScalaType	MDVolumeScalaType
Unknown_0071	_araEnabled	bool
Unknown_0071	_freezed	GNInt
Unknown_0071	_initialTabCount	GNInt
Unknown_0071	_startTimeOffset	double
Unknown_0079	_beginLocatorTime	double
Unknown_0079	_defaultSampleFormat	GNNumber
Unknown_0079	_defaultSampleRate	GNNumber
Unknown_0079	_endLocatorTime	double
Unknown_0079	_isExportingMix	bool
Unknown_0079	_lastSetup	MDPlaybackSetup
Unknown_0079	_replaceExport	GNDictionary
Unknown_0079	_runExportAudio	bool
Unknown_0079	_sampleFormats	GNList
Unknown_0079	_sampleRates	GNList
Unknown_0079	_values	GNData
Unknown_007a	_beat	double
Unknown_007a	_bytes	GNData
Unknown_007a	_cycleEndQuarter	double
Unknown_007a	_cycleIsActive	bool
Unknown_007a	_cycleStartQuarter	double
Unknown_007a	_data	GNData
Unknown_007a	_denominator	GNInt
Unknown_007a	_ebur128_buffer	GNData
Unknown_007a	_frequencyBandMagnitudeSlices	GNList
Unknown_007a	_frequencyBands	GNData
Unknown_007a	_hostRenderSampleIndex	SInt64
Unknown_007a	_initialRunningStatusByte	GNMidiValue
Unknown_007a	_inputChannelFormat	GNAudioChannelFormat
Unknown_007a	_isEBUR128Enabled	bool @0x14
Unknown_007a	_isSequenced	bool
Unknown_007a	_maxRMS	GNData
Unknown_007a	_maxValues	GNData
Unknown_007a	_nextSongTime	double
Unknown_007a	_numerator	GNInt
Unknown_007a	_outputChannelFormat	GNAudioChannelFormat
Unknown_007a	_parameterIndex	GNInt
Unknown_007a	_parameterValue	float
Unknown_007a	_quarter	double
Unknown_007a	_sampleIndex	SInt64
Unknown_007a	_sampleRateFormatter	GNNumberFormatter
Unknown_007a	_songTime	double
Unknown_007a	_tempo	double
Unknown_007a	_timeStamp	GNMidiTimeStamp
Unknown_007a	_transportPlaying	bool
Unknown_007a	_validity	GNTimeInfoValidityMask
Unknown_007a	_wordClockTime	UInt64
Unknown_007b	_baseNote	GNInt
Unknown_007b	_beats	GNInt
Unknown_007b	_bitsPerChannel	UInt32
Unknown_007b	_bitsPerSample	GNInt
Unknown_007b	_bytesPerPacket	UInt32
Unknown_007b	_channelCount	GNInt
Unknown_007b	_channelFormat	GNAudioChannelFormat
Unknown_007b	_channelsPerFrame	UInt32
Unknown_007b	_dataFormat	SInt32
Unknown_007b	_dataLocation	UInt64
Unknown_007b	_dataLocations	GNData
Unknown_007b	_dataSize	UInt64
Unknown_007b	_denominator	GNInt
Unknown_007b	_errorWhileReading	bool @0x14
Unknown_007b	_fileLayout	GNSoundFileLayout
Unknown_007b	_fileModificationDate	GNDate
Unknown_007b	_fileSize	UInt64
Unknown_007b	_fineTune	GNInt
Unknown_007b	_format	GNSoundFileFormat
Unknown_007b	_formatFlags	UInt32
Unknown_007b	_formatID	UInt32
Unknown_007b	_frameSizes	GNData
Unknown_007b	_framesPerPacket	UInt32
Unknown_007b	_gain	GNInt
Unknown_007b	_headerNeedsUpdate	bool
Unknown_007b	_highNote	GNInt
Unknown_007b	_highVelocity	GNInt
Unknown_007b	_info	SInt32
Unknown_007b	_isFloat	bool
Unknown_007b	_isLittleEndian	bool
Unknown_007b	_isLoop	bool
Unknown_007b	_isSuspended	bool
Unknown_007b	_kukiData	GNData
Unknown_007b	_lastFrameIndex	SInt64
Unknown_007b	_length	UInt64
Unknown_007b	_loadedSampleFrames	GNInt
Unknown_007b	_lowNote	GNInt
Unknown_007b	_lowVelocity	GNInt
Unknown_007b	_mdd	GNData
Unknown_007b	_modificationTime	GNDate
Unknown_007b	_needsInitOnResume	bool
Unknown_007b	_numberValidFrames	SInt64
Unknown_007b	_numerator	GNInt
Unknown_007b	_offset	SInt64
Unknown_007b	_paktData	GNData
Unknown_007b	_readBuffer	GNData
Unknown_007b	_sampleCount	SInt64
Unknown_007b	_sampleFormat	GNAudioSampleFormat
Unknown_007b	_sampleFrames	GNInt
Unknown_007b	_sampleFramesLeft	GNInt
Unknown_007b	_sampleRate	double
Unknown_007b	_suspendedFileOffset	UInt64
Unknown_007b	_systemExclusiveData	GNData
Unknown_007b	_theMagicCookie	GNData
Unknown_007b	_theReadBuffer	GNData
Unknown_007b	_theWriteBuffer	GNData
Unknown_007b	_time	UInt64
Unknown_007b	_tonalGender	GNInt
Unknown_007b	_tonalKey	GNInt
Unknown_007b	_userData	GNDictionary
Unknown_007b	_userInfo	GNDictionary
Unknown_007c	_avarageBytesPerSecond	GNInt
Unknown_007c	_bitsPerSample	short
Unknown_007c	_blockAlignment	short
Unknown_007c	_bufList	GNData
Unknown_007c	_bufferUnderruns	GNInt
Unknown_007c	_bytesPerSample	GNInt
Unknown_007c	_changeBuffserSizePending	bool
Unknown_007c	_channelCount	GNInt
Unknown_007c	_coefficients	float *
Unknown_007c	_currentInputBufferWriteIndex	GNInt
Unknown_007c	_dataFormat	SInt32
Unknown_007c	_dataLocation	SInt32
Unknown_007c	_dataSize	SInt32
Unknown_007c	_decompressedFileReader	GNSoundFileReader
Unknown_007c	_didReadMetadata	bool
Unknown_007c	_dviAdpcmBlockSize	short
Unknown_007c	_dviAdpcmSamplesPerBlock	short
Unknown_007c	_dviSamples	short *
Unknown_007c	_errorDescription	GNString
Unknown_007c	_format	short
Unknown_007c	_info	SInt32
Unknown_007c	_inputChannelCount	GNInt
Unknown_007c	_inputDeviceID	AudioDeviceID
Unknown_007c	_inputStreamID	AudioStreamID
Unknown_007c	_isLoaded	bool
Unknown_007c	_isWAVE64	bool
Unknown_007c	_maxInputChannelCount	GNInt
Unknown_007c	_maxOutputChannelCount	GNInt
Unknown_007c	_msAdpcmBlockSize	short
Unknown_007c	_msAdpcmNumCoefficients	short
Unknown_007c	_msAdpcmSamplesPerBlock	short
Unknown_007c	_name	GNString
Unknown_007c	_order	GNInt
Unknown_007c	_outputBuffersDidUnderrfftun	bool
Unknown_007c	_outputChannelCount	GNInt
Unknown_007c	_outputDeviceID	AudioDeviceID
Unknown_007c	_outputStreamID	AudioStreamID
Unknown_007c	_reloadRequestedByDriver	bool
Unknown_007c	_sampleFrames	SInt64
Unknown_007c	_sampleRate	GNInt
Unknown_007c	_stride	GNInt
Unknown_007c	_switchInputBuffersLock	GNInt
Unknown_007c	_usedInputChannelIndexes	GNData
Unknown_007c	_usedOutputChannelIndexes	GNData
Unknown_007c	_userData	GNDictionary
Unknown_007e	_transferEndTime	double
Unknown_007e	_transferStartTime	double
Unknown_007e	_userEndTime	double
Unknown_007e	_userStartTime	double
Unknown_0080	_pulseAssignmentEndTime	double
Unknown_0080	_pulseAssignmentStartTime	double
Unknown_0081	_actionName	GNString
Unknown_0081	_doubleClickActionName	GNString
Unknown_0081	_endIndex	GNInt
Unknown_0081	_green	MUBezierDataPointFunction
Unknown_0081	_isBordered	bool
Unknown_0081	_isShowingProcessing	bool
Unknown_0081	_lookDictionary	GNDictionary
Unknown_0081	_maintainsTransitionViews	bool
Unknown_0081	_mode	MUBrowserViewMode
Unknown_0081	_points	GNList
Unknown_0081	_processingTime	double
Unknown_0081	_progress	float
Unknown_0081	_queryQualifier	GNQualifier
Unknown_0081	_queryQualifierTimer	GNTimer
Unknown_0081	_red	MUBezierDataPointFunction
Unknown_0081	_showsIcons	bool
Unknown_0081	_showsPlaybackButtons	bool
Unknown_0081	_showsPreview	bool
Unknown_0081	_showsUserColors	bool
Unknown_0081	_startIndex	GNInt
Unknown_0082	_blue	MUBezierDataPointFunction
Unknown_0082	_buttonState	GNButtonState
Unknown_0082	_cachedBeatGridLines	GNList
Unknown_0082	_denominator	GNInt
Unknown_0082	_displayedDuration	double
Unknown_0082	_displayedStartTime	double
Unknown_0082	_dropsResidualEdges	bool
Unknown_0082	_enableToggleSuggestsSeparateComponentRenderer	bool @0x31
Unknown_0082	_envelopePath	GNDrawPath
Unknown_0082	_feedbackDisconnected	GNInt
Unknown_0082	_feedbacksEditing	bool
Unknown_0082	_flagsDirty	bool
Unknown_0082	_font	GNFont
Unknown_0082	_formatter	GNDecibelFormatter
Unknown_0082	_inverseWarpFunction	MUDataPointLinearFunction
Unknown_0082	_isDynamicTimeGrid	bool
Unknown_0082	_isEditing	bool @0x1ec,0x3e
Unknown_0082	_isEnabled	bool @0x19
Unknown_0082	_isMergingSourcesDisabled	bool
Unknown_0082	_isPasteOverAddressSpaceBorderEnabled	bool
Unknown_0082	_isPasteOverAudioSourceBorderEnabled	bool
Unknown_0082	_isPasteOverDocumentBorderEnabled	bool
Unknown_0082	_isPasteOverRegionBorderEnabled	bool
Unknown_0082	_keepsPolyphonicElementLengths	bool
Unknown_0082	_key	GNString
Unknown_0082	_label	GNString
Unknown_0082	_limit	float
Unknown_0082	_maintainsTimeHandleViews	bool
Unknown_0082	_maxPixelsPerSecond	double
Unknown_0082	_minPixelsPerSecond	double
Unknown_0082	_mode	MUEditorSeparationViewMode
Unknown_0082	_mouseDownFloatValue	float
Unknown_0082	_numerator	GNInt
Unknown_0082	_offset	double
Unknown_0082	_pixelsPerSecond	double
Unknown_0082	_reflectsVisiblity	bool
Unknown_0082	_savedAmplitudeFactors	GNHashedDictionary
Unknown_0082	_savedFactors	GNHashedDictionary
Unknown_0082	_selected	bool
Unknown_0082	_showsLeftDisjoinArrows	bool
Unknown_0082	_showsLeftSeparator	bool
Unknown_0082	_showsRightDisjoinArrows	bool
Unknown_0082	_snapsToTimeGrid	bool
Unknown_0082	_steps	GNInt
Unknown_0082	_subGridLevel	GNInt
Unknown_0082	_time	double
Unknown_0082	_tracksModelChangesAndInvalidatesSourcesPBoardType	bool
Unknown_0082	_visibleRect	GNRect
Unknown_0082	_warpFunction	MUDataPointLinearFunction
Unknown_0082	_xCoord	GNCoord
Unknown_0083	_actionName	GNString
Unknown_0083	_allowsInividualColumnWidths	bool
Unknown_0083	_allowsInividualRowHeights	bool
Unknown_0083	_alternativeCalcModeActive	bool
Unknown_0083	_amplitudeLevel	float
Unknown_0083	_autotileEnabled	bool
Unknown_0083	_columnEventDispatchMode	GNTableViewEventDispatchMode
Unknown_0083	_currentDescriptionType	MUAudioSourceDescriptionType
Unknown_0083	_delay	double
Unknown_0083	_doubleClickActionName	GNString
Unknown_0083	_dragEnabled	bool
Unknown_0083	_dropEnabled	bool
Unknown_0083	_formatter	GNNumberFormatter
Unknown_0083	_frequencyFormatter	GNFrequencyFormatter
Unknown_0083	_inRegionCheck	bool @0x2f
Unknown_0083	_incrementFactor	float
Unknown_0083	_labelFont	GNFont
Unknown_0083	_labelFontHeight	float
Unknown_0083	_left	GNCoord
Unknown_0083	_leftTime	double
Unknown_0083	_length	GNCoord
Unknown_0083	_maintainSelectedIndexes	bool
Unknown_0083	_maintainsFormantBarViews	bool
Unknown_0083	_maxDisplayValue	float
Unknown_0083	_maxLocation	float
Unknown_0083	_maxX	GNCoord
Unknown_0083	_minDisplayValue	float
Unknown_0083	_minLocation	float
Unknown_0083	_minX	GNCoord
Unknown_0083	_mode	MUMeterMode
Unknown_0083	_multipleSelectionAllowed	bool
Unknown_0083	_pitchIndexeselection	GNRange
Unknown_0083	_pitchOffsetFormatter	GNNumberFormatter
Unknown_0083	_pitchTitleDisplayMode	MUPitchTitleDisplayMode
Unknown_0083	_progressInfo	GNString
Unknown_0083	_progressValue	float
Unknown_0083	_rect	GNRect
Unknown_0083	_right	GNCoord
Unknown_0083	_rightTime	double
Unknown_0083	_rowHeight	GNCoord
Unknown_0083	_savedFormantOffsets	GNHashedDictionary
Unknown_0083	_savedPitchIndexes	GNHashedDictionary
Unknown_0083	_savedValues	GNHashedDictionary
Unknown_0083	_selected	bool
Unknown_0083	_showsHeaderView	bool
Unknown_0083	_showsStereo	bool
Unknown_0083	_squareness	float
Unknown_0083	_style	MUMeterStyle
Unknown_0083	_timerRegistered	bool
Unknown_0083	_usesSubviewsForCells	bool
Unknown_0084	_applyDetectionToScale	bool
Unknown_0084	_backgroundColor	GNColorGradient
Unknown_0084	_boxLabelFontHeight	float
Unknown_0084	_callUpdateElementsForNewPitchSystemInSetPitchSystem	bool
Unknown_0084	_canExecuteDynamicJustTuning	bool
Unknown_0084	_canStartPlayback	float
Unknown_0084	_centDisplayModePlusMinus	bool
Unknown_0084	_centDisplayReferencePitchIndex	GNInt
Unknown_0084	_clickedPitch	float
Unknown_0084	_clickedPitchIndex	GNInt
Unknown_0084	_clickedPitchIndexBeforeRunningOpenPanel	GNInt
Unknown_0084	_closestPitch	float
Unknown_0084	_closestPitchIndex	GNInt
Unknown_0084	_cycleSize	float
Unknown_0084	_degrees	GNInt
Unknown_0084	_degreesAbove	GNInt
Unknown_0084	_degreesBelow	GNInt
Unknown_0084	_degreesDistance	float
Unknown_0084	_detectionCycleSizeCent	GNInt
Unknown_0084	_detectionInsertsChromaticIntervals	bool
Unknown_0084	_detectionIsCyclic	bool
Unknown_0084	_detectionMaxPitchCent	GNInt
Unknown_0084	_detectionMinPitchCent	GNInt
Unknown_0084	_filePath	GNFilePath
Unknown_0084	_handlePreviewByHeartbeat	bool
Unknown_0084	_hertzScaleInAnimationLevel	float
Unknown_0084	_hertzScaleOutAnimationLevel	float
Unknown_0084	_incrementFactor	float
Unknown_0084	_initialData	MUScaleDetectionOptionsData
Unknown_0084	_intervalMonitoring	bool
Unknown_0084	_intervalPreviewStartDelay	GNTimeInterval
Unknown_0084	_isCyclic	bool
Unknown_0084	_isNonCyclic	bool
Unknown_0084	_isScaleModeEditable	bool
Unknown_0084	_isScaleSelectionAvailable	bool
Unknown_0084	_isScaleTuningEditable	bool
Unknown_0084	_isSystemFile	bool
Unknown_0084	_lastPlaybackFile	GNFilePath
Unknown_0084	_lastSelectedScaleFile	GNFilePath
Unknown_0084	_maxPitch	GNInt
Unknown_0084	_methodsEditingPitchSystem	GNInt
Unknown_0084	_minPitch	GNInt
Unknown_0084	_modeFundamentalOffsetIsUsedFromOpenedPitchSystem	bool
Unknown_0084	_modeFundamentalOffsetIsUsedFromOpenedPitchSystemCanBeChanged	bool
Unknown_0084	_modeIsUsedFromOpenedPitchSystem	bool
Unknown_0084	_modeIsUsedFromOpenedPitchSystemCanBeChanged	bool
Unknown_0084	_movingDetectedScale	bool
Unknown_0084	_movingScaleIndicatorDisplayDelay	GNTimeInterval
Unknown_0084	_movingScaleMode	bool
Unknown_0084	_movingScaleTuning	bool
Unknown_0084	_movingTuningOffset	float
Unknown_0084	_movingTuningPitchAnchor	bool
Unknown_0084	_movingTuningRect	GNRect
Unknown_0084	_noteSelectionColumnWidth	GNCoord
Unknown_0084	_noteSelectionPlusScaleSelectionColumnWidth	GNCoord
Unknown_0084	_openedDistribution	MUScaleDistribution
Unknown_0084	_openedPitchSystem	MUScalePitchSystem
Unknown_0084	_openedPitchSystemWithInsertedIntervals	MUScalePitchSystem
Unknown_0084	_outputChannelFormat	GNAudioChannelFormat
Unknown_0084	_outputChannelIndex	GNInt
Unknown_0084	_pitchDisplayMode	GNInt
Unknown_0084	_pitchIndexIsHit	bool
Unknown_0084	_playingItemProgress	float
Unknown_0084	_preferredFundamentalPitchForDetection	float
Unknown_0084	_preferredUserFundamentalOption	GNInt
Unknown_0084	_preferredUserModeOption	GNInt
Unknown_0084	_preferredUserPitchAnchorOption	GNInt
Unknown_0084	_preferredUserStretchingOption	GNInt
Unknown_0084	_preferredUserTuningOption	GNInt
Unknown_0084	_previousPitchIndex	GNInt
Unknown_0084	_referencePitchIndex	GNInt
Unknown_0084	_scaleArrayFilterFactor	float
Unknown_0084	_scaleName	GNString
Unknown_0084	_scaleNames	GNStringTable
Unknown_0084	_scalePreviewFileType	GNFileType
Unknown_0084	_scaleWasJustDetected	bool
Unknown_0084	_selectedPitchIndex	GNInt
Unknown_0084	_setTuningPitchAnchor	bool
Unknown_0084	_slideRuleAnchorOffset	float
Unknown_0084	_startTime	double
Unknown_0084	_stopTime	double
Unknown_0084	_stretchingIsUsedFromOpenedPitchSystemCanBeChanged	bool
Unknown_0084	_stretchingOption	GNInt
Unknown_0084	_systemScalesMapping	GNDictionary
Unknown_0084	_timer	GNTimer
Unknown_0084	_title	GNString
Unknown_0084	_tuningIsUsedFromOpenedPitchSystem	bool
Unknown_0084	_tuningIsUsedFromOpenedPitchSystemCanBeChanged	bool
Unknown_0084	_tuningPitchAnchorAnimationOffset	float
Unknown_0084	_tuningPitchAnchorIsUsedFromOpenedPitchSystem	bool
Unknown_0084	_tuningPitchAnchorIsUsedFromOpenedPitchSystemCanBeChanged	bool
Unknown_0084	_tuningPitchAnchorOption	GNInt
Unknown_0084	_useExternalScales	bool
Unknown_0085	_backgroundColor	GNColor
Unknown_0085	_boxLabelFont	GNFont
Unknown_0085	_buttonState	GNButtonState
Unknown_0085	_cachedSecondGridLines	GNList
Unknown_0085	_choosenScaleIndex	GNInt
Unknown_0085	_currentGrid	float
Unknown_0085	_currentPitchSystemBeforeRunningOpenPanel	MUScalePitchSystem
Unknown_0085	_currentlyEditedSignatureStartQuarter	GNFraction
Unknown_0085	_destinationAlpha	float
Unknown_0085	_destinationGrid	float
Unknown_0085	_detectedCentArray	GNData
Unknown_0085	_detectedPitchSystem	MUScalePitchSystem
Unknown_0085	_displayMode	MUScaleRulerViewDisplayMode
Unknown_0085	_editTimelineMode	MUEditTimelineMode
Unknown_0085	_equivalentScaleDistributionForDegrees	GNList
Unknown_0085	_handleSelectCellInProgress	bool
Unknown_0085	_hertzScaleAnimationImage	GNImage
Unknown_0085	_hitPointIndex	GNInt
Unknown_0085	_infoPosition	GNPoint
Unknown_0085	_infoText	GNString
Unknown_0085	_infoTextFadeoutIntervall	float
Unknown_0085	_isEditing	bool @0x1ec,0x3e
Unknown_0085	_lastAnchorOffsetChangeRatio	float
Unknown_0085	_lastSelectedColumnIndex	GNInt
Unknown_0085	_lastSelectedRowIndex	GNInt
Unknown_0085	_linesPerSecond	GNFraction
Unknown_0085	_maxFloatValue	float
Unknown_0085	_minFloatValue	float
Unknown_0085	_moveMode	MUScaleSlideRuleViewMoveMode
Unknown_0085	_movingFineResolutionRatio	float
Unknown_0085	_movingResolutionRatio	float
Unknown_0085	_offset	double
Unknown_0085	_originallyDetectedModeDegrees	GNList
Unknown_0085	_previousElementsProperties	GNDictionary
Unknown_0085	_previousPitchSystem	MUScalePitchSystem
Unknown_0085	_primaryGridColor	GNColor
Unknown_0085	_registeredAtEC	GNEditingContext
Unknown_0085	_scalePreviewFileType	GNFileType
Unknown_0085	_scaleSelectionAnimationImage	GNImage
Unknown_0085	_secondaryGridColor	GNColor
Unknown_0085	_secondsPerGrid	double
Unknown_0085	_showAllRatios	bool
Unknown_0085	_showDestinationGrid	bool
Unknown_0085	_showRatioModeButton	bool
Unknown_0085	_showRatios	bool
Unknown_0085	_slideRuleAnchorOffset	float
Unknown_0085	_slideRuleAnchorOffsetMaxRatio	float
Unknown_0085	_slideRuleAnchorOffsetMinRatio	float
Unknown_0085	_slideRuleSensitiveRects	GNData
Unknown_0085	_slideRuleSensitiveRectsCents	GNData
Unknown_0085	_stringXOrigin	float
Unknown_0085	_stringXOrigins	GNDictionary
Unknown_0085	_verticalCentRange	float
Unknown_0085	_verticalRanges	GNData
Unknown_0086	_affectedElements	GNList
Unknown_0086	_audioSourceElements	GNList
Unknown_0086	_backgroundColor	GNColor
Unknown_0086	_beatSelection	MUBeatSelection
Unknown_0086	_buttonType	GNButtonType
Unknown_0086	_capitalizedDiatonicTitles	GNList
Unknown_0086	_clickedAnchorTempo	double
Unknown_0086	_currentRegionStart	GNPoint
Unknown_0086	_cursorTime	double
Unknown_0086	_cursorXCoord	float
Unknown_0086	_destinationRegionStart	GNPoint
Unknown_0086	_destinationRegionStartAlpha	float
Unknown_0086	_diatonicTitles	GNList
Unknown_0086	_displayTempoRatioRange	float
Unknown_0086	_drawsBottomBorder	bool
Unknown_0086	_drawsTopBorder	bool
Unknown_0086	_dropDuration	double
Unknown_0086	_dropTempoRect	GNRect
Unknown_0086	_dropTime	double
Unknown_0086	_editTempoRegion	MUTempoRegion
Unknown_0086	_editTimelineMode	MUEditTimelineMode
Unknown_0086	_enabledRegionIndex	GNInt
Unknown_0086	_highKey	GNMidiNoteNumber
Unknown_0086	_highlightedBeatValuePoint	GNValue
Unknown_0086	_identifier	GNString
Unknown_0086	_imagePrefix	GNString
Unknown_0086	_inRegionCheck	bool
Unknown_0086	_indicatesGermanHB	bool
Unknown_0086	_isResizable	bool
Unknown_0086	_keyStates	GNData
Unknown_0086	_lastPressedKey	GNMidiNoteNumber
Unknown_0086	_lowKey	GNMidiNoteNumber
Unknown_0086	_maintainsKeySates	bool
Unknown_0086	_maintainsTimeHandleViews	bool
Unknown_0086	_maxDisplayedTempo	double
Unknown_0086	_minDisplayedTempo	double
Unknown_0086	_mode	MUTimeStretchToolMode
Unknown_0086	_numberFormatter	GNNumberFormatter
Unknown_0086	_oldEndTimesForNotes	GNData
Unknown_0086	_oldStartTimesForNotes	GNData
Unknown_0086	_primaryGridColor	GNColor
Unknown_0086	_reassignsScalesAndChords	bool
Unknown_0086	_rebuildItems	bool
Unknown_0086	_secondaryGridColor	GNColor
Unknown_0086	_secondsFragmenation	MUSecondsFragmentationType
Unknown_0086	_selectedSubdivisionIndex	GNInt
Unknown_0086	_selectionIsTemporary	bool
Unknown_0086	_selectionRect	GNRect
Unknown_0086	_setCursorTimeDisabled	bool
Unknown_0086	_showsCursor	bool
Unknown_0086	_showsDestinationRegionStart	bool
Unknown_0086	_showsRegionBar	bool
Unknown_0086	_skipZoomToFitAverageTempo	bool
Unknown_0086	_tempoEditMode	MUTempoEditMode
Unknown_0086	_tempoRegionViews	GNDictionary
Unknown_0086	_title	GNString
Unknown_0086	_toolMode	MUTimelineToolMode
Unknown_0086	_transitionProperty	GNProperty
Unknown_0086	_viewInfoDict	GNDictionary
Unknown_0086	_zoomToFitAverageTempoDisabled	bool
Unknown_0087	_amplitude	float
Unknown_0087	_bandwidth	float
Unknown_0087	_currentTempo	double
Unknown_0087	_currentTempoIsConstant	GNInt
Unknown_0087	_duration	double
Unknown_0087	_endFadeDuration	double
Unknown_0087	_frequency	float
Unknown_0087	_keyPressedColor	GNColor
Unknown_0087	_lastStartCall	double
Unknown_0087	_lastTime	double
Unknown_0087	_noiseType	MUNoiseType
Unknown_0087	_postAttenuation	float
Unknown_0087	_preAttenuation	float
Unknown_0087	_startFadeDuration	double
Unknown_0087	_startPlayBackAtTimeInHeartBeatHandler	double
Unknown_0087	_startTime	double
Unknown_0087	_tempoFormatter	MUTempoFormatter
Unknown_0087	_updateHelper	double
Unknown_0087	_voiceTitle	GNString
Unknown_0087	_vowelTitle	GNString
Unknown_0088	_currentSignature	MUBarSignature
Unknown_0088	_isEditingDetection	bool
Unknown_00af	_amplitude	float
Unknown_00af	_analogness	float
Unknown_00af	_autostart	bool
Unknown_00af	_bufferSize	GNInt
Unknown_00af	_bytesPerSample	GNInt
Unknown_00af	_changeCounter	GNData
Unknown_00af	_channelCount	GNInt
Unknown_00af	_channelFormat	GNAudioChannelFormat
Unknown_00af	_channelIndex	GNInt
Unknown_00af	_completedSampleFrame	GNInt
Unknown_00af	_cutOffHz	float
Unknown_00af	_delayBandwidth	float
Unknown_00af	_delayChorus	float
Unknown_00af	_delayCrystalMix	float
Unknown_00af	_delayCrystalPitch	GNInt
Unknown_00af	_delayDucking	float
Unknown_00af	_delayFeedback	float
Unknown_00af	_delayFlutterIntensity	float
Unknown_00af	_delayFlutterRate	float
Unknown_00af	_delayFrequency	float
Unknown_00af	_delayGrit	float
Unknown_00af	_delayHighCut	float
Unknown_00af	_delayLowCut	float
Unknown_00af	_delayMix	float
Unknown_00af	_delayModulation	float
Unknown_00af	_delayPitchDetune	float
Unknown_00af	_delayReverseMix	float
Unknown_00af	_delaySmear	float
Unknown_00af	_delayStereo	float
Unknown_00af	_delaySwell	float
Unknown_00af	_diMixFactor	float
Unknown_00af	_displayedPeakTimes	GNData
Unknown_00af	_displayedPeakValues	GNData
Unknown_00af	_displayedRMS	GNData
Unknown_00af	_displayedValues	GNData
Unknown_00af	_drawsBackground	bool
Unknown_00af	_drawsScale	bool
Unknown_00af	_eqBass	float
Unknown_00af	_eqMiddle	float
Unknown_00af	_eqPresence	float
Unknown_00af	_eqTreble	float
Unknown_00af	_frame	GNInt
Unknown_00af	_frequency	float
Unknown_00af	_gain	float
Unknown_00af	_hasSingleBorder	bool
Unknown_00af	_highlightsClipping	bool
Unknown_00af	_indexesForEnabledUserParameters	GNData
Unknown_00af	_innerMargin	float
Unknown_00af	_isAutorunning	bool
Unknown_00af	_isDelayActive	bool
Unknown_00af	_isDiMixBlending	bool
Unknown_00af	_isDiMixEnabled	bool
Unknown_00af	_isDiMixInverted	bool
Unknown_00af	_isRecording	bool
Unknown_00af	_isStackActive	bool
Unknown_00af	_isTempoSyncingToSong	bool
Unknown_00af	_isTempoWrapAroundEnabled	bool
Unknown_00af	_isTestingUserParameters	bool
Unknown_00af	_level	float
Unknown_00af	_libArchiveVersion	GNInt
Unknown_00af	_limiterKnee	float
Unknown_00af	_loaded	bool
Unknown_00af	_loadedSourceRingBufferIndex	UInt64
Unknown_00af	_loadedTargetRingBufferIndex	UInt64
Unknown_00af	_maxFloatValue	float
Unknown_00af	_maxTempoFactor	float
Unknown_00af	_onHold	bool
Unknown_00af	_outerMargin	float
Unknown_00af	_parameterChangeCounters	GNData
Unknown_00af	_parameterValues	GNData
Unknown_00af	_quality	GNAudioResamplerQuality
Unknown_00af	_rateFactor	double
Unknown_00af	_recordedSampleFrames	GNInt
Unknown_00af	_recordingBufferCompleted	GNInt
Unknown_00af	_recordingBufferIndex	GNInt
Unknown_00af	_ref	void *
Unknown_00af	_refSampleRate	GNInt
Unknown_00af	_resonance	float
Unknown_00af	_resonanceDirt	float
Unknown_00af	_rigTempo	float
Unknown_00af	_running	bool
Unknown_00af	_showsClipLight	bool
Unknown_00af	_slope	GNInt
Unknown_00af	_sourceRingBufferMask	GNInt
Unknown_00af	_sourceRingBufferSize	GNInt
Unknown_00af	_sourceSampleRate	double
Unknown_00af	_syncedDelayBandwidth	float
Unknown_00af	_syncedDelayChorus	float
Unknown_00af	_syncedDelayCrystalMix	float
Unknown_00af	_syncedDelayCrystalPitch	GNInt
Unknown_00af	_syncedDelayDucking	float
Unknown_00af	_syncedDelayFeedback	float
Unknown_00af	_syncedDelayFlutterIntensity	float
Unknown_00af	_syncedDelayFlutterRate	float
Unknown_00af	_syncedDelayFrequency	float
Unknown_00af	_syncedDelayGrit	float
Unknown_00af	_syncedDelayHighCut	float
Unknown_00af	_syncedDelayLowCut	float
Unknown_00af	_syncedDelayMix	float
Unknown_00af	_syncedDelayModulation	float
Unknown_00af	_syncedDelayPitchDetune	float
Unknown_00af	_syncedDelayReverseMix	float
Unknown_00af	_syncedDelaySmear	float
Unknown_00af	_syncedDelayStereo	float
Unknown_00af	_syncedDelaySwell	float
Unknown_00af	_syncedEqBass	float
Unknown_00af	_syncedEqMiddle	float
Unknown_00af	_syncedEqPresence	float
Unknown_00af	_syncedEqTreble	float
Unknown_00af	_syncedGain	float
Unknown_00af	_syncedIsDelayActive	bool
Unknown_00af	_syncedIsStackActive	bool
Unknown_00af	_targetRingBufferMask	GNInt
Unknown_00af	_targetRingBufferSize	GNInt
Unknown_00af	_targetSampleIndex	UInt64
Unknown_00af	_targetSampleRate	double
Unknown_00af	_tempo	float
Unknown_00af	_type	GNAudioSimpleFilterType
Unknown_00af	_volume	float
Unknown_00b0	_accidentalsCount	GNInt
Unknown_00b0	_aftertouch	GNMidiValue
Unknown_00b0	_closeMonitor	bool
Unknown_00b0	_controllerMap	GNData
Unknown_00b0	_copiesOnReceipt	bool
Unknown_00b0	_copyrightData	GNData
Unknown_00b0	_cuePoints	GNMidiFileTimedDataList
Unknown_00b0	_currentStatus	GNMidiValue
Unknown_00b0	_currentTime	GNMidiTimeStamp
Unknown_00b0	_data	GNMidiValue *
Unknown_00b0	_delayNoteValue1	GNKemperAmpDelayNoteValue
Unknown_00b0	_delayNoteValue2	GNKemperAmpDelayNoteValue
Unknown_00b0	_delayType	GNKemperAmpDelayType
Unknown_00b0	_denominator	GNInt
Unknown_00b0	_deviceData	GNData
Unknown_00b0	_didFindTempoEvents	bool
Unknown_00b0	_format	GNInt
Unknown_00b0	_forwardsActiveSense	bool
Unknown_00b0	_instrumentData	GNData
Unknown_00b0	_isActive	bool
Unknown_00b0	_isDestination	bool
Unknown_00b0	_isSource	bool
Unknown_00b0	_keySignatures	GNMidiFileKeySignatureList
Unknown_00b0	_keyType	GNMidiFileKeyType
Unknown_00b0	_largestTrackTimeCounter	GNInt
Unknown_00b0	_length	GNInt
Unknown_00b0	_list	GNList
Unknown_00b0	_lyrics	GNMidiFileTimedDataList
Unknown_00b0	_markers	GNMidiFileTimedDataList
Unknown_00b0	_metronomsPerQuarter	GNFraction
Unknown_00b0	_midiEvents	GNDictionary
Unknown_00b0	_midiPackets	GNConcurrentQueue
Unknown_00b0	_nameData	GNData
Unknown_00b0	_noteNumber	GNMidiValue
Unknown_00b0	_notifiesOnReceipt	bool
Unknown_00b0	_numerator	GNInt
Unknown_00b0	_playing	bool
Unknown_00b0	_ppq	GNInt
Unknown_00b0	_programData	GNData
Unknown_00b0	_programNumber	GNMidiValue
Unknown_00b0	_quarterDuration	GNTimeInterval
Unknown_00b0	_receiveOnAllMidiSources	bool
Unknown_00b0	_receivedActiveSense	char
Unknown_00b0	_rigData	GNData
Unknown_00b0	_rigDataLock	GNLock
Unknown_00b0	_rigTitle	GNString
Unknown_00b0	_runningStatusByte	GNMidiValue
Unknown_00b0	_sendsNoteOffsOnActiveSenseLeaks	bool
Unknown_00b0	_sequenceNameData	GNData
Unknown_00b0	_sequenceNumber	GNInt
Unknown_00b0	_signalSize	GNInt
Unknown_00b0	_skippedBrokenInformation	GNInt
Unknown_00b0	_skippedUnknownInformation	GNInt
Unknown_00b0	_sourceTrackIndex	GNInt
Unknown_00b0	_startTimeOffset	GNTimeInterval
Unknown_00b0	_startVelocity	GNMidiValue
Unknown_00b0	_stopVelocity	GNMidiValue
Unknown_00b0	_stopping	bool
Unknown_00b0	_syncedDelayNoteValue1	GNKemperAmpDelayNoteValue
Unknown_00b0	_syncedDelayNoteValue2	GNKemperAmpDelayNoteValue
Unknown_00b0	_syncedDelayType	GNKemperAmpDelayType
Unknown_00b0	_tableTime	GNData
Unknown_00b0	_tempi	GNMidiFileTempoList
Unknown_00b0	_texts	GNMidiFileTimedDataList
Unknown_00b0	_timeBase	GNMidiFileTimeBase
Unknown_00b0	_timeSignatures	GNMidiFileTimeSignatureList
Unknown_00b0	_timeStamp	GNMidiTimeStamp
Unknown_00b0	_timeStampScale	GNTimeInterval
Unknown_00b0	_trackCount	GNInt
Unknown_00b0	_trackTimeCounter	GNInt
Unknown_00b0	_voiceMode	GNMidiInstrumentVoiceMode
Unknown_00b1	_amount	GNData
Unknown_00b1	_beepLength	float
Unknown_00b1	_beepTime	float
Unknown_00b1	_count	GNInt
Unknown_00b1	_delayLineLength	GNInt
Unknown_00b1	_delayLineWriteOffset	GNInt
Unknown_00b1	_description	GNOverloudDescription
Unknown_00b1	_effectType	GNAudioEffectType
Unknown_00b1	_endPeriod	float
Unknown_00b1	_endVariance	float
Unknown_00b1	_filePath	GNFilePath
Unknown_00b1	_frequency	GNData
Unknown_00b1	_gain	float
Unknown_00b1	_isDemoBeepPlaying	GNInt
Unknown_00b1	_knee	float
Unknown_00b1	_nextBeepStartTime	float
Unknown_00b1	_noteNumber	GNMidiValue
Unknown_00b1	_numberOfPlayingVoices	GNInt
Unknown_00b1	_overloudEffectID	GNInt
Unknown_00b1	_overloudInstance	void *
Unknown_00b1	_parameterValues	GNData
Unknown_00b1	_playing	bool
Unknown_00b1	_position	GNData
Unknown_00b1	_positionDist	GNData
Unknown_00b1	_progression	float
Unknown_00b1	_readableParameterValues	GNData
Unknown_00b1	_startPeriod	float
Unknown_00b1	_startSampleIndex	GNInt
Unknown_00b1	_startVariance	float
Unknown_00b1	_startVelocity	GNMidiValue
Unknown_00b1	_stopSampleIndex	GNInt
Unknown_00b1	_stopVelocity	GNMidiValue
Unknown_00b1	_stopping	bool
Unknown_00b1	_time	float
Unknown_00b1	_title	GNString
Unknown_00b1	_usesSeparateVoiceBuffers	bool
Unknown_00b1	_voiceClassName	GNString
Unknown_00b1	_width	GNData
Unknown_00b4	_parameterIndex	GNInt
Unknown_00b8	_entries	GNList
Unknown_00b8	_entrySampleCount	GNInt
Unknown_00b8	_latestFlushTime	UInt32
Unknown_00bc	_cachedRange	GNRange
Unknown_00bc	_creationTime	GNTimeInterval
Unknown_00bc	_data	float *
Unknown_00bc	_entryIndexRange	GNRange
Unknown_00bc	_firstMissingEntryIndex	GNInt
Unknown_00bc	_flags	GNSoundFileCacheEntryAccessFlags
Unknown_00bc	_flushTime	UInt32
Unknown_00bc	_loadFailed	bool
Unknown_00bd	_color	GNColor
Unknown_00bd	_documentFilePath	GNFilePath
Unknown_00bd	_documentFilePathIsPlugInSubfolder	bool
Unknown_00bd	_hostDoesNotRenderRunningPlugInsContinuously	bool
Unknown_00bd	_identifier	GNString
Unknown_00bd	_isFocused	GNNumber
Unknown_00bd	_isSelected	GNNumber
Unknown_00bd	_isVisible	GNNumber
Unknown_00bd	_midiEventCount	GNInt
Unknown_00bd	_position	GNNumber
Unknown_00bd	_title	GNString
Unknown_00be	_byteCache	GNData
Unknown_00be	_byteIdx	GNInt
Unknown_00be	_data	GNData
Unknown_00be	_documentArchiveID	GNString
Unknown_00be	_endContentPosition	UInt64
Unknown_00be	_endPosition	UInt64
Unknown_00be	_file	GNFile
Unknown_00be	_informationURL	GNString
Unknown_00be	_lastTagEndPosition	UInt64
Unknown_00be	_lastTagStartPosition	UInt64
Unknown_00be	_length	UInt64
Unknown_00be	_lowestSupportedVersion	GNString
Unknown_00be	_manufacturerName	GNString
Unknown_00be	_offset	UInt64
Unknown_00be	_persistentID	GNString
Unknown_00be	_plugInName	GNString
Unknown_00be	_position	UInt64
Unknown_00be	_quotingState	GNInt
Unknown_00be	_shouldOpenAutomatically	bool
Unknown_00be	_startContentPosition	UInt64
Unknown_00be	_startPosition	UInt64
Unknown_00be	_tag	GNString
Unknown_00c4	_automationTimes	GNData
Unknown_00c4	_automationValues	GNData
Unknown_00c4	_changeCount	GNInt
Unknown_00c4	_changeCountWhenActivated	GNInt
Unknown_00c4	_circularSliderRangeFactor	float @0x1ec
Unknown_00c4	_currentGainReduction	float
Unknown_00c4	_dbLabelDegrees	GNString
Unknown_00c4	_dbLabels	GNString
Unknown_00c4	_dbs	GNData
Unknown_00c4	_defaultLineGain	float
Unknown_00c4	_defaultMicGain	float
Unknown_00c4	_defaultValueKey	GNString
Unknown_00c4	_degrees	GNData
Unknown_00c4	_factor	float
Unknown_00c4	_gainReductionFactor	float
Unknown_00c4	_gainReductionSideFactor	float
Unknown_00c4	_helperFormatter	GNRangeFactorFormatter
Unknown_00c4	_incrementBaseValue	float
Unknown_00c4	_inputLevelFactor	float
Unknown_00c4	_inputLevelSideFactor	float
Unknown_00c4	_inverse	bool
Unknown_00c4	_irTitles	GNList
Unknown_00c4	_isMuted	GNInt
Unknown_00c4	_key	GNString
Unknown_00c4	_keys	GNList
Unknown_00c4	_levelSelection	GNInt
Unknown_00c4	_levelSelectionSide	GNInt
Unknown_00c4	_linkOverrun	float
Unknown_00c4	_maxValue	float
Unknown_00c4	_minValue	float
Unknown_00c4	_mutingSamples	GNData
Unknown_00c4	_needleOriginOffset	float @0x39
Unknown_00c4	_normalizedMaxValue	float
Unknown_00c4	_normalizedMinValue	float
Unknown_00c4	_offValue	float
Unknown_00c4	_offset	float
Unknown_00c4	_outputLevelFactor	float
Unknown_00c4	_outputLevelSideFactor	float
Unknown_00c4	_parameterValues	GNData
Unknown_00c4	_recordingUserParameterKeys	GNList
Unknown_00c4	_reductionFactorIndex	GNInt
Unknown_00c4	_reductionFactors	GNData
Unknown_00c4	_sampleRate	double
Unknown_00c4	_samples	GNList
Unknown_00c4	_selectedIR	GNInt
Unknown_00c4	_soloIRs	GNData
Unknown_00c4	_tapeInputLevelFactor	float
Unknown_00c4	_tapeInputOutputLink	bool
Unknown_00c4	_tapeInputOutputLinkChanged	bool
Unknown_00c4	_tapeLevelType	GNInt
Unknown_00c4	_tapeOutputLevelFactor	float
Unknown_00c4	_title	GNString
Unknown_00c4	_titles	GNList
Unknown_00c4	_userParameterIndexes	GNData
Unknown_00c4	_userParameters	GNList
Unknown_00c6	_disabledUserParameterKeys	GNList
Unknown_00c6	_recordingUserParameterKeys	GNList
Unknown_00cc	_clientIdentifier	GNInt @0xc
Unknown_00cc	_coalescedNotificationsCount	GNInt
Unknown_00cc	_coalescedTotalNotificationsCount	GNInt
Unknown_00cc	_isGraphRegistration	bool
Unknown_00cc	_isInvalid	bool
Unknown_00cc	_lastClientIdentifier	GNInt
Unknown_00cc	_newServerIDs	GNDictionary
Unknown_00cc	_observersToBeNotified	GNPerObserverStoreType
Unknown_00cc	_propertyChangeStateMask	GNPropertyChangeStateMask
Unknown_00cc	_regsForThisThread	GNInt
Unknown_00cc	_serverIDs	GNHashedDictionary
Unknown_00cd	_descriptions	GNData
Unknown_00cd	_directAccess	bool
Unknown_00cd	_faPosixPath	GNString
Unknown_00cd	_faPosixPathCache	GNString
Unknown_00cd	_file	GNFile
Unknown_00cd	_fileNumber	UInt32
Unknown_00cd	_fileSize	UInt64
Unknown_00cd	_header	FILE_ARCHIVE_HEADER
Unknown_00cd	_isWriting	bool
Unknown_00cd	_lock	GNLock
Unknown_00cd	_readOnly	bool
Unknown_00cd	_readingFileOffset	UInt64
Unknown_00cf	_allowComments	bool
Unknown_00cf	_allowNullValuesInCollections	bool
Unknown_00cf	_allowTrailingCommasInCollections	bool
Unknown_00cf	_archiveVersion	GNInt
Unknown_00cf	_beautify	bool
Unknown_00cf	_buffer	GNString
Unknown_00cf	_bufferByClassname	GNDictionary
Unknown_00cf	_bufferChars	GNUniChar *
Unknown_00cf	_canonicalName	GNString
Unknown_00cf	_className	GNString
Unknown_00cf	_compressionLevel	GNBzip2CompressionLevel
Unknown_00cf	_connected	bool
Unknown_00cf	_content	GNDictionary
Unknown_00cf	_dict	GNDictionary
Unknown_00cf	_distictsByIntValue	bool
Unknown_00cf	_entityName	GNString
Unknown_00cf	_evaluatedValue	GNObject
Unknown_00cf	_expirationDate	GNDate
Unknown_00cf	_false	GNString
Unknown_00cf	_fetchLimit	GNInt
Unknown_00cf	_filePath	GNFilePath
Unknown_00cf	_fp	GNFilePath
Unknown_00cf	_headers	GNDictionary
Unknown_00cf	_httpVersion	GNString
Unknown_00cf	_idx	GNInt
Unknown_00cf	_ignoresZeros	bool
Unknown_00cf	_initialLocationInStream	SInt64
Unknown_00cf	_isFinalized	bool
Unknown_00cf	_join	GNString
Unknown_00cf	_key	GNString
Unknown_00cf	_keys	GNList
Unknown_00cf	_keysToSkipByClassname	GNDictionary
Unknown_00cf	_lastError	GNError
Unknown_00cf	_len	GNInt
Unknown_00cf	_listening	bool
Unknown_00cf	_localReceiveThread	GNThread
Unknown_00cf	_locationCache	UInt64
Unknown_00cf	_locksObjects	bool
Unknown_00cf	_maxValue	float
Unknown_00cf	_method	GNString
Unknown_00cf	_minValue	float
Unknown_00cf	_mode	GNStreamMode
Unknown_00cf	_name	GNString
Unknown_00cf	_numberFormatter	GNNumberFormatter
Unknown_00cf	_promptsAfterFetchLimit	bool
Unknown_00cf	_readBufferSize	SInt32
Unknown_00cf	_refreshesRefetchedObjects	bool
Unknown_00cf	_requiresAllQualifierBindingVariables	bool
Unknown_00cf	_rootPath	GNFilePath
Unknown_00cf	_scanner	GNStringScanner
Unknown_00cf	_skipNullValuesInCollections	bool
Unknown_00cf	_socketFD	GNSocketT
Unknown_00cf	_stream	GNTypedStream
Unknown_00cf	_stringEncoding	GNStringEncoding
Unknown_00cf	_tocChunkLengths	GNData
Unknown_00cf	_tocIsComplete	bool
Unknown_00cf	_tocOffsets	GNData
Unknown_00cf	_true	GNString
Unknown_00cf	_url	GNURL
Unknown_00cf	_userAbort	bool
Unknown_00cf	_userDictionary	GNDictionary
Unknown_00cf	_usesDistinct	bool
Unknown_00cf	_verbosity	GNInt
Unknown_00cf	_workFactor	GNInt
Unknown_00d0	_caseInsensitive	bool
Unknown_00d0	_compressionLevel	GNZstdCompressionLevel
Unknown_00d0	_didFail	bool
Unknown_00d0	_didTimeOut	bool
Unknown_00d0	_error	GNError
Unknown_00d0	_expectedResultLength	GNInt
Unknown_00d0	_hash	UInt32
Unknown_00d0	_httpStatusCode	GNInt
Unknown_00d0	_isStackedEncryption	bool
Unknown_00d0	_isSuspended	bool
Unknown_00d0	_key	GNString
Unknown_00d0	_pattern	GNString
Unknown_00d0	_privateKeyData	GNData
Unknown_00d0	_privateKeyFile	GNFilePath
Unknown_00d0	_protocolName	GNString
Unknown_00d0	_publicKeyData	GNData
Unknown_00d0	_publicKeyFile	GNFilePath
Unknown_00d0	_readBuffer	GNData
Unknown_00d0	_receivedResultLength	GNInt
Unknown_00d0	_regexCompiled	bool
Unknown_00d0	_resultData	GNData
Unknown_00d0	_resultMimeType	GNString
Unknown_00d0	_serviceName	GNString
Unknown_00d0	_string	GNString
Unknown_00d0	_uploadLength	SInt64
Unknown_00d4	_isValid	bool
Unknown_00d6	_equalLeftObjects	GNSet
Unknown_00d6	_pendingReferenceObjects	GNList
Unknown_00d6	_pendingReferenceReleationships	GNList
Unknown_00d6	_targetsForSources	GNHashedDictionary
Unknown_00da	_allocCount	GNInt
Unknown_00da	_allocLock	SInt32
Unknown_00da	_indexHint	GNInt
Unknown_00da	_priority	GNThreadPriorityGroup
Unknown_00db	_arguments	GNData
Unknown_00db	_freeSelectorOnRelease	bool
Unknown_00db	_freeSignatureOnRelease	bool
Unknown_00db	_index	GNInt
Unknown_00db	_selector	GNMethodSelector
Unknown_00db	_signature	GNMethodSignature
Unknown_00e0	_key	GNString
Unknown_00e0	_value	float
Unknown_00e0	_weight	float
Unknown_00e3	_endValue	float
Unknown_00e3	_startValue	float
Unknown_00e4	_byteCount	GNInt
Unknown_00e4	_keyIndex	GNInt
Unknown_00e4	_useCount	GNInt
Unknown_00e4	_valueCTypeID	GNCTypeID
Unknown_00e5	_dataLength	GNInt
Unknown_00e5	_dataLocation	SInt64
Unknown_00e5	_excessDataLength	GNInt
Unknown_00e5	_excessDataLocation	SInt64
Unknown_00e7	_bytesExpectedToReceive	GNInt
Unknown_00e7	_bytesExpectedToSend	GNInt
Unknown_00e7	_bytesReceived	GNInt
Unknown_00e7	_bytesSent	GNInt
Unknown_00e7	_communicationError	GNCelemonyAccountClientCommunicationError
Unknown_00e7	_condition	GNCondition
Unknown_00e7	_contentType	GNHTTPRequestContentType
Unknown_00e7	_didFail	bool
Unknown_00e7	_error	GNError
Unknown_00e7	_errorForLog	GNInt
Unknown_00e7	_expectedResultLength	GNInt
Unknown_00e7	_expirationDate	GNDate
Unknown_00e7	_failedProgress	float
Unknown_00e7	_headerValues	GNDictionary
Unknown_00e7	_httpBody	GNData
Unknown_00e7	_httpMethod	GNString
Unknown_00e7	_httpStatusCode	GNInt
Unknown_00e7	_ilokSerialNumber	SInt64
Unknown_00e7	_isCancelled	GNInt
Unknown_00e7	_isDemo	bool
Unknown_00e7	_isSuspended	bool
Unknown_00e7	_licenseDictionary	GNDictionary
Unknown_00e7	_licenseFileUpToDate	bool
Unknown_00e7	_parameter	GNDictionary
Unknown_00e7	_pingInterval	GNTimeInterval
Unknown_00e7	_receivedResultLength	GNInt
Unknown_00e7	_remainingDays	GNInt
Unknown_00e7	_remainingDaysNeeded	bool
Unknown_00e7	_resultData	GNData
Unknown_00e7	_resultMimeType	GNString
Unknown_00e7	_resultValuesCache	GNDictionary
Unknown_00e7	_resultValuesExpected	bool
Unknown_00e7	_serialNumber	GNString
Unknown_00e7	_serialNumberProductID	GNSerialNumberProduct
Unknown_00e7	_shouldCancel	GNInt
Unknown_00e7	_timeout	GNTimeInterval
Unknown_00e7	_url	GNString
Unknown_00e7	_urlToCheckOpen	GNURL
Unknown_00e7	_urlToOpen	GNURL
Unknown_00e9	_bytesExpectedToReceive	GNInt
Unknown_00e9	_bytesExpectedToSend	GNInt
Unknown_00e9	_bytesReceived	GNInt
Unknown_00e9	_bytesSent	GNInt
Unknown_00e9	_errorForLog	GNInt
Unknown_00e9	_isProcessing	GNInt
Unknown_00e9	_placeholderString	GNString
Unknown_00e9	_serverReachable	bool
Unknown_010e	_beatMatchingWeightedQuality	float
Unknown_010e	_belongsToScale	bool
Unknown_010e	_borders	GNData
Unknown_010e	_correlationQuality	float
Unknown_010e	_data	GNData
Unknown_010e	_descriptionGrade	MUDescriptionGrade
Unknown_010e	_identifier	GNString
Unknown_010e	_isInConstantTempoRegion	float
Unknown_010e	_nonUniqueObjectsCount	GNInt
Unknown_010e	_position	double
Unknown_010e	_samplesPerValue	double
Unknown_010e	_sequencedObjects	GNList
Unknown_010e	_tonic	GNInt
Unknown_010e	_tuning	float
Unknown_010e	_tuningOffset	float
Unknown_010e	_userInfo	GNDictionary
Unknown_010e	_values	GNData
Unknown_010f	_allowAutomaticPolyphonicDetection	bool
Unknown_010f	_audioInputBufferOffset	SInt64
Unknown_010f	_audioRecorderLock	GNLock
Unknown_010f	_autoUnregister	bool
Unknown_010f	_bufferEndSampleIndex	SInt64
Unknown_010f	_bufferStartSampleIndex	SInt64
Unknown_010f	_channelFormat	GNAudioChannelFormat
Unknown_010f	_channelIndexes	GNData
Unknown_010f	_continueAllPhasesByDefault	bool
Unknown_010f	_controllerCreator	MUAudioEffectControllerCreator
Unknown_010f	_data	float **
Unknown_010f	_definesHostRenderSampleIndex	bool
Unknown_010f	_definesPerformanceTime	bool
Unknown_010f	_definesProcessingOffline	bool
Unknown_010f	_definesRenderParameter	bool
Unknown_010f	_definesRenderSampleIndex	bool
Unknown_010f	_definesTimeProgressor	bool
Unknown_010f	_descriptionType	MUAudioSourceDescriptionType
Unknown_010f	_detectionQuality	float
Unknown_010f	_deviceChannelIndex	GNInt
Unknown_010f	_didStop	bool
Unknown_010f	_effectIdentifier	GNString
Unknown_010f	_energyClaimFactor	float
Unknown_010f	_filePath	GNFilePath
Unknown_010f	_findSibilantPointsAutomatically	bool
Unknown_010f	_finished	bool
Unknown_010f	_formantPitchDownCompensationFactor	float
Unknown_010f	_formantPitchUpCompensationFactor	float
Unknown_010f	_freqDomainFormantResolution	float
Unknown_010f	_freqDomainFourierSize	GNInt
Unknown_010f	_freqDomainPhaseResetParametersScale	float
Unknown_010f	_harmonicNumber	GNInt
Unknown_010f	_hasDistinctAttacks	bool
Unknown_010f	_hostRenderSampleIndex	SInt64
Unknown_010f	_idealEndPulse	GNFraction
Unknown_010f	_idealStartPulse	GNFraction
Unknown_010f	_identifier	GNString
Unknown_010f	_inputChannelCount	GNInt
Unknown_010f	_inputChannelFormat	GNAudioChannelFormat
Unknown_010f	_isAudioAccessible	bool
Unknown_010f	_isBypassing	bool
Unknown_010f	_isContinuousDirectAppendingEnabled	bool
Unknown_010f	_isDeviceThread	bool
Unknown_010f	_isMarkedAsPreliminaryItem	bool
Unknown_010f	_isPreferredDivisionTriplets	bool
Unknown_010f	_isPreliminary	bool
Unknown_010f	_isResidual	bool
Unknown_010f	_isTonalicOnly	bool
Unknown_010f	_lastBufferSampleIndex	SInt64
Unknown_010f	_lastDidAppendPostingTime	double
Unknown_010f	_mask	GNInt
Unknown_010f	_nextPerformanceTime	double
Unknown_010f	_outputChannelCount	GNInt
Unknown_010f	_outputChannelFormat	GNAudioChannelFormat
Unknown_010f	_percussiveSeparation	bool
Unknown_010f	_performanceTime	double
Unknown_010f	_pitchCenter	float
Unknown_010f	_preferredSubPulsesIndex	GNInt
Unknown_010f	_processPeriodBased	bool
Unknown_010f	_processor	GNAudioProcessor
Unknown_010f	_protectedSampleCount	GNInt
Unknown_010f	_recordersToBeAdded	GNConcurrentQueue
Unknown_010f	_recordersToBeRemoved	GNConcurrentQueue
Unknown_010f	_renderSampleIndex	SInt64
Unknown_010f	_renderWithOriginalTime	bool
Unknown_010f	_resetAllPhasesAtAttack	bool
Unknown_010f	_rightSeparationTypeIsSetExplicitly	bool
Unknown_010f	_sampleCount	SInt64
Unknown_010f	_sampleIndex	SInt64
Unknown_010f	_sampleOffset	SInt64
Unknown_010f	_sampleRate	double
Unknown_010f	_shouldStop	bool
Unknown_010f	_signalEndSampleOffset	SInt64
Unknown_010f	_signalStartSampleOffset	SInt64
Unknown_010f	_size	GNInt
Unknown_010f	_slotChannelIndex	GNInt
Unknown_010f	_sortingValue	float
Unknown_010f	_soundFile	GNSoundFile
Unknown_010f	_splitArchiveSourceComponentIndex	GNInt
Unknown_010f	_splitArchiveSourceElementIndex	GNInt
Unknown_010f	_startSampleIndex	SInt64
Unknown_010f	_tempoFactor	double
Unknown_010f	_timePosIndexOfPitchCenterRelevanceEnd	GNInt
Unknown_010f	_timePosIndexOfPitchCenterRelevanceStart	GNInt
Unknown_010f	_title	GNString
Unknown_010f	_useAutomaticDetection	bool
Unknown_010f	_userInfo	GNDictionary
Unknown_010f	_usesPososc	bool
Unknown_0110	_aTestFlag	bool
Unknown_0110	_amount	float
Unknown_0110	_anchorSampleOffset	SInt64
Unknown_0110	_attackItemDefaultDetectionQualityLimit	float
Unknown_0110	_attackItemDetectionQualityLimit	float
Unknown_0110	_attackItemDetectionVisualQualityLimit	float
Unknown_0110	_attackPhaseContinuingData	GNData
Unknown_0110	_attackQuality	float
Unknown_0110	_centPosIndex	GNInt
Unknown_0110	_changedAttackItems	GNList
Unknown_0110	_decomposedAudioSignalsAreInvalid	bool
Unknown_0110	_decomposedAudioSignalsAreLoaded	bool
Unknown_0110	_descriptionGrade	MUDescriptionGrade
Unknown_0110	_didPerformBreathSeparation	bool
Unknown_0110	_didRecalcAllElementsPeriodsAndPitchCentersFromDecomposedAudioSignals	bool
Unknown_0110	_displayMatrixStartSliceIndex	GNInt
Unknown_0110	_displayMatrixStartSliceIndexInRingBuffer	GNInt
Unknown_0110	_displayMatrixTimeSliceCount	GNInt
Unknown_0110	_elementStretchingMode	MUElementStretchingMode
Unknown_0110	_endSibilantStartSampleOffset	SInt64
Unknown_0110	_energyRawMatrix	float *
Unknown_0110	_explicitTimeSliceTimeDistance	double
Unknown_0110	_filteredPitchCent	float
Unknown_0110	_findMonophonicPitchInFrequencyDomain	bool
Unknown_0110	_firstSpectrumTime	double
Unknown_0110	_fundamentalMagnitude	float
Unknown_0110	_fundamentalTonalMagnitude	float
Unknown_0110	_hasBestTempoDetection	bool
Unknown_0110	_isConsideredSilent	bool
Unknown_0110	_isEditingDetection	bool
Unknown_0110	_isPitchToChordAdaptionEnabled	bool
Unknown_0110	_isSingleInstrument	bool
Unknown_0110	_itemDetectionQualityLimit	float
Unknown_0110	_itemDetectionVisualQualityLimit	float
Unknown_0110	_itemsAreNonAdjacentAtAttacks	bool
Unknown_0110	_loopComponentId	MULoopComponentId
Unknown_0110	_lowerSuggestedPitchRangeLimit	float
Unknown_0110	_modelSpectra	GNData
Unknown_0110	_modelSpectraSemitoneCount	GNInt
Unknown_0110	_modelSpectrumSignalsCache	GNData
Unknown_0110	_modelSpectrumSize	GNInt
Unknown_0110	_modifiedSourceElements	GNList
Unknown_0110	_noiseRanges	GNList
Unknown_0110	_parameterDataSize	GNInt
Unknown_0110	_parameterValuesPerSecond	double
Unknown_0110	_phaseDiffusionAtAttack	float
Unknown_0110	_pitchByHarmonics	float
Unknown_0110	_pitchCent	float
Unknown_0110	_pitchHarmonicQuality	float
Unknown_0110	_pitchHorizontality	float
Unknown_0110	_pitchIndexAssignmentOffset	GNInt
Unknown_0110	_pitchQualityWeight	float
Unknown_0110	_pitchRelevanceSampleOffset	SInt64
Unknown_0110	_pitchToChordAdaptionContext	MUChordContext
Unknown_0110	_pitchToChordAdaptionMode	MUPitchToChordAdaptionMode
Unknown_0110	_pitchWithoutVibrato	float
Unknown_0110	_polyphonicSeparationDirectoryIdentifier	GNString
Unknown_0110	_propertyPointNumber	GNInt
Unknown_0110	_propertyPointsMagnitudeToEnvelopeAmplitudeFactor	float
Unknown_0110	_recordingInfoString	GNString
Unknown_0110	_releaseSampleOffset	SInt64
Unknown_0110	_relevanceFromDetectionMatrix	float
Unknown_0110	_sampleIndex	SInt64
Unknown_0110	_sampleOffset	GNInt
Unknown_0110	_separationChangeCount	GNInt
Unknown_0110	_shouldHandleSibilants	bool
Unknown_0110	_spectraTimeDistance	double
Unknown_0110	_spectralMagnitudeSum	float
Unknown_0110	_startSibilantEndSampleOffset	SInt64
Unknown_0110	_stretchElements	MUAudioSourceDescriptionStretchMode
Unknown_0110	_suggestedStartSibilantEndSampleOffset	SInt64
Unknown_0110	_suggestsSeparateComponentRenderers	bool
Unknown_0110	_temporaryAuxFloatValue1	float
Unknown_0110	_timeSliceCount	GNInt
Unknown_0110	_timeSliceIndex	GNInt
Unknown_0110	_title	GNString
Unknown_0110	_tonality	float
Unknown_0110	_updateDecomposedAudioSignalsImmediately	bool
Unknown_0110	_updateDecomposedAudioSignalsIsSuspended	bool
Unknown_0110	_upperSuggestedPitchRangeLimit	float
Unknown_0110	_useOverallResidualItems	bool
Unknown_0110	_weightForContinuedTonality	float
Unknown_0110	_windowOverlapForTimeSlices	GNInt
Unknown_0111	_accidentalsTitleType	MUChordAccidentalsTitleType
Unknown_0111	_assumesClosePosition	bool
Unknown_0111	_assumesLowestPitchAsRoot	bool
Unknown_0111	_augDimTitleType	MUChordAugDimTitleType
Unknown_0111	_bassFifthsIndex	GNInt
Unknown_0111	_cachesDerivedFunctions	bool
Unknown_0111	_chord	MUChord
Unknown_0111	_chordIsAug	bool
Unknown_0111	_chordIsDim	bool
Unknown_0111	_chordIsDom	bool
Unknown_0111	_chordIsHalfDim	bool
Unknown_0111	_chordTitleIndicators	GNList
Unknown_0111	_clickSampleCountInv	float
Unknown_0111	_clickStartSampleIndex	GNInt
Unknown_0111	_copiesAudioSources	bool
Unknown_0111	_defaultDenominator	GNInt @0xc
Unknown_0111	_degreeBits	UInt64
Unknown_0111	_descriptionGrade	MUDescriptionGrade
Unknown_0111	_detectsBassNote	bool
Unknown_0111	_detectsChordExtensions	bool
Unknown_0111	_detectsChurchModes	bool
Unknown_0111	_detectsDetailedModeChanges	bool
Unknown_0111	_detectsPitchSystem	bool
Unknown_0111	_detectsSingleMode	bool
Unknown_0111	_didRequestCacheValidation	bool
Unknown_0111	_displayedExtension	GNString
Unknown_0111	_extensionLimit	GNInt
Unknown_0111	_extensionNames	GNList
Unknown_0111	_freq	float
Unknown_0111	_granularity	GNFraction
Unknown_0111	_inputVariants	GNList
Unknown_0111	_intervalWeights	GNData
Unknown_0111	_isCacheMember	bool
Unknown_0111	_isOffsetToNextPointLocked	bool
Unknown_0111	_isXLocked	bool
Unknown_0111	_isYLocked	bool
Unknown_0111	_key	GNString
Unknown_0111	_leftControlPointXDelta	double
Unknown_0111	_leftControlPointYDelta	double
Unknown_0111	_levelFactor	float
Unknown_0111	_lowercasesMinor	bool
Unknown_0111	_maj11Symbol	GNString
Unknown_0111	_maj13Symbol	GNString
Unknown_0111	_maj7Symbol	GNString
Unknown_0111	_maj9Symbol	GNString
Unknown_0111	_majNumberPrefix	GNString
Unknown_0111	_major7TitleType	MUChordMajor7TitleType
Unknown_0111	_minorTitleType	MUChordMinorTitleType
Unknown_0111	_mustBeInvertible	bool
Unknown_0111	_numberPrefixes	GNString
Unknown_0111	_omitDoubtedThirds	bool
Unknown_0111	_omitParsingSymbol	GNString
Unknown_0111	_omitTitleType	MUChordOmitTitleType
Unknown_0111	_phase	float
Unknown_0111	_polarity	MUFunctionPolarity
Unknown_0111	_reflectsBeatStrength	bool
Unknown_0111	_reflectsDetectionQuality	bool
Unknown_0111	_reflectsDynamic	bool
Unknown_0111	_reflectsPitch	bool
Unknown_0111	_reflectsPitchSystem	bool
Unknown_0111	_rightControlPointXDelta	double
Unknown_0111	_rightControlPointYDelta	double
Unknown_0111	_rootFifthsIndex	GNInt
Unknown_0111	_rootName	GNString
Unknown_0111	_samplesToRender	GNInt
Unknown_0111	_shows4InSus4	bool
Unknown_0111	_slope	double
Unknown_0111	_string	GNString
Unknown_0111	_suggestsMissingFifth	bool
Unknown_0111	_suggestsMissingThird	bool
Unknown_0111	_syncsSlopes	bool
Unknown_0111	_tablePhase	double
Unknown_0111	_temporaryAuxFloatValue2	float
Unknown_0111	_usedIntervals	GNData
Unknown_0111	_usedOutputChannelIndicies	GNData
Unknown_0111	_workString	GNString
Unknown_0111	_xDistanceResolutionForLinearApproximation	double
Unknown_0111	_yDistanceResolutionForLinearApproximation	double
Unknown_0112	_accumulatedPhasesOfChannel	fcomplex **
Unknown_0112	_accumulatedPhasesValid	bool
Unknown_0112	_allocatedPoolBuffersCount	GNInt
Unknown_0112	_allocatedPoolBuffersSize	GNInt
Unknown_0112	_allowPeriodBasedPhaseReset	bool
Unknown_0112	_ampEnvelopeEndBlendStartValue	float
Unknown_0112	_binPhaseProcessingCount	char *
Unknown_0112	_bufferEndTime	double
Unknown_0112	_bufferStartTime	double
Unknown_0112	_calcAuxBuffer0	float *
Unknown_0112	_calcAuxBuffer1	float *
Unknown_0112	_calcAuxBuffer2	float *
Unknown_0112	_calcAuxBuffer3	float *
Unknown_0112	_canUseSpectrumShaper	bool
Unknown_0112	_complexSpectrumOfChannel	fcomplex **
Unknown_0112	_constantProcessBlockSize	GNInt
Unknown_0112	_currentAmpsOfChannel	float **
Unknown_0112	_currentAttackSampleIndex	SInt64
Unknown_0112	_currentBlockStepSizeInOutputReadBuffer	GNInt
Unknown_0112	_currentPhaseIncrementsAndAmpsValid	bool
Unknown_0112	_currentPhaseIncrementsOfChannel	fcomplex **
Unknown_0112	_currentPhasesOfChannel	fcomplex **
Unknown_0112	_currentSourcePeriod	double
Unknown_0112	_currentSpectrumOfChannel	fcomplex **
Unknown_0112	_endBlendDuration	float
Unknown_0112	_endBlendStartTime	double
Unknown_0112	_envelopeEndBlendStarted	bool
Unknown_0112	_fadeBufferOfChannel	float **
Unknown_0112	_formantEnvelopeEndBlendStartValue	float
Unknown_0112	_invSourceSamplePositionIncrementForOriginalTempo	double
Unknown_0112	_isAnyPhaseProcessed	bool
Unknown_0112	_isFadingIn	bool
Unknown_0112	_isFadingInDisabled	bool
Unknown_0112	_isFadingOut	bool
Unknown_0112	_isFirstComponentInQueue	bool
Unknown_0112	_isSibilant	bool
Unknown_0112	_lastSampleFramesToNextUpdate	GNInt
Unknown_0112	_magnitudeValues	float *
Unknown_0112	_nextAttackSampleIndex	SInt64
Unknown_0112	_outputReadBufferIsFaded	bool
Unknown_0112	_outputReadBufferOfChannel	float **
Unknown_0112	_outputReadBufferSize	GNInt
Unknown_0112	_outputReadBufferValidRegionEndIndex	GNInt
Unknown_0112	_outputReadBufferValidRegionEndIndexDouble	double
Unknown_0112	_outputValues	float *
Unknown_0112	_playbackAmplitudeFactor	float
Unknown_0112	_poolBuffers	float **
Unknown_0112	_poolBuffersLocks	bool *
Unknown_0112	_positionInOutputReadBuffer	double
Unknown_0112	_pososcBuffersOfChannel	float **
Unknown_0112	_pososcOrigPeriod	double
Unknown_0112	_pososcOrigReadPosition	double
Unknown_0112	_pososcOutPhase	double
Unknown_0112	_pososcReadPhase	double
Unknown_0112	_prevHadSignal	bool
Unknown_0112	_prevIsAnyPhaseProcessed	bool
Unknown_0112	_prevPhaseIncrements	fcomplex *
Unknown_0112	_previousAmpsOfChannel	float **
Unknown_0112	_previousBlockHadPhaseReset	bool
Unknown_0112	_previousElementStartInPerformanceTime	double
Unknown_0112	_previousPhasesOfChannel	fcomplex **
Unknown_0112	_previousPhasesValid	bool
Unknown_0112	_processPeriodBased	bool
Unknown_0112	_processSpectrumShaper	bool
Unknown_0112	_processStereoChannelsSeparately	bool
Unknown_0112	_processedChannelCount	GNInt
Unknown_0112	_processingBufferSize	GNInt
Unknown_0112	_processingBuffersOfChannel	float **
Unknown_0112	_sampleFramesToNextUpdate	GNInt
Unknown_0112	_sampleRateReductionForFourierProcessing	GNInt
Unknown_0112	_sampleRateReductionForOutputReadBuffer	GNInt
Unknown_0112	_sampleRateReductionsRatio	GNInt
Unknown_0112	_shouldFinishTailAndStop	bool
Unknown_0112	_shouldStop	bool
Unknown_0112	_shouldUseMidAndSideSignal	bool
Unknown_0112	_sourceComponentFadeOutSamplePositionInSource	double
Unknown_0112	_sourcePeriodLastLeftPointIndex	GNInt
Unknown_0112	_sourceReadBufferOfChannel	float **
Unknown_0112	_sourceSampleIndexForOutputReadBufferStart	SInt64
Unknown_0112	_sourceSamplePositionIncrementForOriginalTempo	double
Unknown_0112	_spectrumDiffPowEnvelopeEndBlendStartValue	float
Unknown_0112	_spectrumMagnitudeFactors	float *
Unknown_0112	_sumStereoToMono	bool
Unknown_0112	_synthSignalBuffer	float *
Unknown_0112	_synthSignalIsInAttackPhase	bool
Unknown_0112	_synthSignalPeriod	double
Unknown_0112	_synthSignalPhase	double
Unknown_0112	_useCubicInterpolation	bool
Unknown_0112	_useMidAndSideSignal	bool
Unknown_0112	_useMonophonicFormantProcessing	bool
Unknown_0112	_usePososc	bool
Unknown_0113	_aTestFlag1	bool
Unknown_0113	_allTempoPeriodColumns	GNList
Unknown_0113	_allTempoRegions	GNList
Unknown_0113	_amplitudeFactor	float
Unknown_0113	_amplitudeFadeInEndSourceTime	double
Unknown_0113	_amplitudeFadeInShapePow	double
Unknown_0113	_amplitudeFadeOutShapePow	double
Unknown_0113	_amplitudeFadeOutStartSourceTime	double
Unknown_0113	_analyzerCanSwitchToPolyphonicDetection	bool
Unknown_0113	_analyzerDidSwitchToPolyphonicDetection	bool
Unknown_0113	_anchorPoint	double
Unknown_0113	_attackDuration	double
Unknown_0113	_attackSlopeFactor	double
Unknown_0113	_beatIndex	GNInt
Unknown_0113	_currentDescriptionType	MUAudioSourceDescriptionType
Unknown_0113	_decayElongation	MUDecayElongation
Unknown_0113	_decayEndPoint	double
Unknown_0113	_decayStartPoint	double
Unknown_0113	_deviceSampleIndex	SInt64
Unknown_0113	_didAddAndMute	bool
Unknown_0113	_didFixDetection	bool
Unknown_0113	_didFixPitch	bool
Unknown_0113	_didFixTime	bool
Unknown_0113	_didRequestCacheValidation	bool
Unknown_0113	_didShiftTime	bool
Unknown_0113	_duration	double
Unknown_0113	_endSampleIndex	SInt64
Unknown_0113	_engineDuration	double
Unknown_0113	_engineTimeIncrement	double
Unknown_0113	_enquededRenderersPending	bool
Unknown_0113	_expectedEngineCount	GNInt
Unknown_0113	_fadeAtEnd	bool
Unknown_0113	_fadeAtStart	bool
Unknown_0113	_fadeInTime	double
Unknown_0113	_fadeOutTime	double
Unknown_0113	_firesNotifications	bool
Unknown_0113	_formantOffset	float
Unknown_0113	_initialTimeStretchingOffset	double
Unknown_0113	_isMuted	bool
Unknown_0113	_isPolyphonicDetectionDisabled	bool
Unknown_0113	_isSlaveElementEndTimeValid	bool
Unknown_0113	_isSlaveElementValid	bool
Unknown_0113	_isStoppingRenderThread	bool
Unknown_0113	_isSyncingToMasterOrValidatingCaches	GNInt
Unknown_0113	_maxPropertyPointNumber	GNInt
Unknown_0113	_pitchCenter	float
Unknown_0113	_pitchDriftFactor	float
Unknown_0113	_pitchModulationFactor	float
Unknown_0113	_prevProgressTime	double
Unknown_0113	_reducePropertyPointsToHalf	bool
Unknown_0113	_releasePoint	double
Unknown_0113	_renderersToBeAdded	GNConcurrentQueue
Unknown_0113	_renderersToBeRemoved	GNConcurrentQueue
Unknown_0113	_requestedDeviceSampleIndex	SInt64
Unknown_0113	_rhythmPeakDataSize	GNInt
Unknown_0113	_rhythmPeakDataValuesPerSecond	double
Unknown_0113	_sibilantBalance	float
Unknown_0113	_skipAudioSeparation	bool
Unknown_0113	_skipTempoDetection	bool
Unknown_0113	_soundFile	GNSoundFile
Unknown_0113	_sourceTimeForElementTimeFunctionAttackSlope	double
Unknown_0113	_sourceTimeForElementTimeFunctionExceedsDuration	bool
Unknown_0113	_spectrogramMagnitudeSums	float *
Unknown_0113	_startSampleIndex	SInt64
Unknown_0113	_startTime	double
Unknown_0113	_tempoDetectionStartTime	double
Unknown_0113	_tempoPointsPerSecond	double
Unknown_0113	_testParameterValues1	float *
Unknown_0113	_testParameterValues2	float *
Unknown_0113	_testParameterValues3	float *
Unknown_0113	_testParameterValues4	float *
Unknown_0113	_testVerticalArrayValues	float *
Unknown_0113	_usedBeats	GNList
Unknown_0113	_usedDuration	double
Unknown_0113	_usedSampleCount	SInt64
Unknown_0114	_aTestFlag2	bool
Unknown_0114	_aTestFlag3	bool
Unknown_0114	_aTestFlag4	bool
Unknown_0114	_aTestMode	GNInt
Unknown_0114	_aTestValue1	float
Unknown_0114	_aTestValue2	float
Unknown_0114	_aTestValue3	float
Unknown_0114	_aTestValue4	float
Unknown_0114	_allAttackPeakQuality	float
Unknown_0114	_allAttackPeakToEnergyRegionRatio	float
Unknown_0114	_allCentDiffPerMillisecond	float
Unknown_0114	_allEnergyRelevantRegionRatio	float
Unknown_0114	_allMonophony	float
Unknown_0114	_allPercussiveDecay	float
Unknown_0114	_allPitchRangePerNote	float
Unknown_0114	_allRhythmicQuality	float
Unknown_0114	_allTonality	float
Unknown_0114	_allTransientsPaths	GNList
Unknown_0114	_averagePeriod	double
Unknown_0114	_bestPointsHorizontalIndicesAtSlices	GNData
Unknown_0114	_bestPointsHorizontalQualitiesAtSlices	GNData
Unknown_0114	_bestPointsVerticalIndicesAtBins	GNData
Unknown_0114	_bestPointsVerticalQualitiesAtBins	GNData
Unknown_0114	_duration	double
Unknown_0114	_engineIndex	GNInt
Unknown_0114	_engineSampleOffset	SInt64
Unknown_0114	_filterArray	float *
Unknown_0114	_filterArraySize	GNInt
Unknown_0114	_filterDoubleArray	double *
Unknown_0114	_filterDoubleArraySize	GNInt
Unknown_0114	_filteredSpectrogramMagnitudeSums	float *
Unknown_0114	_filteredValuesArray	float *
Unknown_0114	_filteredValuesArraySize	GNInt
Unknown_0114	_filteredValuesDoubleArray	double *
Unknown_0114	_filteredValuesDoubleArraySize	GNInt
Unknown_0114	_firstBeatPosition	double
Unknown_0114	_firstIndex	GNInt
Unknown_0114	_foundPropertyPointCount	GNInt
Unknown_0114	_identifier	GNString
Unknown_0114	_isPercussive	bool
Unknown_0114	_isPolyphonic	bool
Unknown_0114	_isValid	bool
Unknown_0114	_lastIndex	GNInt
Unknown_0114	_maxAmplitude	float
Unknown_0114	_maxRelevancePropertyPointsOfCentMatrixColumns	int2FloatStruct *
Unknown_0114	_minEventDistance	double
Unknown_0114	_noiseRanges	GNList
Unknown_0114	_nonSilentRmsVals	GNInt *
Unknown_0114	_nonSilentSampleCount	SInt64
Unknown_0114	_origEnvelope	GNData
Unknown_0114	_origPeriods	GNData
Unknown_0114	_origRMS	GNData
Unknown_0114	_origRMSValid	bool
Unknown_0114	_origTonality	GNData
Unknown_0114	_originalColumnEnergyOfPolyPitchEnergyMatrixInv	float *
Unknown_0114	_originalSignal	float *
Unknown_0114	_originalSignalBufferWithMargin	float *
Unknown_0114	_originalTrueTimeAmplitudesMatrix	GNData
Unknown_0114	_parameterDataSize	GNInt
Unknown_0114	_parameterValuesPerSecond	double
Unknown_0114	_pitchBarycenter	float
Unknown_0114	_pitchJumpsSum	float
Unknown_0114	_pitchMatrix	float *
Unknown_0114	_pitchMatrixPeaks	GNList
Unknown_0114	_pitchMatrixTimePosCount	GNInt
Unknown_0114	_playsSpectrumOnly	bool
Unknown_0114	_polyPitchCentMatrixForAdditionalDisplay	float *
Unknown_0114	_polyPitchEnergyMatrixExtracted	float *
Unknown_0114	_polyPitchEnergyMatrixOriginal	float *
Unknown_0114	_polyPitchMatrixVectorsMagnitude	GNData
Unknown_0114	_polyPitchMatrixVectorsY	GNData
Unknown_0114	_polyPitchRelevanceMatrixExtracted	float *
Unknown_0114	_polyPitchRelevanceMatrixOriginal	float *
Unknown_0114	_posNoiseEnergies	float *
Unknown_0114	_position	GNFraction
Unknown_0114	_previousRelevanceRankLimit	GNInt
Unknown_0114	_previousRelevanceRankLimitForNewPaths	GNInt
Unknown_0114	_previousRenderedBackgroundDisplayType	GNInt
Unknown_0114	_previousTestValue1	float
Unknown_0114	_previousTestValue2	float
Unknown_0114	_previousTestValue3	float
Unknown_0114	_previousTestValue4	float
Unknown_0114	_processedTimeSliceCount	GNInt
Unknown_0114	_propertyPointsMagnitudeToEnvelopeAmplitudeFactorSum	float
Unknown_0114	_propertyPointsMagnitudeToEnvelopeAmplitudeFactorWeightSum	float
Unknown_0114	_referenceAttackPeakValue	float
Unknown_0114	_referencePeakRmsLevel	float
Unknown_0114	_relevanceMatrix	GNData
Unknown_0114	_relevancePeaks	PNTestMatrixPeaksForFastSearch
Unknown_0114	_resolution	GNFraction
Unknown_0114	_sampleCount	SInt64
Unknown_0114	_sampleRate	double
Unknown_0114	_shouldStop	bool
Unknown_0114	_smoothedOriginalAmplitudesMatrixForFundamentalInfluence	GNData
Unknown_0114	_spectralPointsAtSlices	GNList
Unknown_0114	_spectralPointsHorizontalQualitiesAtSlices	GNList
Unknown_0114	_spectralPointsVerticalQualitiesAtBins	GNList
Unknown_0114	_spectrogramMagnitudeSums	float *
Unknown_0114	_startTime	double
Unknown_0114	_swingFactor	float
Unknown_0114	_swingResolution	GNFraction
Unknown_0114	_testPoints	GNList
Unknown_0114	_testPoints1	GNList
Unknown_0114	_testPoints2	GNList
Unknown_0114	_timeSliceCount	GNInt
Unknown_0114	_title	GNString
Unknown_0114	_useDNA2ForPolyphonicDetection	bool
Unknown_0114	_volume	float
Unknown_0114	_volumeInc	double
Unknown_0114	_volumeSteps	GNInt
Unknown_0114	_weight	float
Unknown_0115	_automationMask	MULoopAutomationTypeMask
Unknown_0115	_autotagsAttributesCache	GNList
Unknown_0115	_availableLoopComponentsByTypeCache	GNList
Unknown_0115	_availableLoopComponentsCache	GNList
Unknown_0115	_barSignatureCache	MUBarSignature
Unknown_0115	_chord	MUChord
Unknown_0115	_clientChecksum	GNString
Unknown_0115	_clientState	MULoopClientState
Unknown_0115	_consumerRootFilePath	GNFilePath
Unknown_0115	_consumerSearchAttributesCache	GNList
Unknown_0115	_contentSize	SInt64
Unknown_0115	_date	GNDate
Unknown_0115	_designType	MULoopCollectionDesignType
Unknown_0115	_distanceWeight	float
Unknown_0115	_fileId	GNString
Unknown_0115	_fileNamesMovedToRecyclerAfterLastDownsync	GNList
Unknown_0115	_grooveReferenceIsNone	bool
Unknown_0115	_identifier	GNString
Unknown_0115	_instrumentType	MULoopInstrumentType
Unknown_0115	_isCreated	bool
Unknown_0115	_isLoaded	bool
Unknown_0115	_isPitchAssignmentIrrelevant	bool
Unknown_0115	_isPlaceholder	bool
Unknown_0115	_isQuarterAssignmentIrrelevant	bool
Unknown_0115	_isTestLoop	bool
Unknown_0115	_kind	MULibraryFileKind
Unknown_0115	_lastModifiedCache	GNDate
Unknown_0115	_layerLoopType	MULayerLoopType
Unknown_0115	_libraryFilesByChecksumCache	GNHashedDictionary
Unknown_0115	_libraryFilesByChecksumCacheLock	GNLock
Unknown_0115	_limitsHighestPitchIndex	bool
Unknown_0115	_limitsLowestPitchIndex	bool
Unknown_0115	_localFilePathCache	GNFilePath
Unknown_0115	_loopComponentId	MULoopComponentId
Unknown_0115	_loopComponentTypeMask	MULoopComponentTypeMask
Unknown_0115	_loopId	SInt64
Unknown_0115	_loopIdsCache	GNString
Unknown_0115	_loopIdsToReflectClientMediaChangesAfterDelete	GNList
Unknown_0115	_loopSetIdentifierCache	GNString
Unknown_0115	_loopSetOrderIndex	GNInt
Unknown_0115	_loopsByIdentifierCache	GNHashedDictionary
Unknown_0115	_matchingBarSignaturesCache	GNList
Unknown_0115	_message	GNString
Unknown_0115	_mpdLocked	bool
Unknown_0115	_mpdLockedOnServerCache	GNInt
Unknown_0115	_name	GNString
Unknown_0115	_placeholderAssets	GNList
Unknown_0115	_playGrooveReference	bool
Unknown_0115	_prelistenAccompanyIsNone	bool
Unknown_0115	_prelistenDrumsIsNone	bool
Unknown_0115	_producerTitleCache	GNString
Unknown_0115	_projectTitlesCache	GNString
Unknown_0115	_qualifierText	GNString
Unknown_0115	_recentLoops	GNList
Unknown_0115	_recognizableEffectTypeMask	GNAudioEffectTypeMask
Unknown_0115	_reservesPitchRange	bool
Unknown_0115	_rootFilePath	GNFilePath
Unknown_0115	_serverChecksum	GNString
Unknown_0115	_showInSearch	bool
Unknown_0115	_size	UInt64
Unknown_0115	_storageID	GNInt
Unknown_0115	_tagsLocked	bool
Unknown_0115	_timeScope	MULineMapperTimeScope
Unknown_0115	_title	GNString
Unknown_0115	_trackSetIdentifierCache	GNString
Unknown_0115	_trackTypeMask	MULoopTrackTypeMask
Unknown_0115	_version	GNString
Unknown_0115	_wikipediaPageId	GNInt
Unknown_0115	_workflowStep	MULoopWorkflowStep
Unknown_0116	_assembledElementRendererCount	GNInt
Unknown_0116	_assetType	MULoopAssetType
Unknown_0116	_billboardDescription	GNString
Unknown_0116	_description	GNString
Unknown_0116	_dictsToCleanUp	GNList
Unknown_0116	_documentPath	GNFilePath
Unknown_0116	_elementTime	double
Unknown_0116	_email	GNString
Unknown_0116	_externalLink	GNString
Unknown_0116	_focusRect	GNRect
Unknown_0116	_forcesStereoTracks	bool
Unknown_0116	_formantOffset	float
Unknown_0116	_formatType	MULoopAssetFormatType
Unknown_0116	_isPlaying	bool
Unknown_0116	_layoutType	MULoopCoverRowLayoutType
Unknown_0116	_maxCovers	GNInt
Unknown_0116	_midiEvent	GNMidiEvent
Unknown_0116	_midiPortIdentifier	GNString
Unknown_0116	_missingMDDFilePaths	GNDictionary
Unknown_0116	_missingSourceWavePaths	GNDictionary
Unknown_0116	_newPassword	GNString
Unknown_0116	_orderindex	GNInt
Unknown_0116	_password	GNString
Unknown_0116	_performanceTimeOffset	double
Unknown_0116	_pitchOffset	float
Unknown_0116	_possibleAudioDirectories	GNList
Unknown_0116	_preallocationPoolKeys	GNList
Unknown_0116	_presentationType	MULoopAssetPresentationType
Unknown_0116	_randomizeOrder	bool
Unknown_0116	_refersToSpectrumShaperParameterSet	bool
Unknown_0116	_relationType	MULoopRelationType
Unknown_0116	_renderStartSampleIndex	SInt64
Unknown_0116	_repeatedNewPassword	GNString
Unknown_0116	_resetsPerformanceTimeOffsetOnNextJump	bool
Unknown_0116	_roleMask	MULoopUserRoleMask
Unknown_0116	_runsDialogForMissingSoundFiles	bool
Unknown_0116	_salt	GNString
Unknown_0116	_seeAll	bool
Unknown_0116	_sibilantBalance	float
Unknown_0116	_skipsResidualElements	bool
Unknown_0116	_sourcePlaybackAmplitudeFactor	float
Unknown_0116	_spectrumPlaybackAmplitudeFactor	float
Unknown_0116	_startTime	double
Unknown_0116	_subtitle	GNString
Unknown_0116	_testFlag1	bool
Unknown_0116	_testFlag2	bool
Unknown_0116	_testValue1	float
Unknown_0116	_title	GNString
Unknown_0116	_topLoops	GNString
Unknown_0116	_topLoopsCache	GNList
Unknown_0116	_url	GNString
Unknown_0116	_userInfo	GNDictionary
Unknown_0116	_username	GNString
Unknown_0116	_uuid	GNString
Unknown_0117	_aMatrix	float**
Unknown_0117	_aMatrix0	float**
Unknown_0117	_addressedDiatonicDegree	GNInt
Unknown_0117	_addressedPitchIndex	GNInt
Unknown_0117	_anticipationMode	MUNoteAnticipationMode
Unknown_0117	_audioSources	GNList
Unknown_0117	_bVector	float*
Unknown_0117	_binCount	GNInt
Unknown_0117	_chordContext	MUChordContext
Unknown_0117	_clipsMaxValue	bool
Unknown_0117	_clipsMinValue	bool
Unknown_0117	_crosstalkFactors	GNList
Unknown_0117	_decomposedMagnitudesAtTimeSlicesOfTracks	GNList
Unknown_0117	_didRequestCacheValidation	bool
Unknown_0117	_doTest	bool
Unknown_0117	_endQuarter	GNFraction
Unknown_0117	_filter	MUFilterEngine
Unknown_0117	_fourierSize	GNInt
Unknown_0117	_freqPerBin	float
Unknown_0117	_hannWindowSqrt	float*
Unknown_0117	_indxVector	GNInt*
Unknown_0117	_isExcludedFromVoicing	bool
Unknown_0117	_magnitudeRanksAtTimeSlicesOfTracks	GNList
Unknown_0117	_maxChordPitchIndexCache	GNInt
Unknown_0117	_mddFilePath	GNFilePath
Unknown_0117	_minChordPitchIndexCache	GNInt
Unknown_0117	_noteClassification	MUNoteClassification
Unknown_0117	_noteDirectionMask	MUNoteDirectionMask
Unknown_0117	_noteMappingId	SInt64
Unknown_0117	_noteNumber	GNMidiNoteNumber
Unknown_0117	_operation	MUModulationOperation
Unknown_0117	_origMagnitudesAtTimeSlicesOfTracks	GNList
Unknown_0117	_origSampleCount	SInt64
Unknown_0117	_origSampleRate	double
Unknown_0117	_overlapCompensationFactor	float
Unknown_0117	_phasesAtTimeSlicesOfTracks	GNList
Unknown_0117	_picksNextChord	bool
Unknown_0117	_pitchIndex	GNInt
Unknown_0117	_pitchedNoteMappingsCache	GNList
Unknown_0117	_processedMagnitudesAtTimeSlicesOfTracks	GNList
Unknown_0117	_processor	GNAudioProcessor
Unknown_0117	_sampleCount	SInt64
Unknown_0117	_sampleRate	double
Unknown_0117	_sampleRateReduction	double
Unknown_0117	_soundFilePath	GNFilePath
Unknown_0117	_sourceMaxValue	float
Unknown_0117	_sourceMinValue	float
Unknown_0117	_sourcePitchIndexCache	GNInt
Unknown_0117	_spectrum	float*
Unknown_0117	_startQuarter	GNFraction
Unknown_0117	_startRenderSampleIndex	SInt64
Unknown_0117	_swapBuffer	float*
Unknown_0117	_targetMaxValue	float
Unknown_0117	_targetMinValue	float
Unknown_0117	_testValue1	float
Unknown_0117	_testValue2	float
Unknown_0117	_timeSignal	float*
Unknown_0117	_timeSliceCount	GNInt
Unknown_0117	_timeSliceSampleCount	GNInt
Unknown_0117	_title	GNString
Unknown_0117	_trackContributionsToSum	GNData
Unknown_0117	_trackNormalizingFactors	GNData
Unknown_0117	_trackReductions	GNList
Unknown_0117	_trackTitles	GNList
Unknown_0117	_tracksCount	GNInt
Unknown_0117	_useFactorsAtTimeSlicesOfTracks	GNList
Unknown_0117	_voiceIndex	GNInt
Unknown_0117	_windowOverlapForTimeSlices	GNInt
Unknown_0118	_addedRealtimeElements	GNConcurrentQueue
Unknown_0118	_addressedTargetPitchClasses	GNData
Unknown_0118	_addressedTargetPitchIndexes	GNData
Unknown_0118	_barIndex	GNInt
Unknown_0118	_chordContext	MUChordContext
Unknown_0118	_didRequestCacheValidation	bool
Unknown_0118	_duration	double
Unknown_0118	_effectiveTargetChord	MUChord
Unknown_0118	_endQuarter	GNFraction
Unknown_0118	_entersNextSection	bool
Unknown_0118	_extendsTargetChordBySourceChord	bool
Unknown_0118	_hasCustomVoicing	bool
Unknown_0118	_isBlockChordsStructure	bool
Unknown_0118	_isDerivedKeySequenceCacheValid	bool
Unknown_0118	_isDetectionPerformance	bool
Unknown_0118	_isPitchSystemCacheValid	bool
Unknown_0118	_isResolvingDominant	bool
Unknown_0118	_isVoicingValid	bool
Unknown_0118	_manuallySetAmpFactor	float
Unknown_0118	_maxSourcePitchIndex	GNInt
Unknown_0118	_minSourcePitchIndex	GNInt
Unknown_0118	_movesCapo	bool
Unknown_0118	_muteElementRequests	GNConcurrentQueue
Unknown_0118	_muteElements	GNHashedList
Unknown_0118	_nextSourceChord	MUChord
Unknown_0118	_noteMappingsPerQuarterRangeCache	MUQuarterSequence
Unknown_0118	_originalAnchorTime	double
Unknown_0118	_originalPitchDeviation	float
Unknown_0118	_pitchDriftWasSetManually	bool
Unknown_0118	_pitchQuantization	float
Unknown_0118	_pitchWasSetManually	bool
Unknown_0118	_pitchedNoteMappingsCache	GNList
Unknown_0118	_playedPitchClasses	GNData
Unknown_0118	_playedSourceDegrees	GNData
Unknown_0118	_playedSourcePitchClasses	GNData
Unknown_0118	_previousNoneZeroSliceDuration	double
Unknown_0118	_realtimeElements	GNDictionary
Unknown_0118	_relatesToChord	bool
Unknown_0118	_relatesToKey	bool
Unknown_0118	_relatesToNextNote	bool
Unknown_0118	_relationSystem	MUPitchRelationSystem
Unknown_0118	_releasedRenderesToStop	GNConcurrentQueue
Unknown_0118	_reservedMaxPitchIndex	GNInt
Unknown_0118	_reservedMinPitchIndex	GNInt
Unknown_0118	_role	GNInt
Unknown_0118	_sectionEndQuarter	GNFraction
Unknown_0118	_sectionIndex	GNInt
Unknown_0118	_sectionStartQuarter	GNFraction
Unknown_0118	_sequenceName	GNString
Unknown_0118	_soloElementRequests	GNConcurrentQueue
Unknown_0118	_soloElements	GNHashedList
Unknown_0118	_sourceCapoFretIndex	GNInt
Unknown_0118	_sourceChord	MUChord
Unknown_0118	_sourceKey	MUChord
Unknown_0118	_startQuarter	GNFraction
Unknown_0118	_startTime	double
Unknown_0118	_targetPitchIndexMap	MUTargetPitchIndexMap
Unknown_0118	_targetPitchIndexes	GNData
Unknown_0118	_targetPitchIndexesMatchingSourceVoicing	GNData
Unknown_0118	_targetPitcheCenters	GNData
Unknown_0118	_timeBase	GNMidiFileTimeBase
Unknown_0118	_timeQuantization	double
Unknown_0118	_timeWasSetManually	bool
Unknown_0118	_title	GNString
Unknown_0118	_userInfo	GNDictionary
Unknown_0118	_weightedPitchDelta	GNFraction
Unknown_0118	_weightedPitchDeltas	GNData
Unknown_0118	_westernStandardScaleSnapOffset	GNInt
Unknown_0119	_addedDisplayInfos	GNConcurrentQueue
Unknown_0119	_allSourcesSpectrogramTimeSlices	GNList
Unknown_0119	_alternative1Pitch	float
Unknown_0119	_alternative1Weight	float
Unknown_0119	_alternative2Pitch	float
Unknown_0119	_alternative2Weight	float
Unknown_0119	_ampNormalizingReference	float *
Unknown_0119	_averageAmpNormalizingReference	float
Unknown_0119	_backupTimelines	GNList
Unknown_0119	_chordContractionMode	MUPitchClassMapperChordContractionMode
Unknown_0119	_chordExpansionMode	MUPitchClassMapperChordExpansionMode
Unknown_0119	_degreeMaskMatchesGender	bool
Unknown_0119	_descriptionGrade	MUDescriptionGrade
Unknown_0119	_didFailToAccessSamples	bool
Unknown_0119	_didJump	bool
Unknown_0119	_directionInversionEnabled	bool
Unknown_0119	_displayInfos	GNDictionary
Unknown_0119	_downScaleScope	MUPitchApproachMapperScaleScope
Unknown_0119	_duration	double
Unknown_0119	_effectTempo	double
Unknown_0119	_fadesCroppedRegionBorders	bool
Unknown_0119	_filteredSpectrogramAmpEnvelopesForRawTracks	float **
Unknown_0119	_highestPitchDegreeMask	MUDiatonicDegreeMask
Unknown_0119	_hostRenderSampleIndex	SInt64
Unknown_0119	_isDelayCompensationEnabled	bool
Unknown_0119	_isDisplayRenderer	bool
Unknown_0119	_isEdgeCapturingEnabled	bool
Unknown_0119	_isFadingEnabled	bool
Unknown_0119	_isIgnoringIOConfiguration	bool
Unknown_0119	_isPlayingBack	bool
Unknown_0119	_isPlayingBackFirstCycle	bool
Unknown_0119	_isPlayingBackLastCycle	bool
Unknown_0119	_isPlayingBackRequested	bool
Unknown_0119	_isStopRequested	bool
Unknown_0119	_isUndefinedAtStart	bool
Unknown_0119	_lowestIntervalShouldMatchForthOrFifth	bool
Unknown_0119	_lowestPitchDegreeMask	MUDiatonicDegreeMask
Unknown_0119	_maxInterval	GNInt
Unknown_0119	_maxPitchIndex	GNInt
Unknown_0119	_maxTranspositionInterval	GNInt
Unknown_0119	_minInterval	GNInt
Unknown_0119	_minPitchIndex	GNInt
Unknown_0119	_mode	MUPitchClassMapperMode
Unknown_0119	_multithreadedRenderSampleIndexTarget	SInt64
Unknown_0119	_multithreadedTrackRenderersCount	GNInt
Unknown_0119	_multithreadedTrackRenderersDone	GNCondition
Unknown_0119	_mutedTracks	GNDictionary
Unknown_0119	_needsPreallocateRenderGraph	bool
Unknown_0119	_omitsUnplayedDegrees	bool
Unknown_0119	_performanceTime	double
Unknown_0119	_performanceTimeRef	double
Unknown_0119	_playbackRequestQueue	GNConcurrentQueue
Unknown_0119	_polyPitchCentMatricesForRawTracks	float **
Unknown_0119	_polyPitchCentMatrixForDisplay	float *
Unknown_0119	_polyPitchCentMatrixForSum	float *
Unknown_0119	_preservesTails	bool
Unknown_0119	_previousOtherAudioSourceIndex	GNInt
Unknown_0119	_previousRenderedBackgroundAudioSourceIndex	GNInt
Unknown_0119	_previousRenderedBackgroundDisplayType	GNInt
Unknown_0119	_previousTestValue1	float
Unknown_0119	_previousTestValue2	float
Unknown_0119	_previousTestValue3	float
Unknown_0119	_previousTestValue4	float
Unknown_0119	_propertyType	MUPropertyPointSpecialPropertyType
Unknown_0119	_propertyValue	float
Unknown_0119	_quartersPerAnchor	GNFraction
Unknown_0119	_redirectsOnDominants	bool
Unknown_0119	_removedDisplayInfos	GNConcurrentQueue
Unknown_0119	_renderSampleIndex	SInt64
Unknown_0119	_sampleCount	SInt64
Unknown_0119	_sampleIndex	SInt64
Unknown_0119	_scaleReflectsSus	bool
Unknown_0119	_scaleScope	MUPartMapperScaleScope
Unknown_0119	_shouldMeshNotesOnTimeJump	bool
Unknown_0119	_skipsPlaybackRequestQueue	bool
Unknown_0119	_skipsPlaybackRequests	bool
Unknown_0119	_slaveTrackEndFadeMode	MUSlaveTrackStartAndEndFadeMode
Unknown_0119	_slaveTrackStartFadeMode	MUSlaveTrackStartAndEndFadeMode
Unknown_0119	_slideMode	MUPitchApproachSlideMode
Unknown_0119	_soloTracks	GNDictionary
Unknown_0119	_spectrogramAmpEnvelopesForRawTracks	float **
Unknown_0119	_stereoMixMode	bool
Unknown_0119	_stopsImmediately	bool
Unknown_0119	_subPulsesFor2	GNList
Unknown_0119	_subPulsesFor3	GNList
Unknown_0119	_tempoFactor	double
Unknown_0119	_tempoJumpQuarters	GNData
Unknown_0119	_testFlag1	bool
Unknown_0119	_timeSliceCount	GNInt
Unknown_0119	_trackPreloadRanges	GNList
Unknown_0119	_upScaleScope	MUPitchApproachMapperScaleScope
Unknown_0119	_usesReadCopies	bool
Unknown_0119	_voicingMode	MUPartMapperVoicingMode
Unknown_0119	_wasPlayingBack	bool
Unknown_0119	_willJump	bool
Unknown_011a	_allGain	float
Unknown_011a	_ampDifferencePow	float
Unknown_011a	_appliedEqualizerFactorsAreValid	bool
Unknown_011a	_appliedEqualizerFormantFactorsAreValid	bool
Unknown_011a	_assembledElementRendererCount	GNInt
Unknown_011a	_assignVector	GNPoint
Unknown_011a	_assignVectorAngle	float
Unknown_011a	_belongsToMainFifthChain	bool
Unknown_011a	_belongsToMainNotes	bool
Unknown_011a	_bin	GNInt
Unknown_011a	_binCount	GNInt
Unknown_011a	_buffers	float **
Unknown_011a	_canUseSpectrumShaper	bool
Unknown_011a	_cent	float
Unknown_011a	_clickFrequency	float
Unknown_011a	_clickLevel	float
Unknown_011a	_clickResolution	GNFraction
Unknown_011a	_clipLimit	float
Unknown_011a	_comment	GNString
Unknown_011a	_complexSpectrum	float *
Unknown_011a	_decayEndTime	float
Unknown_011a	_decayFactor	float
Unknown_011a	_decayStartTime	float
Unknown_011a	_degreeIndex	GNInt
Unknown_011a	_detectedPitch	float
Unknown_011a	_didRequestCacheValidation	bool
Unknown_011a	_duration	double
Unknown_011a	_elementStartTime	double
Unknown_011a	_elementTime	double
Unknown_011a	_emphasizePow	float
Unknown_011a	_endValue	float
Unknown_011a	_envelopeType	MUSpectrumShaperEnvelopeType
Unknown_011a	_fifthChainIndex	GNInt
Unknown_011a	_filename	GNString
Unknown_011a	_filteredPerformanceTimeDelta	double
Unknown_011a	_filteredScrubTargetTime	double
Unknown_011a	_floatData	GNData
Unknown_011a	_functionHint	GNInt
Unknown_011a	_horizontalPath	GNList
Unknown_011a	_horizontalPathQuality	float
Unknown_011a	_identifier	GNString
Unknown_011a	_isBypassed	bool
Unknown_011a	_isClicking	bool
Unknown_011a	_isHorizontalAvailable	bool
Unknown_011a	_isHorizontalMaximum	bool
Unknown_011a	_isIgnoringSourceTimeForElementTimeFunction	bool
Unknown_011a	_isMute	bool
Unknown_011a	_isMutingAllTracks	bool
Unknown_011a	_isPlaying	bool
Unknown_011a	_isRecording	bool
Unknown_011a	_isSolo	bool
Unknown_011a	_isUsed	bool
Unknown_011a	_isVerticalAvailable	bool
Unknown_011a	_isVerticalMaximum	bool
Unknown_011a	_keyByLocalization	GNHashedDictionary
Unknown_011a	_lastTempoFactor	double
Unknown_011a	_localizedScaleNames	GNStringTable
Unknown_011a	_location	double
Unknown_011a	_lowerFifthIndex	GNInt
Unknown_011a	_magnitude	float
Unknown_011a	_magnitude1	float
Unknown_011a	_magnitudeData	float *
Unknown_011a	_maxTempoFactor	double
Unknown_011a	_maximumMagnitudeSum	float
Unknown_011a	_modeFundamentalOffsetIsSuggestedRelevant	bool
Unknown_011a	_modeIsSuggestedRelevant	bool
Unknown_011a	_needsProcessEnvelope	bool
Unknown_011a	_needsProcessEnvelopeIsValid	bool
Unknown_011a	_nextElementTime	double
Unknown_011a	_overallSpectrumFreqPerBin	float
Unknown_011a	_overallSpectrumFundamentalPitchIndex	GNInt
Unknown_011a	_phase	float
Unknown_011a	_phaseData	float *
Unknown_011a	_preallocationPoolKeys	GNList
Unknown_011a	_preplayDuration	double
Unknown_011a	_processEqualizer	bool
Unknown_011a	_processLowerSpectrum	bool
Unknown_011a	_processSpectrumShaper	bool
Unknown_011a	_processSpectrumShaperIsValid	bool
Unknown_011a	_processUpperSpectrum	bool
Unknown_011a	_qualityForModeEvaluation	float
Unknown_011a	_qualityInFifthChain	float
Unknown_011a	_referenceMagnitudeSum	float
Unknown_011a	_releaseDuration	double
Unknown_011a	_renderSampleIndexRef	SInt64
Unknown_011a	_resolution	double
Unknown_011a	_riseDuration	float
Unknown_011a	_riseEndValue	float
Unknown_011a	_scrubTargetTime	double
Unknown_011a	_slice	GNInt
Unknown_011a	_smoothedBinRegionMagnitude	float
Unknown_011a	_sortHint	GNString
Unknown_011a	_sourceTime	double
Unknown_011a	_startRenderSampleIndex	SInt64
Unknown_011a	_startValue	float
Unknown_011a	_stretchingIsSuggestedRelevant	bool
Unknown_011a	_synthAmps	float
Unknown_011a	_synthPhases	float
Unknown_011a	_testData	float *
Unknown_011a	_testFlag1	bool
Unknown_011a	_title	GNString
Unknown_011a	_tonalityData	float *
Unknown_011a	_transiencyData	float *
Unknown_011a	_trueFreqData	float *
Unknown_011a	_trueTimeSampleOffsetData	GNInt *
Unknown_011a	_tuningIsSuggestedRelevant	bool
Unknown_011a	_tuningPitchAnchorIsSuggestedRelevant	bool
Unknown_011a	_upperFifthIndex	GNInt
Unknown_011a	_validity	float
Unknown_011a	_vectorData	GNPoint *
Unknown_011a	_verticalPath	GNList
Unknown_011a	_verticalPathQuality	float
Unknown_011a	_weight	float
Unknown_011a	_westernStandardPitchIndexOffset	GNInt
Unknown_011b	_allOptionsCache	GNList
Unknown_011b	_allowsMultipleLines	bool
Unknown_011b	_allowsMultipleOptions	bool
Unknown_011b	_amplitudeTransitionDuration	double
Unknown_011b	_angle	float
Unknown_011b	_appliedEqualizerFactors	GNData
Unknown_011b	_appliedEqualizerFormantFactors	GNData
Unknown_011b	_appliedSpectrumFactors	GNData
Unknown_011b	_appliedSpectrumFactorsAreValid	bool
Unknown_011b	_aspect	MULoopAttributeAspect
Unknown_011b	_attributeValuesByAttributeIndex	GNData
Unknown_011b	_attributesByTitle	GNHashedDictionary
Unknown_011b	_availableLoopComponents	GNList
Unknown_011b	_availableLoopComponentsQualifier	GNQualifier
Unknown_011b	_baseTargetMagnitudes	GNData
Unknown_011b	_combBalance	float
Unknown_011b	_combFactors	GNData
Unknown_011b	_combFactorsAreValid	bool
Unknown_011b	_combStart	float
Unknown_011b	_combWidth	float
Unknown_011b	_consumerSearchQualifier	GNQualifier
Unknown_011b	_depthSeparation	float
Unknown_011b	_didRequestCacheValidation	bool
Unknown_011b	_diversity	float
Unknown_011b	_elementsAreTonal	bool
Unknown_011b	_equalizerBandsPitchOffset	GNData
Unknown_011b	_formantFactors	GNData
Unknown_011b	_formantTransitionDuration	double
Unknown_011b	_frontSeparation	float
Unknown_011b	_indexInDescription	GNInt
Unknown_011b	_instrumentTypeMask	MULoopInstrumentTypeMask
Unknown_011b	_isCopyable	bool
Unknown_011b	_isExportable	bool
Unknown_011b	_isHierarchical	bool
Unknown_011b	_isInstrumentTypeSeparated	bool
Unknown_011b	_isMandatory	bool
Unknown_011b	_isPreliminary	bool
Unknown_011b	_isSearchable	bool
Unknown_011b	_isUsableByAsset	bool
Unknown_011b	_isVisible	bool
Unknown_011b	_joinsAmplitudes	bool
Unknown_011b	_joinsFormants	bool
Unknown_011b	_joinsPhases	bool
Unknown_011b	_joinsPitches	bool
Unknown_011b	_joinsTempoMapAngles	bool
Unknown_011b	_layerDerivesItFromAllLoops	bool
Unknown_011b	_layerDerivesItFromMaster	bool
Unknown_011b	_layerIgnoresIt	bool
Unknown_011b	_layerMaintainsItManually	bool
Unknown_011b	_layoutHint	GNString
Unknown_011b	_layoutHintCache	GNDictionary
Unknown_011b	_maxUsedPeriod	float
Unknown_011b	_needsProcessFormants	bool
Unknown_011b	_needsProcessFormantsIsValid	bool
Unknown_011b	_needsProcessSpectrumShaper	bool
Unknown_011b	_oneByFDecayPow	float
Unknown_011b	_oneByFDecayPowIsValid	bool
Unknown_011b	_oneByFDiffPow	float
Unknown_011b	_oneByFTiltPow	float
Unknown_011b	_optionsByTitleCache	GNHashedDictionary
Unknown_011b	_orderindex	GNInt
Unknown_011b	_overallSpectrum	GNData
Unknown_011b	_panorama	double
Unknown_011b	_panoramaInc	double
Unknown_011b	_panoramaSteps	GNInt
Unknown_011b	_pitchTransitionDuration	double
Unknown_011b	_readIndex	GNInt
Unknown_011b	_rearSeparation	float
Unknown_011b	_referenceDescriptionGrade	MUDescriptionGrade
Unknown_011b	_referenceElements	GNList
Unknown_011b	_referenceFrequency	float
Unknown_011b	_referenceMagnitudes	GNData
Unknown_011b	_rehashDerivesItFromMaster	bool
Unknown_011b	_rehashIgnoresIt	bool
Unknown_011b	_rehashMaintainsItManually	bool
Unknown_011b	_searchAllConfigIndex	GNInt
Unknown_011b	_searchConfigIndex	GNInt
Unknown_011b	_searchTitle	GNString
Unknown_011b	_similarity	float
Unknown_011b	_sourceDuration	double
Unknown_011b	_spectrumSize	GNInt
Unknown_011b	_spectrumType	MUSpectrumShaperSpectrumType
Unknown_011b	_spread	float
Unknown_011b	_title	GNString
Unknown_011b	_titlePath	GNString
Unknown_011b	_titleRenamings	GNDictionary
Unknown_011b	_universalMatchInfo	GNString
Unknown_011b	_unreducedMagnitudeFactors	GNData
Unknown_011b	_usageCount	GNInt
Unknown_011b	_userTitle	GNString
Unknown_011b	_value	GNString
Unknown_011b	_wasAwaken	bool
Unknown_011b	_wikipediaPageId	GNInt
Unknown_011b	_writeIndex	GNInt
Unknown_011c	_areElementTimesValid	bool
Unknown_011c	_areHeadAndTailDurationsValid	bool
Unknown_011c	_beatMatchingQuality	float
Unknown_011c	_beatSequence	GNList
Unknown_011c	_bestSequencesRatio	float
Unknown_011c	_binCount	GNInt
Unknown_011c	_binFrequencies	GNData
Unknown_011c	_cachesEffectChainSignal	bool
Unknown_011c	_cachesGeneratorSignal	bool
Unknown_011c	_cachesModulationSources	bool
Unknown_011c	_centIndexDistancePerBinAtCentIndex	GNData
Unknown_011c	_changedElements	GNSet
Unknown_011c	_channelFormat	GNAudioChannelFormat
Unknown_011c	_correlationQuality	float
Unknown_011c	_defaultAnalyzerParameterSetIdenfier	GNString
Unknown_011c	_didRequestCacheValidation	bool
Unknown_011c	_displayValue	GNInt
Unknown_011c	_effectTempoFactor	double
Unknown_011c	_endMargin	GNInt
Unknown_011c	_endTime	double
Unknown_011c	_expectedPhaseOffsets	GNData
Unknown_011c	_fourierSize	GNInt
Unknown_011c	_freqPerBin	double
Unknown_011c	_headDurationInSlaveTimeCache	double
Unknown_011c	_isBestQuality	bool
Unknown_011c	_isMuted	bool
Unknown_011c	_isPitchToChordAdaptionEnabled	bool
Unknown_011c	_isPreservingAudioSourceSignal	bool
Unknown_011c	_isRecordingEnabled	bool
Unknown_011c	_isSlaveGeneratorValid	bool
Unknown_011c	_isSlaveTrackValid	bool
Unknown_011c	_isSolo	bool
Unknown_011c	_isSyncingToMasterOrValidatingCaches	GNInt
Unknown_011c	_isUsed	bool
Unknown_011c	_isValid	bool
Unknown_011c	_leftContinuationIsConsistent	bool
Unknown_011c	_maximumElementRendererCount	GNInt
Unknown_011c	_maximumElementRendererCountIsValid	bool
Unknown_011c	_monoPitchMatrixTimeSliceSampleCount	GNInt
Unknown_011c	_monoPitchMatrixTimeSliceTimeDistance	double
Unknown_011c	_operationMode	MUTrackOperationMode
Unknown_011c	_performanceTime	double
Unknown_011c	_periodDuration	float
Unknown_011c	_pitchToChordAdaptionContext	MUChordContext
Unknown_011c	_pitchToChordAdaptionMode	MUPitchToChordAdaptionMode
Unknown_011c	_preferredTempoWeightedQuality	float
Unknown_011c	_quality	float
Unknown_011c	_recordingAnalyzerTrackType	MURecordingAnalyzerTrackType
Unknown_011c	_rightContinuationIsConsistent	bool
Unknown_011c	_sampleRate	double
Unknown_011c	_sampleRateReduction	double
Unknown_011c	_segmentOffset	GNInt
Unknown_011c	_segmentSize	GNInt
Unknown_011c	_signalChangeCount	GNInt
Unknown_011c	_startMargin	GNInt
Unknown_011c	_startTime	double
Unknown_011c	_subdivision	GNInt
Unknown_011c	_tailDurationInSlaveTimeCache	double
Unknown_011c	_targetTime	double
Unknown_011c	_tempoCourseStartIndex	GNInt
Unknown_011c	_testValue1	float
Unknown_011c	_testedQuality	GNData
Unknown_011c	_timeDistanceOfTempoPoints	double
Unknown_011c	_timeRange	GNDoubleRange
Unknown_011c	_timeSliceSampleCount	GNInt
Unknown_011c	_timeSliceTimeDistance	double
Unknown_011c	_title	GNString
Unknown_011c	_tonalityWeightTable	float *
Unknown_011c	_tonalityWeightTableSize	GNInt
Unknown_011c	_updateSpectrumShaperDisabled	GNInt
Unknown_011c	_useTonalityWeightTable	bool
Unknown_011c	_userInfo	GNDictionary
Unknown_011c	_windowOverlapForTimeSlices	GNInt
Unknown_011c	_windowOverlapForTrueFreqs	float
Unknown_011d	_approachHarmonization	MUBlockApproachHarmonization
Unknown_011d	_approachHarmonizationMask	MUBlockApproachHarmonizationMask
Unknown_011d	_assignedBinPosition	float
Unknown_011d	_assignedSlicePosition	float
Unknown_011d	_attackAssignmentQuality	float
Unknown_011d	_averageMagnitude	float
Unknown_011d	_averagePitchConsistency	float
Unknown_011d	_backwardFilteredCentPosIndex	float
Unknown_011d	_baseCommaValue	GNInt
Unknown_011d	_beatingFrequency	float
Unknown_011d	_beatingPhase	float
Unknown_011d	_beatingQuality	float
Unknown_011d	_binNumber	GNInt
Unknown_011d	_centPosIndex	GNInt
Unknown_011d	_combinedQuality	float
Unknown_011d	_commaValue	GNInt
Unknown_011d	_crossingWeight	float
Unknown_011d	_didRecordOutput	bool
Unknown_011d	_didRenderEffects	bool
Unknown_011d	_directionOmittedWeight	float
Unknown_011d	_dropFifthAndRootFirst	bool
Unknown_011d	_entireSectionMappingEnabled	bool
Unknown_011d	_floatCentPosIndex	float
Unknown_011d	_forwardFilteredCentPosIndex	float
Unknown_011d	_fundamentalMagnitude	float
Unknown_011d	_fundamentality	float
Unknown_011d	_harmonicMagnitudes	GNData
Unknown_011d	_index	GNInt
Unknown_011d	_isMutingAllElements	bool
Unknown_011d	_isRecordingAudioInput	bool
Unknown_011d	_isVoicingEnabled	bool
Unknown_011d	_keepTransitionIntervalsWeight	GNInt
Unknown_011d	_keepsDiatonicIntervals	bool
Unknown_011d	_magnitude	float
Unknown_011d	_maxInterval	GNInt
Unknown_011d	_maxPitchIndex	GNInt
Unknown_011d	_maximumElementRendererCount	GNInt
Unknown_011d	_maximumElementRendererCountIsValid	bool
Unknown_011d	_minInterval	GNInt
Unknown_011d	_minPitchIndex	GNInt
Unknown_011d	_minorNinthToUpperVoiceWeight	float
Unknown_011d	_minorSecondToUpperVoiceWeight	float
Unknown_011d	_missingSeventhWeight	float
Unknown_011d	_missingThirdWeight	float
Unknown_011d	_mode	MUVoicingMode
Unknown_011d	_needsToRenderEffects	bool
Unknown_011d	_needsToRenderEffectsSampleCount	GNInt
Unknown_011d	_paIndex	GNInt
Unknown_011d	_paStorage	GNList
Unknown_011d	_peakCountQuality	float
Unknown_011d	_pentachordCommaValues	GNData
Unknown_011d	_pitchConsistency	float
Unknown_011d	_pitchCurveDeflection	float
Unknown_011d	_pitchCurveSlope	float
Unknown_011d	_pitchDistanceWeight	float
Unknown_011d	_pointTemporaryValue	float
Unknown_011d	_pointTemporaryValue1	float
Unknown_011d	_pointTemporaryValue2	float
Unknown_011d	_pointTemporaryValue3	float
Unknown_011d	_portamentoQuality	float
Unknown_011d	_preferLessTranspositionWeight	GNInt
Unknown_011d	_preservesUpperVoiceMovement	bool
Unknown_011d	_preservesUpperVoiceMovementForRepetitionsOnly	bool
Unknown_011d	_relativeRelevanceRank	float
Unknown_011d	_relevanceRank	GNInt
Unknown_011d	_relevanceWeight	float
Unknown_011d	_scaleScope	MUPartMapperScaleScope
Unknown_011d	_separationQuality	float
Unknown_011d	_slope	float
Unknown_011d	_source	MUTranspositionMapperSource
Unknown_011d	_target	MUTranspositionMapperTarget
Unknown_011d	_targetNoteOmittedWeight	float
Unknown_011d	_temporaryValue	float
Unknown_011d	_timeSliceIndex	GNInt
Unknown_011d	_title	GNString
Unknown_011d	_tonality	float
Unknown_011d	_validCommaValuesCount	GNInt
Unknown_011d	_vibratoQuality	float
Unknown_011d	_voicePreTransposition	MUVoicePreTransposition
Unknown_011d	_voicingStructure	MUBlockVoicingStructure
Unknown_011e	_allPeaksIndices	GNData
Unknown_011e	_allXSlicesMaxPeakYIndex	GNData
Unknown_011e	_arrayEndTimeSliceIndex	GNInt
Unknown_011e	_arrayStartTimeSliceIndex	GNInt
Unknown_011e	_assignedAttackQuality	float
Unknown_011e	_attackCommonFateDeviation	float
Unknown_011e	_chainedPaths	GNList
Unknown_011e	_chordExtension	GNString
Unknown_011e	_currentXIndex	GNInt
Unknown_011e	_detectionQuality	float
Unknown_011e	_envelopeRatioQuality	float
Unknown_011e	_fifth	GNInt
Unknown_011e	_fundamental	GNInt
Unknown_011e	_fundamentalPitchClass	GNInt
Unknown_011e	_grooveBeatProperties	GNList
Unknown_011e	_harmonicHitQuality	float
Unknown_011e	_harmonicNumber	GNInt
Unknown_011e	_harmonicRatioQuality	float
Unknown_011e	_intervalChainNoteCount	GNInt
Unknown_011e	_isUsed	bool
Unknown_011e	_matchQuality	float
Unknown_011e	_origMatrixYSize	GNInt
Unknown_011e	_originalEnvelopeArray	GNData
Unknown_011e	_pathConnectionType	MUPotentialPathConnectionType
Unknown_011e	_pathTemporaryValue	float
Unknown_011e	_pathTemporaryValue1	float
Unknown_011e	_pitchCenter	float
Unknown_011e	_pitchClassId	GNInt
Unknown_011e	_pitchCommonFateDeviation	float
Unknown_011e	_pointsEndTimeSliceIndex	GNInt
Unknown_011e	_pointsStartTimeSliceIndex	GNInt
Unknown_011e	_position	double
Unknown_011e	_quarterPositionsInCycle	GNData
Unknown_011e	_relationTemporaryValue	float
Unknown_011e	_sameAttackQuality	float
Unknown_011e	_seventh	GNInt
Unknown_011e	_targetPositions	GNList
Unknown_011e	_third	GNInt
Unknown_011e	_thirdsCircleValues	GNData
Unknown_011e	_usedYSize	GNInt
Unknown_011e	_weight	float
Unknown_011e	_xSize	GNInt
Unknown_0120	_mapMode	MUBarSignatureMapMode
Unknown_0120	_mapsSwingToTriplets	bool
Unknown_0120	_mapsTipletsToBeats	bool
Unknown_0120	_mapsTipletsToSwing	bool
Unknown_0120	_modeSequence	MUQuarterSequence
Unknown_0120	_quarterAssigmentFactor	GNFraction
Unknown_0120	_sourceEndQuarter	GNFraction
Unknown_0120	_sourceSignature	MUBarSignature
Unknown_0120	_sourceStartQuarter	GNFraction
Unknown_0120	_targetEndQuarter	GNFraction
Unknown_0120	_targetSignature	MUBarSignature
Unknown_0120	_targetStartQuarter	GNFraction
Unknown_0120	_tempoFactor	GNFraction
Unknown_0123	_absoluteDistance	double
Unknown_0123	_anchorTimes	GNData
Unknown_0123	_beat	GNFraction
Unknown_0123	_inputChannelFormat	GNAudioChannelFormat
Unknown_0123	_isBest	bool
Unknown_0123	_multipleEventsPerPulse	bool
Unknown_0123	_optionsPerPulse	GNList
Unknown_0123	_outputChannelFormat	GNAudioChannelFormat
Unknown_0123	_parameterChangeCounter	GNInt @0x1e
Unknown_0123	_parameterIdentifier	GNObject
Unknown_0123	_pulsesPerBeat	GNInt
Unknown_0123	_quality	float
Unknown_0123	_quarter	GNFraction
Unknown_0123	_relativeDistance	double
Unknown_0123	_renderProcessor	GNAudioProcessor
Unknown_0123	_sampleFrames	GNInt
Unknown_0123	_sampleRate	double
Unknown_0124	_didChangeInRange	unknown @0x1b0
Unknown_0124	_lowercaseLocalizedModeTitle	GNString
Unknown_0124	_lowercaseModeTitle	GNString
Unknown_0124	_score	float
Unknown_0124	_willChangeInRange	unknown @0x380,0x1b0
Unknown_0125	_endQuarter	GNFraction
Unknown_0125	_startQuarter	GNFraction
Unknown_012d	_preallocatedRenderers	GNDictionary
Unknown_012e	_didMoveMasterElements	unknown @0x6a,0x370
Unknown_013d	_center	float
Unknown_013d	_centerUnit	MUAdjustAttacksUnit
Unknown_013d	_duration	double
Unknown_013d	_fileIdentifier	GNString
Unknown_013d	_filePathCache	GNFilePath
Unknown_013d	_margin	float
Unknown_013d	_marginUnit	MUAdjustAttacksUnit
Unknown_013d	_mode	MUAdjustAttacksMode
Unknown_013d	_nextPostingThreshold	float
Unknown_013d	_nextPostingTime	double
Unknown_013d	_startTime	double
Unknown_013d	_totalSourceSampleCount	float
Unknown_0141	_ampCompensationFactor	float
Unknown_0141	_harmonics	GNData
Unknown_0141	_processedPeriodCount	GNInt
Unknown_0142	_barSignature	MUBarSignature
Unknown_0142	_deviationOffset	float
Unknown_0142	_endQuarter	GNFraction
Unknown_0142	_endTime	double
Unknown_0142	_grooveItemIndex	GNInt
Unknown_0142	_grooveSignal	GNData
Unknown_0142	_maxima	GNData
Unknown_0142	_maximumIndex	GNInt
Unknown_0142	_quarterDeviation	GNFraction
Unknown_0142	_relDeviation	float
Unknown_0142	_resolution	GNFraction
Unknown_0142	_startQuarter	GNFraction
Unknown_0142	_startTime	double
Unknown_0142	_targetQuarters	GNData
Unknown_0142	_targetTimes	GNData
Unknown_014e	_certainVibratoPeriodSampleCount	GNInt
Unknown_014e	_certainVibratoSampleCount	SInt64
Unknown_014e	_certainVibratoStartSampleIndex	SInt64
Unknown_014e	_vibratoPeriodSampleCount	GNInt
Unknown_014e	_vibratoSampleCount	SInt64
Unknown_014e	_vibratoStartSampleIndex	SInt64
Unknown_0150	_paperSize	GNSize
Unknown_0151	_chord	MUChord
Unknown_0151	_descriptionGrade	MUDescriptionGrade
Unknown_0151	_endQuarterCache	GNFraction
Unknown_0151	_fretDisplayOffset	GNInt
Unknown_0151	_fretInstrument	MUFretInstrument
Unknown_0151	_openStringPitchIndexes	GNData
Unknown_0151	_pitchIndexes	GNData
Unknown_0151	_playability	GNInt
Unknown_0151	_startQuarterCache	GNFraction
Unknown_0151	_title	GNString
Unknown_0152	_barAtPulseAnchor	GNInt
Unknown_0152	_beatAtPulseAnchor	GNInt
Unknown_0152	_beatsPerBar	GNInt
Unknown_0152	_beatsPerQuarter	GNFraction
Unknown_0152	_didRequestCacheValidation	bool
Unknown_0152	_keySignature	GNInt
Unknown_0152	_pulseAnchor	GNFraction
Unknown_0152	_pulsesPerQuarter	GNFraction
Unknown_0152	_quarterAtPulseAnchor	GNFraction
Unknown_0152	_refersToModeAndTuning	bool
Unknown_0152	_scope	double
Unknown_0152	_startPulse	double
Unknown_0152	_startTime	double
Unknown_0152	_weightedPitchOffsetFromStandard	float
Unknown_0152	_width	double
Unknown_0154	_resetOnly	bool
Unknown_0154	_targetPitchIndexes	GNData
Unknown_0154	_totalMoveCount	GNInt
Unknown_0154	_totalMoveDelta	GNInt
Unknown_0154	_totalPitchCount	GNInt
Unknown_0154	_totalPitchDelta	GNInt
Unknown_0154	_transpositionInterval	GNInt
Unknown_0155	_chordContext	MUChordContext
Unknown_0155	_scaleScope	MUPartMapperScaleScope
Unknown_015f	_amplitude	float
Unknown_015f	_anchorTime	double
Unknown_015f	_duration	double
Unknown_015f	_pitchCenter	float
Unknown_015f	_weight	float
Unknown_0164	_isSingleInstrument	bool
Unknown_0164	_title	GNString
Unknown_0164	_volume	float
Unknown_0165	_denominator	GNInt
Unknown_0165	_isTransitional	bool
Unknown_0165	_numerator	GNInt
Unknown_0165	_startBarIndexCache	GNInt
Unknown_0165	_startBeatCache	GNFraction
Unknown_0166	_signature	MUBarSignature
Unknown_0167	_orderColor	GNColor
Unknown_0167	_orderIndex	GNInt
Unknown_0167	_orderTitle	GNString
Unknown_0167	_userData	GNObject
Unknown_0167	_usesHostChords	bool
Unknown_0167	_usesHostScales	bool
Unknown_0169	_araAudioReaderHostRef	MUAraHostRef
Unknown_0169	_channelFormat	GNAudioChannelFormat
Unknown_0169	_durationInModificationTime	double
Unknown_0169	_durationInPlaybackTime	double
Unknown_0169	_hostDidReassignMusicalContext	bool
Unknown_0169	_hostDidReassignRegionSequence	bool
Unknown_0169	_hostRef	MUAraHostRef
Unknown_0169	_importedAudioModifications	GNList
Unknown_0169	_isAccessEnabled	SInt32
Unknown_0169	_isDeactivatedForUndoHistory	bool
Unknown_0169	_keepChordsAndScalesSynchronizedWithContext	bool
Unknown_0169	_modelChannelFormat	GNAudioChannelFormat
Unknown_0169	_modelConfigMayBeOutOfSync	bool
Unknown_0169	_modelSampleCount	SInt64
Unknown_0169	_modelSampleRate	double
Unknown_0169	_notifyChordsChangeCount	GNInt
Unknown_0169	_notifyChordsChanged	bool
Unknown_0169	_notifyEverythingChanged	bool
Unknown_0169	_notifyScalesChangeCount	GNInt
Unknown_0169	_notifyScalesChanged	bool
Unknown_0169	_notifyTimelineChangeCount	GNInt
Unknown_0169	_notifyTimelineChanged	bool
Unknown_0169	_notifyTrackChange	bool
Unknown_0169	_notifyTrackChanged	bool
Unknown_0169	_observeChords	bool
Unknown_0169	_observeScales	bool
Unknown_0169	_observeTimeline	bool
Unknown_0169	_observeTrack	bool
Unknown_0169	_persistentID	GNString
Unknown_0169	_reportedChordsChangeCount	GNInt
Unknown_0169	_reportedScalesChangeCount	GNInt
Unknown_0169	_reportedTimelineChangeCount	GNInt
Unknown_0169	_sampleCount	SInt64
Unknown_0169	_sampleRate	double
Unknown_0169	_startInContinuousModificationQuarters	double
Unknown_0169	_startInContinuousPlaybackQuarters	double
Unknown_0169	_startInModificationTime	double
Unknown_0169	_startInPlaybackTime	double
Unknown_0169	_stretchFactor	double
Unknown_0169	_stretchingReflectsTempo	bool
Unknown_0169	_syncChordsPending	bool
Unknown_0169	_syncScalesPending	bool
Unknown_0169	_timeTransformationNeedsUpdate	bool
Unknown_0169	_timelineIsSynchronizedWithHost	bool
Unknown_0169	_title	GNString
Unknown_0169	_trackUpdateRange	GNDoubleRange
Unknown_0169	_tracksAreInitialized	bool
Unknown_0169	_usesContentBasedFadesAtHead	bool
Unknown_0169	_usesContentBasedFadesAtTail	bool
Unknown_0169	_wasCreatedInCurrentHostEditCycle	bool
Unknown_0169	_wasReloadedInCurrentHostEditCycle	bool
Unknown_0169	_wasRestoredInCurrentHostEditCycle	bool
Unknown_016a	_analysisFailed	bool
Unknown_016a	_archiveIsPotentiallyUnstable	bool
Unknown_016a	_color	GNColor
Unknown_016a	_creatorBuildNumber	GNString
Unknown_016a	_creatorGITCommit	GNString
Unknown_016a	_creatorIdentifier	GNString
Unknown_016a	_didSimulateBeginEditing	bool
Unknown_016a	_documentDataChanged	bool
Unknown_016a	_hostInstance	const void *
Unknown_016a	_hostRequestedAlgorithmIdentifier	GNString
Unknown_016a	_importedAudioSources	GNList
Unknown_016a	_instance	const void *
Unknown_016a	_isDeactivatedForUndoHistory	bool
Unknown_016a	_isHostEditingDocument	bool
Unknown_016a	_isProcessingHostRequestedContentAnalysis	bool
Unknown_016a	_isRestoringObjects	bool
Unknown_016a	_isUnstable	bool
Unknown_016a	_lastProgressSentToHost	float
Unknown_016a	_lastTrackRange	GNDoubleRange
Unknown_016a	_modifiedRange	GNDoubleRange
Unknown_016a	_multiThreadedReading	SInt32
Unknown_016a	_mustSyncPitchSystemsAfterImportingPreM41Archive	bool
Unknown_016a	_orderIndex	GNInt
Unknown_016a	_originalHostBarSignatureEntries	GNData
Unknown_016a	_originalHostTempoEntries	GNData
Unknown_016a	_resetUndoWhenHostEndsEditing	bool
Unknown_016a	_signalChangeCount	GNInt
Unknown_016a	_structureProblemFound	bool
Unknown_016a	_timelineIsSynchronizedWithHost	bool
Unknown_016a	_timelineProvidedByHost	bool
Unknown_016a	_title	GNString
Unknown_016a	_trackSelectionDidChange	bool
Unknown_016a	_usedAudioSourceDescriptionRangeDidChange	bool
Unknown_016a	_usesHostChords	bool
Unknown_016a	_usesHostScales	bool
Unknown_0170	_defaultPulseMultiple	GNFraction
Unknown_0170	_defaultSubPulseDuration	double
Unknown_0170	_descriptionGrade	MUDescriptionGrade
Unknown_0170	_endBeat	GNFraction
Unknown_0170	_isDefaultDivisionTriplets	bool
Unknown_0170	_leftPulseSegments	GNData
Unknown_0170	_leftTimeSegments	GNData
Unknown_0170	_pulseSegmentSize	GNInt
Unknown_0170	_rightPulseSegments	GNData
Unknown_0170	_rightTimeSegments	GNData
Unknown_0170	_startBeat	GNFraction
Unknown_0170	_startQuarter	GNFraction
Unknown_0170	_subdivison	GNFraction
Unknown_0170	_suppressUpdate	bool
Unknown_0170	_timeAnchor	double
Unknown_0170	_timeSegmentSize	GNInt
Unknown_0170	_userInfo	GNDictionary
Unknown_0173	_barSignatures	GNData
Unknown_0173	_chords	GNData
Unknown_0173	_keySignatures	GNData
Unknown_0173	_lastExportedNote	MUAraContentNoteEntry
Unknown_0173	_name	GNData
Unknown_0173	_pitchSystemHint	GNInt
Unknown_0173	_tempoChanges	GNData
Unknown_0173	_title	GNString
Unknown_0173	_tuning	MUAraContentTuningEntry
Unknown_0173	_typeIdentifier	GNString
Unknown_0176	_defaultDegreeTitlesType	MUDegreeTitleType
Unknown_0176	_didRequestCacheValidation	bool
Unknown_0176	_fundamentalIndex	GNInt
Unknown_0176	_groupTitle	GNString
Unknown_0176	_isCyclic	bool
Unknown_0176	_modeFundamentalFifthsDirection	GNInt
Unknown_0176	_modeFundamentalOffset	GNInt
Unknown_0176	_modeOffsetIsLocked	bool
Unknown_0176	_rootIndex	GNInt
Unknown_0176	_suggestedMaxPitch	float
Unknown_0176	_suggestedMaxPitchIndex	GNInt
Unknown_0176	_suggestedMinPitch	float
Unknown_0176	_suggestedMinPitchIndex	GNInt
Unknown_0176	_title	GNString
Unknown_0176	_tuningPitchAnchor	float
Unknown_0176	_westernStandardPitchIndexAnchor	GNInt
Unknown_0177	_didRequestCacheValidation	bool
Unknown_0177	_highestStretchedPitch	float
Unknown_0177	_lowestStretchedPitch	float
Unknown_0178	_dummy	MULoopComponentDensity
Unknown_0179	_allStartBeat	GNFraction
Unknown_0179	_analyzedBars	GNList
Unknown_0179	_bars	GNData
Unknown_0179	_bassMatchesLowestPitchIndex	bool
Unknown_0179	_beatCount	GNInt
Unknown_0179	_beatDivision	GNInt
Unknown_0179	_bluesRoot	GNInt
Unknown_0179	_calcsAlternateChords	bool
Unknown_0179	_chord	MUChord
Unknown_0179	_chordAlternativesSequence	GNList
Unknown_0179	_chordChangeWeightsAtBeats	GNData
Unknown_0179	_chordSequence	MUChordSequence
Unknown_0179	_considersBlues	bool
Unknown_0179	_displayValuesAtBeats1	GNData
Unknown_0179	_displayValuesAtBeats2	GNData
Unknown_0179	_displayValuesAtBeats3	GNData
Unknown_0179	_displayValuesAtBeats4	GNData
Unknown_0179	_endBeat	GNFraction
Unknown_0179	_hasMajorSeventh	bool
Unknown_0179	_hasMinorSeventh	bool
Unknown_0179	_isBlues	bool
Unknown_0179	_localScaleRegions	GNList
Unknown_0179	_missingIntervalCount	GNInt
Unknown_0179	_notes	GNList
Unknown_0179	_notesAtBeats	GNList
Unknown_0179	_notesAtSlices	GNList
Unknown_0179	_pitchClassWeightsAtBeats	GNList
Unknown_0179	_pitchCoverageNeg	float
Unknown_0179	_pitchCoveragePos	float
Unknown_0179	_pitchIndexes	GNData
Unknown_0179	_pitchOffset	float
Unknown_0179	_scaleAlternativesAtBeats	GNList
Unknown_0179	_scaleRegions	GNList
Unknown_0179	_smoothedPitchClassWeightsAtBeats	GNList
Unknown_0179	_startBeat	GNFraction
Unknown_0179	_timeSliceCount	GNInt
Unknown_0179	_unusedIntervalCount	GNInt
Unknown_017c	_beatType	MUGrooveBeatType
Unknown_017c	_isAccent	bool
Unknown_017c	_quarterDeviation	double
Unknown_017c	_startQuarter	GNFraction
Unknown_017d	_averagePitchIndex	GNInt
Unknown_017d	_componentType	MULoopComponentType
Unknown_017d	_densityIndex	GNInt
Unknown_017d	_finger	GNInt
Unknown_017d	_fret	GNInt
Unknown_017d	_iconData	GNData
Unknown_017d	_isAddingCrashCymbal	bool
Unknown_017d	_isDisabled	bool
Unknown_017d	_loopComponentIdCache	MULoopComponentId
Unknown_017d	_loopId	SInt64
Unknown_017d	_matchGrade	float
Unknown_017d	_orderIndex	GNInt
Unknown_017d	_patternStructure	MUTagSetPatternStructure
Unknown_017d	_rhythmicPattern	GNString
Unknown_017d	_string	GNInt
Unknown_017d	_swingResolutionIndex	MULoopSwingResolutionIndex
Unknown_017d	_titlePrefix	GNString
Unknown_017d	_titleSuffix	GNInt
Unknown_017d	_tone	MULoopTone
Unknown_017d	_variationIndex	GNInt
Unknown_0180	_averageDistance	GNFraction
Unknown_0180	_chordCoverage	float
Unknown_0180	_debugMappingDescription	GNString
Unknown_0180	_doubleCount	GNInt
Unknown_0180	_exceedsLimits	bool
Unknown_0180	_hasCrossings	bool
Unknown_0180	_highestPitchIndexMatchesMask	bool
Unknown_0180	_hitsBorder	bool
Unknown_0180	_lowestIntervalMatchesForthOrFifth	bool
Unknown_0180	_lowestPitchIndexMatchesMask	bool
Unknown_0180	_maxDistance	GNInt
Unknown_0180	_path	GNData
Unknown_0180	_suspensionsExtensionQuality	GNInt
Unknown_0180	_targetScaleMatchCount	GNInt
Unknown_0180	_totalDistance	GNInt
Unknown_0180	_transposition	GNInt
Unknown_0180	_upperVoiceDistance	GNInt
Unknown_0180	_voicingMatch	float
Unknown_0180	_weightedDistance	GNFraction
Unknown_0181	_belongsToChord	bool
Unknown_0181	_belongsToScale	bool
Unknown_0181	_criterion	MUPitchMapperCriterion
Unknown_0181	_extendsTargetChordBySourceChord	bool
Unknown_0181	_highestPitchMustMatch	bool
Unknown_0181	_isHard	bool
Unknown_0181	_lowestIntervalShouldMatchForthOrFifth	bool
Unknown_0181	_lowestPitchMustMatch	bool
Unknown_0181	_sourcePitchIndex	GNInt
Unknown_0181	_targetPitchIndex	GNInt
Unknown_0181	_targetPitchIndexOptions	GNData
Unknown_0181	_weight	float
Unknown_0182	_grade	GNInt
Unknown_0187	_chordQuality	float
Unknown_0187	_degree	GNInt
Unknown_0187	_durationWeight	float
Unknown_0187	_finalWeight	float
Unknown_0187	_isNoteStart	bool
Unknown_0187	_key	GNInt
Unknown_0187	_magnitude	float
Unknown_0187	_pitchByHarmonics	float
Unknown_0187	_pitchCent	float
Unknown_0187	_pitchCenterQuality	float
Unknown_0187	_pitchHarmonicQuality	float
Unknown_0187	_pitchHorizontality	float
Unknown_0187	_pitchIndex	GNInt
Unknown_0187	_pitchWithoutVibrato	float
Unknown_0187	_tempValue	float
Unknown_0187	_tonality	float
Unknown_0187	_weight	float
Unknown_0188	_addedScaleIndex	GNInt
Unknown_0188	_ampQualityFactor	float
Unknown_0188	_anchor	MUAlignmentAnchor
Unknown_0188	_anchorOffsets	GNList
Unknown_0188	_anchorOffsetsForSlaveTracks	GNList
Unknown_0188	_anchorTime	double
Unknown_0188	_assignmentQuality	float
Unknown_0188	_attackQuality	float
Unknown_0188	_combiningDirection	GNInt
Unknown_0188	_combiningQuality	float
Unknown_0188	_compareDiffSums	GNData
Unknown_0188	_compareDiffSumsForSlaveTracks	GNList
Unknown_0188	_continuousQuarter	double
Unknown_0188	_differenceToNextRegion	float
Unknown_0188	_distanceWeight0	float
Unknown_0188	_distanceWeight1	float
Unknown_0188	_element	MUElement
Unknown_0188	_endBarIndex	GNInt
Unknown_0188	_endBeat	GNFraction
Unknown_0188	_fifthCirclePositionWeight	float
Unknown_0188	_fifthCircleWeightsForKeys	GNData
Unknown_0188	_floatFifthCirclePosition	float
Unknown_0188	_hasInvalidElement	bool
Unknown_0188	_isAssigned	bool
Unknown_0188	_offset	double
Unknown_0188	_offsetIndex	GNInt
Unknown_0188	_originalQuality	float
Unknown_0188	_otherAnchor	MUAlignmentAnchor
Unknown_0188	_otherOffsetIndex	GNInt
Unknown_0188	_pitchClassWeights	GNData
Unknown_0188	_prefersTriplets	bool
Unknown_0188	_quality	float
Unknown_0188	_quarterPosition	GNFraction
Unknown_0188	_regionWeight2	float
Unknown_0188	_regionWeight3	float
Unknown_0188	_startBarIndex	GNInt
Unknown_0188	_startBeat	GNFraction
Unknown_0188	_tempQuality1	float
Unknown_0188	_tempQuality2	float
Unknown_0188	_testAssigned	bool
Unknown_0188	_validityState	GNInt
Unknown_018b	_conttrollerClassName	GNString
Unknown_018b	_focusScreen	GNImage
Unknown_018b	_lock	GNLock
Unknown_018b	_maxValue	double
Unknown_018b	_minValue	double
Unknown_018b	_offScreen	GNImage
Unknown_018b	_onScreen	GNImage
Unknown_018b	_orderindex	GNInt
Unknown_018b	_relationType	MULoopCollectionRelationType
Unknown_018b	_size	GNSize
Unknown_018b	_value	double
Unknown_018e	_alienIntervals	GNData
Unknown_018e	_chordType	MUChordType
Unknown_018e	_intervalDeviation	float
Unknown_018e	_lowestNotePitchClass	GNInt
Unknown_018e	_omittedIntervals	GNData
Unknown_018e	_rootPitchClass	GNInt
Unknown_018e	_satisfactionQuality	GNInt
Unknown_0190	_quarterPosition	GNFraction
Unknown_0190	_timePosition	double
Unknown_0191	_canGoDown	bool
Unknown_0191	_canGoUp	bool
Unknown_0191	_canRepeat	bool
Unknown_0191	_scaleScope	MUPartMapperScaleScope
Unknown_0191	_target	MULineMapperTarget
Unknown_019f	_chordPitchSystemCache	GNDictionary
Unknown_019f	_chordScalePitchSystemCache	GNDictionary
Unknown_019f	_endQuarter	GNFraction
Unknown_019f	_pitchSystem	MUPitchSystem
Unknown_019f	_startQuarter	GNFraction
Unknown_01a0	_endTime	double
Unknown_01a0	_startTime	double
Unknown_01a1	_numberFormatter	GNNumberFormatter
Unknown_01a9	_index	GNInt
Unknown_01bd	_animatedYHeightForHarmonic	GNData
Unknown_01bd	_decayEndValueRect	GNRect
Unknown_01bd	_decayStartValueRect	GNRect
Unknown_01bd	_displayInfoBuffer	MUSpectrumShaperDisplayInfoBuffer
Unknown_01bd	_harmonicIsSelected	GNData
Unknown_01bd	_hitHarmonic	GNInt
Unknown_01bd	_maxDisplayedHarmonic	GNInt
Unknown_01bd	_riseEndValueRect	GNRect
Unknown_01bd	_selectionRect	GNRect
Unknown_01bd	_spectrumEditType	MUSpectrumShaperEditType
Unknown_01bd	_startValueControlSelected	bool
Unknown_01bd	_toolTipPosition	GNPoint
Unknown_01bd	_xForHarmonic	GNData
Unknown_01bd	_yHeightForHarmonic	GNData
Unknown_01bd	_yHeightForReferenceHarmonic	GNData
Unknown_01bd	_zoomToWholeSpectrum	bool
Unknown_01be	_adjustmentColumnIndex	GNInt
Unknown_01be	_decayEndValueControlSelected	bool
Unknown_01be	_decayStartValueControlSelected	bool
Unknown_01be	_displayedEnvelopeDuration	float
Unknown_01be	_images	GNDictionary
Unknown_01be	_intendedSize	GNSize
Unknown_01be	_riseEndValueValueControlSelected	bool
Unknown_01be	_snapValues	GNData
Unknown_01bf	_dragOperation	GNDragOperation @0x3a
Unknown_01bf	_drawPaths	GNDictionary
Unknown_01bf	_isDirty	bool
Unknown_01bf	_isInsert	bool
Unknown_01bf	_targets	GNDictionary
Unknown_01bf	_userInfo	GNDictionary
Unknown_01c0	_displayName	GNString
Unknown_01c0	_dropRect	GNRect
Unknown_01c0	_dropTime	GNString
Unknown_01c0	_duration	double
Unknown_01c0	_startTimeOffset	double
Unknown_01c0	_string2	GNString
Unknown_01c1	_formatter	GNDecibelFormatter
Unknown_01c1	_pitchOffsetFormatter	GNNumberFormatter
Unknown_01c1	_savedFadeFactors	GNHashedDictionary
Unknown_01c2	_clientState	MULoopClientState
Unknown_01c2	_componentItems	GNList
Unknown_01c2	_filePath	GNFilePath
Unknown_01c2	_iconCache	GNImage
Unknown_01c2	_identifier	GNString
Unknown_01c2	_items	GNHashedDictionary
Unknown_01c2	_key	GNString
Unknown_01c2	_loopSetOrderIndex	GNInt
Unknown_01c2	_loopSetTitle	GNString
Unknown_01c2	_loopTitle	GNString
Unknown_01c2	_matchGrade	float
Unknown_01c2	_minIconWidth	GNCoord
Unknown_01c2	_minWidthToDisplayLoopId	GNCoord
Unknown_01c2	_productionState	GNObject
Unknown_01c2	_project	GNObject
Unknown_01c2	_projectFolder	GNString
Unknown_01c2	_resolvesAliases	bool
Unknown_01c2	_rootFilePath	GNFilePath
Unknown_01c2	_runningFindCount	GNInt
Unknown_01c2	_searchResults	GNDictionary
Unknown_01c2	_sessionSong	GNString
Unknown_01c2	_songFolder	GNString
Unknown_01c2	_tempo	float
Unknown_01c2	_title	GNString
Unknown_01c2	_userColorIndex	GNInt
Unknown_01c2	_workingSong	GNString
Unknown_01c2	_workingTitle	GNString
Unknown_01c3	_filePath	GNFilePath
Unknown_01c3	_image	GNImage
Unknown_01c3	_imageSize	GNSize
Unknown_01c7	_bgRect	GNRect
Unknown_01c7	_bmpPerLine	GNInt
Unknown_01c7	_copiedTimeline	MUTimeline
Unknown_01c7	_drawsBottomBorder	bool
Unknown_01c7	_drawsTopBorder	bool
Unknown_01c7	_highlightedBPM	double
Unknown_01c7	_hitRect	GNRect
Unknown_01c7	_isJump	bool
Unknown_01c7	_isSelected	bool
Unknown_01c7	_newTimeGrid	MUTimeGrid
Unknown_01c7	_newTimeMapper	MUDisplayPerformanceTimeMapper
Unknown_01c7	_oldTimeline	MUTimeline
Unknown_01c7	_pos	GNPoint
Unknown_01c7	_posOffset	GNPoint
Unknown_01c7	_quarter	GNFraction
Unknown_01c7	_replacedTimeGrid	MUTimeGrid
Unknown_01c7	_replacedTimeMapper	MUDisplayPerformanceTimeMapper
Unknown_01c7	_tempo	double
Unknown_01c7	_time	double
Unknown_01c8	_c1	GNColor
Unknown_01c8	_c2	GNColor
Unknown_01c8	_drawsBottomBorder	bool
Unknown_01c8	_drawsTopBorder	bool
Unknown_01c8	_x1	float
Unknown_01c8	_x2	float
Unknown_01c8	_y0	float
Unknown_01c8	_y1	float
Unknown_01c8	_y2	float
Unknown_01ca	_anchorTime	double
Unknown_01ca	_elementsGroupedBySequenceTrack	GNDictionary
Unknown_01ca	_pitchCenter	float
Unknown_01ca	_startQuarter	GNFraction
Unknown_01d4	_alpha	float
Unknown_01d4	_antialiasingEnabled	bool
Unknown_01d4	_blurWidth	GNCoord
Unknown_01d4	_clipRect	GNRect
Unknown_01d4	_color	GNColor
Unknown_01d4	_drawPath	GNDrawPath
Unknown_01d4	_filterQuality	GNFilterQuality
Unknown_01d4	_font	GNFont
Unknown_01d4	_lineCap	GNLineCap
Unknown_01d4	_lineJoin	GNLineJoin
Unknown_01d4	_lineWidth	GNCoord
Unknown_01d4	_transform	GNAffineTransform
Unknown_01d8	_leftBottom	GNCoord
Unknown_01d8	_leftTop	GNCoord
Unknown_01d8	_rightBottom	GNCoord
Unknown_01d8	_rightTop	GNCoord
Unknown_01db	_maxValue	float
Unknown_01db	_minValue	float
Unknown_01db	_shouldNormalize	bool
Unknown_01db	_snapRange	float
Unknown_01db	_snapValues	GNData
Unknown_01e3	_accessTimes	GNData
Unknown_01e3	_capacity	GNInt
Unknown_01e3	_keys	GNList
Unknown_01e3	_values	GNList
Unknown_01e7	_autoCompletionEnabled	bool
Unknown_01e7	_backgroundColor	GNColor
Unknown_01e7	_blackColor	GNColor
Unknown_01e7	_borderColor	GNColor
Unknown_01e7	_borderWidth	GNEdgeInset
Unknown_01e7	_clipsAlways	bool
Unknown_01e7	_color	GNColor
Unknown_01e7	_controlBackgrounds	GNList
Unknown_01e7	_controlKnobs	GNList
Unknown_01e7	_cornerRadius	GNCornerRadius
Unknown_01e7	_darkGrayColor	GNColor
Unknown_01e7	_directory	GNFilePath
Unknown_01e7	_drawPath	GNDrawPath
Unknown_01e7	_drawsArrows	bool @0x261
Unknown_01e7	_duration	double
Unknown_01e7	_from	GNObject
Unknown_01e7	_highlightedBorderColor	GNColor
Unknown_01e7	_identifier	GNString
Unknown_01e7	_innerBlurColor	GNColor
Unknown_01e7	_innerBlurWidth	float
Unknown_01e7	_interpolationFunction	GNInterpolationFunction
Unknown_01e7	_interpolationMethod	GNAnimationCurve
Unknown_01e7	_isRunning	bool
Unknown_01e7	_lighGrayColor	GNColor
Unknown_01e7	_mode	GNComboBoxMode
Unknown_01e7	_namedColors	GNDictionary
Unknown_01e7	_namedImages	GNDictionary
Unknown_01e7	_outerBlurColor	GNColor
Unknown_01e7	_outerBlurInset	GNEdgeInset
Unknown_01e7	_outerBlurWidth	float
Unknown_01e7	_outerDrawPath	GNDrawPath
Unknown_01e7	_plistFilePath	GNFilePath
Unknown_01e7	_separator	GNString
Unknown_01e7	_shrinks	bool
Unknown_01e7	_startTime	double
Unknown_01e7	_title	GNString
Unknown_01e7	_to	GNObject
Unknown_01e7	_whiteColor	GNColor
Unknown_01e8	_actionName	GNString
Unknown_01e8	_alignment	GNTextAlignment
Unknown_01e8	_autoenablesItems	bool
Unknown_01e8	_backgroundColor	GNColor
Unknown_01e8	_blue	GNColor
Unknown_01e8	_borderColor	GNColor
Unknown_01e8	_borderStyle	GNBorderStyle
Unknown_01e8	_buildFromScratch	bool
Unknown_01e8	_cellSize	GNSize
Unknown_01e8	_columnCount	GNInt
Unknown_01e8	_data	GNData
Unknown_01e8	_destDir	GNFilePath
Unknown_01e8	_displayMode	GNToolbarDisplayMode
Unknown_01e8	_doubleClickActionName	GNString
Unknown_01e8	_draggableBackgroundColor	GNColor
Unknown_01e8	_drawsArrows	bool @0x239
Unknown_01e8	_edge	GNEdge
Unknown_01e8	_filePath	GNFilePath
Unknown_01e8	_graveColor	GNColor
Unknown_01e8	_green	GNColor
Unknown_01e8	_highlightDropTarget	bool
Unknown_01e8	_identifier	GNString
Unknown_01e8	_imageColor	GNColor
Unknown_01e8	_intercellSpacing	GNSize
Unknown_01e8	_interpolationQuality	GNInt
Unknown_01e8	_isDragEnabled	bool
Unknown_01e8	_isDropEnabled	bool
Unknown_01e8	_isRunningModal	bool
Unknown_01e8	_loadedStrings	GNDictionary
Unknown_01e8	_location	float
Unknown_01e8	_loopListBackgroundColor	GNColor
Unknown_01e8	_minCellSize	GNSize
Unknown_01e8	_oldDir	GNFilePath
Unknown_01e8	_oldDir2	GNFilePath
Unknown_01e8	_orientation	GNPrintOrientation
Unknown_01e8	_pageIndex	GNInt
Unknown_01e8	_pageNumber	GNInt
Unknown_01e8	_pageRange	GNRange
Unknown_01e8	_panelBackgroundColor	GNColor
Unknown_01e8	_panelBorderColor	GNColor
Unknown_01e8	_progress	float
Unknown_01e8	_rectRadius	float
Unknown_01e8	_red	GNColor
Unknown_01e8	_removeUnsedKeys	bool
Unknown_01e8	_scaling	float
Unknown_01e8	_scrollerBorderRadius	float
Unknown_01e8	_scrollerKnobColor	GNColor
Unknown_01e8	_scrollerKnobMargin	float
Unknown_01e8	_selectedComponentBorderColor	GNColor
Unknown_01e8	_shadowColor	GNColor
Unknown_01e8	_showsTitles	bool
Unknown_01e8	_singleItemMode	bool
Unknown_01e8	_size	GNSize
Unknown_01e8	_sourceImage	GNImage
Unknown_01e8	_spacing	float
Unknown_01e8	_targetImage	GNImage
Unknown_01e8	_title	GNString
Unknown_01e8	_transparent	GNColor
Unknown_01e8	_visibilityLevelCache	float
Unknown_01e8	_windowBackgroundColor	GNColor
Unknown_01e8	_zoomFactor	float
Unknown_01e9	_activeControlTextColor	GNColor
Unknown_01e9	_activeHighlightTextColor	GNColor
Unknown_01e9	_buttonPressedTextColor	GNColor
Unknown_01e9	_controlContentColor	GNColor
Unknown_01e9	_controlFatContentColor	GNColor
Unknown_01e9	_controlLowContentColor	GNColor
Unknown_01e9	_customizedNoteBackgroundColor	GNColor
Unknown_01e9	_customizedNoteBorderColor	GNColor
Unknown_01e9	_disabledControlContentColor	GNColor
Unknown_01e9	_disabledKnobFillColor	GNColor
Unknown_01e9	_highlightContentColor	GNColor
Unknown_01e9	_knobFillColor	GNColor
Unknown_01e9	_labelContentColor	GNColor
Unknown_01e9	_labelFatContentColor	GNColor
Unknown_01e9	_labelLowContentColor	GNColor
Unknown_01e9	_mouseOverKnobFillColor	GNColor
Unknown_01e9	_name	GNString
Unknown_01e9	_noteBackgroundColor	GNColor
Unknown_01e9	_noteBorderColor	GNColor
Unknown_01e9	_relatedChordBackgroundColor	GNColor
Unknown_01e9	_selectedCustomizedNoteBackgroundColor	GNColor
Unknown_01e9	_selectedCustomizedNoteBorderColor	GNColor
Unknown_01e9	_selectedMovingNoteBackgroundColor	GNColor
Unknown_01e9	_selectedNoteBackgroundColor	GNColor
Unknown_01e9	_selectedNoteBorderColor	GNColor
Unknown_01e9	_selectedTextBackroundColor	GNColor
Unknown_01e9	_selectionPressedColor	GNColor
Unknown_01e9	_suggestedChordBackgroundColor	GNColor
Unknown_01e9	_textFieldBackroundColor	GNColor
Unknown_01e9	_volumeSliderBackgroundColor	GNColor
Unknown_01f4	_breakCondition	GNCondition
Unknown_01f4	_filePath	GNFilePath
Unknown_01f4	_lastSystemTime	double
Unknown_01f4	_thread	GNThread
Unknown_01f4	_userInfo	GNDictionary
Unknown_01f9	_event	GNEvent
Unknown_01f9	_keyFlags	GNInt
Unknown_01f9	_showDeleteButton	bool
