# Class	Index	Property	Address	Type
AND	0	_const	029c198b	
AND	1	_line	029c1a3b	
AND	2	_data	029c1a4b	
AND	3	_line	029c1a7b	
AND	4	_data	029c1a8b	
AND	5	_line	029c1aa2	
AND	6	_data	029c1ab2	
AND	7	_ex	029c1f4a	
AND	8	_ex	029c1f66	
ARA	0	_startPosition	02000823	
ARA	1	_endPosition	02000832	
ARA	2	_documentArchiveID	0200083f	
ARA	3	_shouldOpenAutomatically	02000852	
ARA	4	_plugInName	0200086b	
ARA	5	_lowestSupportedVersion	02000877	
ARA	6	_manufacturerName	0200088f	
ARA	7	_informationURL	020008a1	
BIO	0	_ex	029bae6c	
BIO	1	_ex	029baebb	
BIO	2	_ex	029baed0	
BIO	3	_ex	029baeec	
CDict	0	_advanced	029b6924	
CDict	1	_simpleArgs	029b6990	
CDict	2	_internal	029b6a4c	
CDict	3	_usingCTable	029b6a79	
CFBundleShortVersionString	0	_allProcessorEvents	0200068f	
CFBundleShortVersionString	1	_allMidiEvents	020006a3	
CFBundleShortVersionString	2	_midiEventCount	020006b2	
CFBundleShortVersionString	3	_documentFilePath	020006c2	
CFBundleShortVersionString	4	_documentFilePathIsPlugInSubfolder	020006d4	
CFBundleShortVersionString	5	_hostDoesNotRenderRunningPlugInsContinuously	020006f7	
CFBundleShortVersionString	6	_hostTracks	02000724	
CFBundleShortVersionString	7	_color	02000730	
CFBundleShortVersionString	8	_isFocused	02000737	
CFBundleShortVersionString	9	_processors	02000742	
CGContext	0	_activateKeyModifierTrackingHack	02425ceb	
CGContext	1	_activateIsMovableByWindowBackgroundHack	02425d0c	
CGContext	2	_rootView	02425eb3	
CGContext	3	_trackingArea	02425ebd	
CGContext	4	_lastModifierFlags	02425ecb	
CGContext	5	_modifierFlagsTimer	02425ede	
CGContext	6	_deactiveAcceptingMouseEventsOnExit	02425ef2	
CGContext	7	_activeMovableByWindowBackground	02425f16	
CGContext	8	_isPerformingDrawRect	02425f37	
CGContext	9	_isResettingFirstResponder	02425f4d	
CGContext	10	_shouldNotifyRunLoopObservers	02425f68	
CGContext	11	_mouseDownMakesFirstResponder	02425f86	
CGContext	12	_mouseDownMakesWindowKey	02425fa4	
CGContext	13	_handlesKeyEquivalents	02425fbd	
CGContext	14	_handlesCocoaActions	02425fd4	
CGContext	15	_isMovableByWindowBackgroundHackEnabled	02425fe9	
CStream	0	_fromFrame	029b5e47	
CStream	1	_simpleArgs	029b5e62	
CStream	2	_row	029b5fad	
CStream	3	_row	029b5ff8	
ERT	0	_type	029c8671	
ERT	1	_method	029c8a0e	
ERT	2	_string	029c8bf5	
ERT	3	_ex	029c8eb0	
ERT	4	_fp	029c8f86	
EXTENSION	0	_ex	029b8423	
EXTENSION	1	_fp	029b8434	
EXTENSION	2	_fp	029b8448	
EXTENSION	3	_asc	029b8497	
EXTENSION	4	_default_mask	029b84a0	
GNAccessRightManager	0	_validationDictionaries	01f9ea3c	
GNAccessRightManager	1	_autovalidationDisableLevel	01f9ea54	
GNAccessRightManager	2	_runLoopObserver	01f9ea70	
GNActionGroup	0	_subgroups	01fa2607	
GNActionGroup	1	_supergroup	01fa2612	
GNActionGroup	2	_actionRegistrations	01fa261e	
GNActionPool	0	_groups	01fa2655	
GNActionPool	1	_topLevelGroups	01fa265d	
GNActionPool	2	_keyReleaseSensitiveActions	01fa266d	
GNActionPool	3	_menus	01fa2689	
GNActionPool	4	_menusWithShortCutsOnly	01fa2690	
GNActionPool	5	_currentGroup	01fa26a8	
GNActionQueue	0	_actions	01fa26c4	
GNActionQueue	1	_defaults	01fa26cd	
GNActionQueue	2	_actionIndex	01fa26d7	
GNActionQueue	3	_isRunningModal	01fa26e4	
GNActionQueue	4	_logFile	01fa26f4	
GNActionQueue	5	_logFilePath	01fa26fd	
GNActionQueue	6	_keyboardShortCut	01fa270a	
GNActionQueue	7	_eventTypes	01fa271c	
GNAffineTransform	0	_m11	01fa273a	
GNAffineTransform	1	_m12	01fa273f	
GNAffineTransform	2	_m21	01fa2744	
GNAffineTransform	3	_m22	01fa2749	
GNAffineTransform	4	_tX	01fa274e	
GNAffineTransform	5	_tY	01fa2752	
GNAlertPanel	0	_infoText	01fa2763	
GNAlertPanel	1	_okTitle	01fa276d	
GNAlertPanel	2	_cancelTitle	01fa2776	
GNAnimation	0	_mergesSegmentsAtBorders	01fa5e45	
GNAnimation	1	_isMoving	01fa5e5e	
GNAnimation	2	_isStretching	01fa5e68	
GNAnimation	3	_allowGaps	01fa5e76	
GNAnimation	4	_isEditingSequence	01fa5e81	
GNAnimation	5	_splitsOnBars	01fa5e94	
GNAnimation	6	_titleRects	01fa5ea2	
GNAnimation	7	_visibleRange	01fa5eae	
GNAnimationOwner	0	_animatedView	01fa1c9e	
GNAnimationOwner	1	_animationLevel	01fa1cac	
GNAnimationOwner	2	_removing	01fa1cbc	
GNAnimationOwner	3	_animationImage	01fa1cc6	
GNAnimationOwner	4	_sourceFrame	01fa1cd6	
GNAnimationOwner	5	_destinationFrame	01fa1ce3	
GNAnimationOwner	6	_animationOffset	01fa1cf5	
GNAnimationOwner	7	_duration	01fa1d06	
GNAppearance	0	_alpha	01fa062e	
GNAppearance	1	_mouseOverIntensity	01fa0635	
GNAppearance	2	_isTransparent	01fa0649	
GNAppearance	3	_isBypassingEvents	01fa0658	
GNAppearance	4	_drawingFrameReflectSubviews	01fa066b	
GNAppearance	5	_isAutolayoutingSubviews	01fa0688	
GNAppearance	6	_needsLayout	01fa06a1	
GNAppearance	7	_visibilityPriority	01fa06ae	
GNAppearanceState	0	_controlTextColor	01fa2795	
GNAppearanceState	1	_colorStore	01fa27a7	
GNAppearanceState	2	_flashingIntensity	01fa27b3	
GNAppearanceState	3	_providesPreferences	01fa27c6	
GNAssociation	0	_bindings	01fa2ddc	
GNAssociation	1	_object	01fa2de6	
GNAssociation	2	_isMultipleSelectionSupported	01fa2dee	
GNAssociation	3	_isEstablished	01fa2e0c	
GNAssociation	4	_objectIsEdited	01fa2e1b	
GNAssociation	5	_bindingsDict	01fa2e2b	
GNAssociation	6	_didUpdate	01fa2e39	
GNAssociation	7	_shouldResetComboBoxOnSubjectChanged	01fa2e44	
GNAssociation	8	_isLoaded	01fa2e69	
GNAssociation	9	_objectsKey	01fa2e73	
GNAssociation	10	_titleKey	01fa2e7f	
GNAssociationBinding	0	_aspect	01fa27f0	
GNAssociationBinding	1	_valueTransformerName	01fa27f8	
GNAssociationBinding	2	_keyIsPropertyCache	01fa280e	
GNAssociationBinding	3	_graphicsContext	01fa2822	
GNAudioDevicePrefCtrl	0	_devicePopUpButton	01faf301	
GNAudioDevicePrefCtrl	1	_sampleRatePopUpButton	01faf314	
GNAudioDevicePrefCtrl	2	_bufferSizePopUpButton	01faf32b	
GNAudioDevicePrefCtrl	3	_outputPopUpButton	01faf342	
GNAudioDevicePrefCtrl	4	_ignoreBufferUnderrunsSwitch	01faf355	
GNAudioDevicePrefCtrl	5	_showASIOControlPanelButton	01faf372	
GNAudioDevicePrefCtrl	6	_recordingAccessView	01faf38e	
GNAudioDevicePrefCtrl	7	_sampleRateFormatter	01faf3a3	
GNAudioEffectTypeMask	0	_matchingBarSignaturesCache	02024135	
GNAudioEffectTypeMask	1	_barSignatureCache	02024151	
GNAudioEffectTypeMask	2	_mpdLockedOnServerCache	02024164	
GNAudioFileRecorder	0	_autostart	01ffeba2	
GNAudioFileRecorder	1	_bufferSize	01ffebad	
GNAudioFileRecorder	2	_recordingBufferIndex	01ffebb9	
GNAudioFileRecorder	3	_recordedSampleFrames	01ffebcf	
GNAudioFileRecorder	4	_recordingBufferCompleted	01ffebe5	
GNAudioFileRecorder	5	_completedSampleFrame	01ffebff	
GNAudioFileRecorder	6	_saveTimer	01ffec15	
GNAudioFileRecorder	7	_onHold	01ffec20	
GNAudioFilter	0	_channelIndex	01ffec36	
GNAudioFilter	1	_displayedValues	01ffec44	
GNAudioFilter	2	_displayedPeakValues	01ffec55	
GNAudioFilter	3	_displayedRMS	01ffec6a	
GNAudioFilter	4	_displayedPeakTimes	01ffec78	
GNAudioFilter	5	_showsClipLight	01ffec8c	
GNAudioFilter	6	_isAutorunning	01ffec9c	
GNAudioFilter	7	_drawsScale	01ffecab	
GNAudioFilter	8	_hasSingleBorder	01ffecb7	
GNAudioFilter	9	_highlightsClipping	01ffecc8	
GNAudioFilter	10	_outerMargin	01ffecdc	
GNAudioHALDevice	0	_inputChannelCount	01fafd7f	
GNAudioHALDevice	1	_outputChannelCount	01fafd92	
GNAudioHALDevice	2	_errorDescription	01fafda6	
GNAudioHALDevice	3	_outputBuffersDidUnderrfftun	01fafdb8	
GNAudioHALDevice	4	_reloadRequestedByDriver	01fafdd5	
GNAudioHALDevice	5	_bufferUnderruns	01fafdee	
GNAudioHALDevice	6	_usedInputChannelIndexes	01fafdff	
GNAudioHALDevice	7	_usedOutputChannelIndexes	01fafe18	
GNAudioHALDevice	8	_switchInputBuffersLock	01fafe32	
GNAudioHALDevice	9	_inputDeviceID	01fafe4a	
GNAudioHALDevice	10	_outputDeviceID	01fafe67	
GNAudioHALDevice	11	_inputStreamID	01fafe77	
GNAudioHALDevice	12	_outputStreamID	01fafe94	
GNAudioHALDevice	13	_supportedSampleRates	01fafea4	
GNAudioHALDevice	14	_supportedBufferSizes	01fafeba	
GNAudioHALDevice	15	_maxOutputChannelCount	01fafed0	
GNAudioHALDevice	16	_maxInputChannelCount	01fafee7	
GNAudioHALDevice	17	_changeBuffserSizePending	01fafefd	
GNAudioHALDevice	18	_currentInputBufferWriteIndex	01faff17	
GNAudioMeterProcessor	0	_maxValues	01faf3ce	
GNAudioMeterProcessor	1	_maxRMS	01faf3d9	
GNAudioMeterProcessor	2	_isEBUR128Enabled	01faf3e1	
GNAudioMeterProcessor	3	_ebur128_buffer	01faf3f3	
GNAudioMeterProcessor	4	_frequencyBands	01faf403	
GNAudioMeterProcessor	5	_frequencyBandMagnitudeSlices	01faf413	
GNAudioMeterProcessor	6	_frequencyBandsTransformer	01faf431	
GNAudioMeterView	0	_drawsSliderShadow	01faeb32	
GNAudioMeterView	1	_showsPeakBorder	01faeb45	
GNAudioMeterView	2	_isOutputSlot	01faeb56	
GNAudioMeterView	3	_isDefaultSlot	01faeb64	
GNAudioMeterView	4	_stereoItemCount	01faeb73	
GNAudioMeterView	5	_ioObserver	01faeb84	
GNAudioMeterView	6	_ioConfig	01faeb90	
GNAudioPlugInChannelFormat	0	_title	01f9db9d	
GNAudioPlugInChannelFormat	1	_identifier	01f9dba4	
GNAudioPlugInChannelFormat	2	_manufacturer	01f9dbb0	
GNAudioPlugInChannelFormat	3	_userDictionary	01f9dbbe	
GNAudioPlugInDescription	0	_lastTestResults	01f9db40	
GNAudioPlugInDescription	1	_isEnabled	01f9db51	
GNAudioPlugInDescription	2	_isAvailable	01f9db5c	
GNAudioPlugInDescription	3	_supportedChannelFormats	01f9db69	
GNAudioProcessorController	0	_parameterChangeCounters	01ffed2e	
GNAudioProcessorController	1	_parameterValues	01ffed47	
GNAudioProcessorController	2	_arrangedPrcoessorSource	01ffed58	
GNAudioProcessorEventCache	0	_processingLock	01f9d9bd	
GNAudioProcessorEventCache	1	_stateIsModified	01f9d9cd	
GNAudioProcessorEventCache	2	_isSettingParameterState	01f9d9de	
GNAudioProcessorEventCache	3	_isSongPositionWhileStoppedWorkaroundDisabled	01f9d9f7	
GNAudioProcessorEventCache	4	_lastRenderTransportWasPlaying	01f9da25	
GNAudioProcessorEventCache	5	_expectedNextPlaybackSampleIndex	01f9da44	SInt64
GNAudioProcessorEventCache	6	_hostDocument	01f9da6c	
GNAudioProcessorTimeInfo	0	_inputBuffers	01fad951	float **
GNAudioProcessorTimeInfo	1	_plugInDescription	01fad968	
GNAudioProcessorTimeInfo	2	_currentEvents	01fad97b	
GNAudioProcessorTimeInfo	3	_nextEventIndex	01fad98a	
GNAudioProcessorTimeInfo	4	_isProcessingOffline	01fad99a	
GNAudioProcessorTimeInfo	5	_isBeingHosted	01fad9af	
GNAudioProcessorTimeInfo	6	_processedSampleRange	01fad9be	
GNAudioProcessorTimeInfo	7	_changeCounters	01fad9d4	
GNAudioProcessorTimeInfo	8	_outputPresentationLatency	01fad9e4	
GNAudioProcessorWorkgroup	0	_nextProcessor	01fad8fe	
GNAudioProcessorWorkgroup	1	_previousProcessor	01fad90d	
GNAudioProcessorWorkgroup	2	_hostFeatures	01fad920	
GNAudioProcessorWorkgroup	3	_timeInfo	01fad92e	
GNAudioResampler	0	_sourceProcessor	01ffedc6	
GNAudioResampler	1	_loadedTargetRingBufferIndex	01ffedd7	
GNAudioResampler	2	_targetRingBufferSize	01ffedf4	
GNAudioResampler	3	_targetRingBufferMask	01ffee0a	
GNAudioResampler	4	_loadedSourceRingBufferIndex	01ffee20	
GNAudioResampler	5	_sourceRingBufferSize	01ffee3d	
GNAudioResampler	6	_sourceRingBufferMask	01ffee53	
GNAudioResampler	7	_targetSampleIndex	01ffee69	
GNAudioResampler	8	_sourceSampleRate	01ffee7c	
GNAudioResampler	9	_targetSampleRate	01ffee8e	
GNAudioResampler	10	_rateFactor	01ffeea0	
GNAudioSampleFormat	0	_sampleFormat	01fa1861	
GNAudioSampleFormat	1	_sampleRate	01fa186f	
GNAudioSampleFormat	2	_sampleCount	01fa187b	
GNAudioSimpleFilterType	0	_cutOffHz	01ffef0d	
GNAudioSimpleFilterType	1	_resonanceDirt	01ffef17	
GNAudioSimpleFilterType	2	_limiterKnee	01ffef26	
GNAudioSimpleFilterType	3	_analogness	01ffef33	
GNAudioSimpleFilterType	4	_resonance	01ffef3f	
GNAutoResizingMask	0	_mouseoverViews	01fa2940	
GNAutoResizingMask	1	_isKeyRootView	01fa2950	
GNAutoResizingMask	2	_isForwardingActionToMainResponer	01fa295f	
GNAutoResizingMask	3	_cursorChangeBlocked	01fa2981	
GNAutoResizingMask	4	_lastCursorChange	01fa2996	
GNAutoResizingMask	5	_invalidRects	01fa29a8	
GNAutoResizingMask	6	_distinctScreen	01fa29b6	
GNBackgroundView	0	_shrinks	02032853	
GNBackgroundView	1	_borderColor	0203285c	
GNBackgroundView	2	_highlightedBorderColor	02032869	
GNBackgroundView	3	_borderWidth	02032881	
GNBackgroundView	4	_cornerRadius	0203288e	
GNBinaryArchiveTypeInfoContainer	0	_currentObjectData	01f9e1ab	
GNBinaryArchiveTypeInfoContainer	1	_currentObjectDataStream	01f9e1be	
GNBinaryArchiveTypeInfoContainer	2	_currentObjectExcessKVTypeInfos	01f9e1d7	
GNBinaryArchiveTypeInfoContainer	3	_currentObjectExcessData	01f9e1f7	
GNBinaryArchiveTypeInfoContainer	4	_currentObjectExcessDataStream	01f9e210	
GNBinaryArchiveTypeInfoContainer	5	_currentObjectCompleteData	01f9e22f	
GNBinaryArchiveTypeInfoContainer	6	_currentObjectCompleteDataStream	01f9e24a	
GNBinaryArchiveTypeInfoContainer	7	_classDescriptionKVTypeInfosMap	01f9e26b	
GNBinaryArchiveTypeInfoContainer	8	_allClassDescriptions	01f9e28b	
GNBinaryArchiveTypeInfoContainer	9	_classDescriptionNotShareableKeys	01f9e2a1	
GNBinaryArchiveTypeInfoContainer	10	_allObjects	01f9e2c3	
GNBinaryArchiveTypeInfoContainer	11	_archivedObjects	01f9e2cf	
GNBinaryArchiveTypeInfoContainer	12	_doneObjects	01f9e2e0	
GNBinaryArchiveTypeInfoContainer	13	_todoObjects	01f9e2ed	
GNBinaryArchiveTypeInfoContainer	14	_allKeys	01f9e2fa	
GNBinaryArchiveTypeInfoContainer	15	_delegate	01f9e303	
GNBinaryKeyValueArchiver	0	_usedCompressorIndex	01f9e127	
GNBinaryKeyValueArchiver	1	_gatherOnly	01f9e13c	
GNBinaryKeyValueArchiver	2	_currentObject	01f9e148	
GNBinaryKeyValueArchiver	3	_currentClassDescription	01f9e157	
GNBinaryKeyValueArchiver	4	_currentObjectKVTypeInfos	01f9e170	
GNBinaryKeyValueArchiverKeyValueTypeInfo	0	_keyIndex	02004cc9	
GNBinaryKeyValueArchiverKeyValueTypeInfo	1	_valueCTypeID	02004cd3	
GNBinaryKeyValueArchiverKeyValueTypeInfo	2	_byteCount	02004ce1	
GNBinaryKeyValueArchiverKeyValueTypeInfo	3	_useCount	02004cec	
GNBinaryKeyValueUnarchiver	0	_archiveVersion	01f9e377	
GNBinaryKeyValueUnarchiver	1	_awakesObjectsAfterDecoding	01f9e387	
GNBinaryKeyValueUnarchiver	2	_isCancelled	01f9e3a3	
GNBinaryKeyValueUnarchiver	3	_allObjectsMarker	01f9e3b0	
GNBitfield	0	_archivedClassNamesVersionMap	01f9e3cd	
GNBitfield	1	_allClassNames	01f9e3eb	
GNBitfield	2	_tableClassIdx	01f9e3fa	
GNBitfield	3	_objectOrderIdx	01f9e409	
GNBitfield	4	_sharedKeyValueTypeInfoTable	01f9e419	
GNBitfield	5	_currentObjectGraphIdx	01f9e436	
GNBitfield	6	_objectGraphReadStack	01f9e44d	
GNBitfield	7	_objectInfos	01f9e463	
GNBitfield	8	_currentObjectInfo	01f9e470	
GNBitmapAppearance	0	_plistFilePath	0203292a	
GNBitmapAppearance	1	_directoryContent	02032939	
GNBitmapAppearance	2	_lighGrayColor	0203294b	
GNBitmapAppearance	3	_controlBackgrounds	0203295a	
GNBitmapAppearance	4	_controlKnobs	0203296e	
GNBitmapAppearance	5	_windowBackgroundImage	0203297c	
GNBitmapAppearance	6	_fixedWidthFont	02032993	
GNBitmapAppearance	7	_userFont	020329a3	
GNBitmapAppearance	8	_systemFont	020329ad	
GNBitmapAppearance	9	_smallSystemFont	020329b9	
GNBitmapAppearance	10	_namedColors	020329ca	
GNBitmapAppearance	11	_namedImages	020329d7	
GNBitmapAppearance	12	_directory	020329e4	
GNBorderStyle	0	_borderStyle	01fa07e4	
GNBorderStyle	1	_drawsBackground	01fa07f1	
GNBorderStyle	2	_strokesBorder	01fa0802	
GNBorderStyle	3	_drawsMainResponder	01fa0811	
GNBorderStyle	4	_drawsFrameMask	01fa0825	
GNBorderStyle	5	_innerMargin	01fa0835	
GNBrowserColumn	0	_fixSize	01fa2b60	
GNBrowserColumn	1	_item	01fa2b69	
GNBrowserColumn	2	_scrollView	01fa2b6f	
GNBrowserColumn	3	_browser	01fa2b7b	
GNBrowserFileSystemDataSource	0	_editButtonType	020319a3	
GNBrowserFileSystemDataSource	1	_editDrawsBackground	020319c1	
GNBrowserFileSystemDataSource	2	_editDocumentView	020319d6	
GNBrowserFileSystemDataSource	3	_editLeftBorderType	02031a4a	
GNBrowserFileSystemDataSource	4	_editRightBorderType	02031a5e	
GNBrowserFileSystemDataSource	5	_editTopBorderType	02031a73	
GNBrowserFileSystemDataSource	6	_editBottomBorderType	02031a86	
GNBrowserFileSystemDataSource	7	_editAutoCompletionEnabled	02031b40	
GNBrowserFileSystemDataSource	8	_editTag	02031b69	
GNBrowserFileSystemDataSource	9	_transform	02031c38	
GNBrowserFileSystemDataSource	10	_clipRect	02031c43	
GNBrowserFileSystemDataSource	11	_lineWidth	02031c4d	
GNBrowserFileSystemDataSource	12	_blurWidth	02031c58	
GNButton	0	_quantizePitchButton	01fa09d0	
GNButton	1	_elementLevelingButton	01fa09e5	
GNButton	2	_observer	01fa09fc	
GNButton	3	_detectionObserver	01fa0a06	
GNButtonImagePosition	0	_imagePosition	01fa117d	
GNButtonImagePosition	1	_flashingTime	01fa118c	
GNButtonImagePosition	2	_systemLoad	01fa119a	
GNButtonImagePosition	3	_progressValue	01fa11a6	
GNButtonImagePosition	4	_recordingInProgress	01fa11b5	
GNButtonImagePosition	5	_recordingValue	01fa11ca	
GNByteFormatter	0	_verbosity	020027cc	
GNByteFormatter	1	_workFactor	020027d7	
GNByteFormatter	2	_initialLocationInStream	020027e3	
GNByteFormatter	3	_tocChunkIDs	020027fc	
GNByteFormatter	4	_tocOffsets	02002809	
GNByteFormatter	5	_tocChunkLengths	02002815	
GNByteFormatter	6	_tocIsComplete	02002826	
GNByteFormatter	7	_fp	02002835	
GNCFFReader	0	_isWAVE64	01fafba6	
GNCFFReader	1	_blockAlignment	01fafbb0	
GNCFFReader	2	_bytesPerSample	01fafbc0	
GNCFFReader	3	_avarageBytesPerSecond	01fafbd0	
GNCFFReader	4	_msAdpcmSamplesPerBlock	01fafbe7	
GNCFFReader	5	_msAdpcmBlockSize	01fafbff	
GNCFFReader	6	_msAdpcmNumCoefficients	01fafc11	
GNCFFReader	7	_dviAdpcmSamplesPerBlock	01fafc29	
GNCFFReader	8	_dviAdpcmBlockSize	01fafc42	
GNCFFReader	9	_dviSamples	01fafc55	short *
GNCelemonyHTTPUploadRequest	0	_kvTypeInfos	02005708	
GNCelemonyHTTPUploadRequest	1	_excessKVTypeInfos	02005715	
GNCelemonyHTTPUploadRequest	2	_excessDataLength	02005728	
GNCelemonyHTTPUploadRequest	3	_excessDataLocation	0200573a	
GNCelemonyHTTPUploadRequest	4	_typeInfos	0200577d	
GNCelemonyHTTPUploadRequest	5	_pingInterval	02005804	
GNCelemonyHTTPUploadRequest	6	_licenseDictionary	02005812	
GNCelemonyHTTPUploadRequest	7	_serialNumberProductID	02005825	
GNCelemonyHTTPUploadRequest	8	_serialNumber	0200583c	
GNCelemonyHTTPUploadRequest	9	_ilokSerialNumber	0200584a	
GNCelemonyHTTPUploadRequest	10	_remainingDaysNeeded	0200585c	
GNCelemonyHTTPUploadRequest	11	_remainingDays	02005871	
GNCelemonyHTTPUploadRequest	12	_demoRequestJob	02005880	
GNCelemonyHTTPUploadRequest	13	_licenseFileUpToDate	02005890	
GNCelemonyHTTPUploadRequest	14	_expirationDate	020058a5	
GNClassDescription	0	_potentialValues	01f9e04e	
GNClassDescription	1	_derivationSources	01f9e05f	
GNClassDescription	2	_derivationDestinations	01f9e072	
GNClassDescription	3	_documentation	01f9e08a	
GNClassModel	0	_allAttributes	01f9e5d9	
GNClassModel	1	_allRelationships	01f9e5e8	
GNClassModel	2	_allPersistentProperties	01f9e5fa	
GNClassModel	3	_canObjectHaveMultipleOwnerObjectsCache	01f9e613	
GNClassModel	4	_allInverseRelationshipsToOwningRelationshipsCache	01f9e63b	
GNClassModel	5	_propertyForKeyCache	01f9e66e	
GNClassModel	6	_superClassDescription	01f9e683	
GNClassModel	7	_keyValueGetBindings	01f9e69a	
GNClassModel	8	_keyValueGetBindingsLock	01f9e6af	
GNClassModel	9	_propertyPaths	01f9e6c8	
GNClassModel	10	_propertyPathsLock	01f9e6d7	
GNClassModel	11	_invalidSelectors	01f9e6ea	
GNClassModel	12	_invalidSelectorsLock	01f9e6fc	
GNClassModel	13	_compatibleClassnames	01f9e712	
GNClipView	0	_knobProportion	01fa2b0a	
GNClipView	1	_increaseButtonPressed	01fa2b1a	
GNClipView	2	_decreaseButtonPressed	01fa2b31	
GNClipView	3	_column	01fa2b48	
GNClipViewBorderType	0	_leftBorderType	01fa2cac	
GNClipViewBorderType	1	_rightBorderType	01fa2cbc	
GNClipViewBorderType	2	_topBorderType	01fa2ccd	
GNClipViewBorderType	3	_bottomBorderType	01fa2cdc	
GNClipViewBorderType	4	_leftBorderVisibility	01fa2cee	
GNClipViewBorderType	5	_rightBorderVisibility	01fa2d04	
GNClipViewBorderType	6	_topBorderVisibility	01fa2d1b	
GNClipViewBorderType	7	_bottomBorderVisibility	01fa2d30	
GNClipViewBorderType	8	_argb	01fa2d48	
GNClipViewBorderType	9	_red	01fa2d4e	
GNClipViewBorderType	10	_green	01fa2d53	
GNClipViewBorderType	11	_blue	01fa2d5a	
GNClipViewBorderType	12	_isSolid	01fa2d60	
GNClipViewBorderType	13	_resourceName	01fa2d69	
GNCoalescedPropertyObserverNotificationStore	0	_propertyObserverRegistrationsByObject	01f9eb71	
GNCoalescedPropertyObserverNotificationStore	1	_propertyObserverRegistrationsByProperty	01f9eb98	
GNCoalescedPropertyObserverNotificationStore	2	_knownRegisteredPropertyObserverRegistrationsCount	01f9ebc1	
GNCoalescedPropertyObserverNotificationStore	3	_delayedObserverRegistrationsChangesRequired	01f9ebf4	
GNCoalescedPropertyObserverNotificationStore	4	_propertyObserverRegistrationsRegistered	01f9ec21	
GNCocoaAppearance	0	_tabIndex	01fa528d	
GNCocoaAppearance	1	_otherGraveBorderColor	01fa5297	
GNCocoaAppearance	2	_topGraveBorderColor	01fa52ae	
GNColorGradient	0	_colors	01fa2d87	
GNColorGradient	1	_fractions	01fa2d8f	
GNColorGradient	2	_angle	01fa2d9a	
GNComboBox	0	_customValue	01faceee	
GNComboBox	1	_view1	01facefb	
GNComboBox	2	_view2	01facf02	
GNComboBox	3	_allowsChainedResize	01facf09	
GNComboBox	4	_paddingLineSize	01facf1e	
GNComboBox	5	_stopTime	01facf2f	
GNComboBox	6	_scrubProgressor	01facf39	
GNComboBox	7	_timelineWillEditObserver	01facf4a	
GNComboBox	8	_timelineDidEditObserver	01facf64	
GNComboBox	9	_willEditTimeline	01facf7d	
GNComboBox	10	_plabackRangeTimer	01facf8f	
GNComboBoxDataField	0	_editNumberOfColumns	02032227	
GNComboBoxDataField	1	_editShowsHeaderView	0203223c	
GNComboBoxDataField	2	_editColumnResizingAllowed	02032251	
GNComboBoxDataField	3	_editColumnReorderingAllowed	0203226c	
GNComboBoxDataField	4	_editColumnHidingAllowed	02032289	
GNComboBoxDataField	5	_editAssciiExportEnabled	020322a2	
GNComboBoxDataField	6	_editDropFeedback	020322bb	
GNComboBoxDataField	7	_editRowReorderingAllowed	020322cd	
GNComboBoxDataField	8	_editUsesSubviewsForCells	020322e7	
GNComboBoxDataField	9	_editItemIndex	02032363	
GNComboBoxDataField	10	_editByInsertingItemAtIndex	02032372	
GNComboBoxDataField	11	_editByRemoveItem	0203238e	
GNComboBoxDataField	12	_editShowsTabs	020323a0	
GNComboBoxDataField	13	_editControlMode	020323af	
GNComboBoxDataField	14	_editFont	02032458	
GNComboBoxDataField	15	_editTextAlignment	02032462	
GNComboBoxDataField	16	_editForegroundColor	02032475	
GNComboBoxDataField	17	_editObjectValue	0203248a	
GNComboBoxDataField	18	_editObjectCustomClassNames	020324fd	
GNComboBoxDataField	19	_editObjectNames	02032519	
GNComboBoxDataField	20	_editConnectionsByRemovingObject	0203252a	
GNComboBoxDataField	21	_editConnectionsByAddingObject	0203254b	
GNComboBoxMode	0	_separator	02032a24	
GNComboBoxMode	1	_autoCompletionEnabled	02032a2f	
GNComboBoxMode	2	_drawsArrows	02032a46	
GNComparer	0	_equalLeftObjects	02003848	
GNComparer	1	_editKey	020038dc	
GNComparer	2	_editOwnerClassDescription	020038e5	
GNCompressor	0	_userInfo	01f9df3d	
GNCompressor	1	_objectPointers	01f9df47	
GNCompressor	2	_mutableObjects	01f9df57	
GNCompressor	3	_immutableObjects	01f9df67	
GNCompressor	4	_classDescriptions	01f9df79	
GNCompressor	5	_state	01f9df8c	
GNCompressor	6	_rootObject	01f9df93	
GNCompressor	7	_stream	01f9df9f	
GNControlBackInfo	0	_pressedImage	01fa2f58	
GNControlBackInfo	1	_bounds	01fa2f66	
GNControlBackInfo	2	_contentRect	01fa2f6e	
GNControlBackInfo	3	_loaded	01fa2f7b	
GNControlBackInfo	4	_scalingMask	01fa2f83	
GNControlBackInfo	5	_next	01fa2f90	
GNControlMatrixMode	0	_matrixMode	01fa2fba	
GNControlMatrixMode	1	_matrixSize	01fa2fc6	
GNControlMatrixMode	2	_suggestedCellSize	01fa2fd2	
GNControlMatrixMode	3	_prototype	01fa2fe5	
GNControlMatrixMode	4	_hotSpot	01fa2ff0	
GNControlMatrixMode	5	_isFilledWithWhiteColor	01fa2ff9	
GNControlType	0	_controlType	01fa104e	
GNControlType	1	_defaultObjectValue	01fa105b	
GNControlType	2	_toolTipFormatter	01fa106f	
GNControlType	3	_valueIsInvalid	01fa1081	
GNControlType	4	_validationHints	01fa1091	
GNControlType	5	_localizationHint	01fa10a2	
GNControlType	6	_autoenablingObserver	01fa10b4	
GNControlType	7	_label	01fa10ca	
GNControlType	8	_image	01fa10d1	
GNCoord	0	_drawsHorizontalGrid	01fa1f48	
GNCoord	1	_drawsVerticalGrid	01fa1f5d	
GNCoord	2	_intercellSpacing	01fa1f70	
GNCoord	3	_valueLists	01fa1f82	
GNCoord	4	_rowCount	01fa1f8e	
GNCoord	5	_needsReload	01fa1f98	
GNCoord	6	_userObject	01fa1fa5	
GNCoord	7	_autoresizesAllColumnsToFit	01fa1fb1	
GNCoord	8	_selectedRows	01fa1fcd	
GNCoord	9	_explititlySelectedRows	01fa1fdb	
GNCoord	10	_lastSelectedRow	01fa1ff3	
GNCopier	0	_sourceRootObject	020037bc	
GNCopier	1	_targetRootObject	020037ce	
GNCopier	2	_targetsForSources	020037e0	
GNCopier	3	_pendingReferenceObjects	020037f3	
GNCopier	4	_pendingReferenceReleationships	0200380c	
GNCornerRadius	0	_outerDrawPath	020328ab	
GNCornerRadius	1	_innerBlurWidth	020328ba	
GNCornerRadius	2	_innerBlurColor	020328ca	
GNCornerRadius	3	_outerBlurWidth	020328da	
GNCornerRadius	4	_outerBlurColor	020328ea	
GNCornerRadius	5	_outerBlurInset	020328fa	
GNCornerRadius	6	_clipsAlways	0203290a	
GNCrypter	0	_extensions	01f9f047	
GNCrypter	1	_hfsTypes	01f9f053	
GNCrypter	2	_stringTableGNUI	01f9f05d	
GNCrypter	3	_stringTableKey	01f9f06e	
GNCustomAlertPanel	0	_titleView	02032a66	
GNCustomAlertPanel	1	_infoView	02032a71	
GNCustomAlertPanel	2	_otherButton	02032a7b	
GNCustomAlertPanel	3	_loadedStrings	02032a88	
GNDebugObjectBrowserDelegate	0	_cellEditor	01fa3092	
GNDebugObjectBrowserDelegate	1	_editedObject	01fa309e	
GNDebugObjectBrowserDelegate	2	_displayedObjects	01fa30ac	
GNDebugObjectBrowserDelegate	3	_editedKey	01fa30be	
GNDebugObjectBrowserDelegate	4	_hidesTransientProperties	01fa30c9	
GNDebugObjectBrowserDelegate	5	_hidesRelationships	01fa30e3	
GNDisplayGroupDelegate	0	_displayQualifier	01fa31c5	
GNDisplayGroupDelegate	1	_fetchQualifier	01fa31d7	
GNDisplayGroupDelegate	2	_filterQualifier	01fa31e7	
GNDisplayGroupDelegate	3	_sortOrderings	01fa31f8	
GNDisplayGroupDelegate	4	_autofetchEnabled	01fa3207	
GNDisplayGroupDelegate	5	_fetchHandler	01fa3219	
GNDisplayGroupDelegate	6	_fetchesOnDemand	01fa3227	
GNDisplayGroupDelegate	7	_masterDetailAssociation	01fa3238	
GNDrawPath	0	_cachePath1	01fa08d8	
GNDrawPath	1	_cachePath2	01fa08e4	
GNDrawPath	2	_cachePath3	01fa08f0	
GNDrawPath	3	_localeChanged	01fa08fc	
GNDrawPath	4	_selectedIndex	01fa090b	
GNDrawPath	5	_fixedCount	01fa091a	
GNEdge	0	_expandDirection	01fa1d95	
GNEdge	1	_selectedIndexes	01fa1da6	
GNEdge	2	_isVertical	01fa1db7	
GNEdgeInset	0	_margins	01fa070d	
GNEdgeInset	1	_sharedWidthName	01fa0716	
GNEdgeInset	2	_isSharedSizeScope	01fa0727	
GNEdgeInset	3	_minLayoutSizeCache	01fa073a	
GNEdgeInset	4	_availableLayoutSizeCache	01fa074e	
GNEdgeInset	5	_sharedLayoutSizeCache	01fa0768	
GNEdgeInset	6	_frame	01fa077f	
GNEditingContextReadCopySyncObserver	0	_readCopySyncObserversLock	01f9ee9d	
GNEditingContextReadCopySyncObserver	1	_objectsWithReadCopies	01f9eeb8	
GNEditingContextReadCopySyncObserver	2	_message	01f9eecf	
GNEditingContextReadCopySyncObserver	3	_developerMessage	01f9eed8	
GNEndian	0	_endianness	01f9ef56	
GNEndian	1	_filePath	01f9ef62	
GNEndian	2	_dataLocation	01f9ef6c	
GNEndian	3	_dataLength	01f9ef7a	
GNEventType	0	_keyTitle	01fa3445	
GNEventType	1	_keySequence	01fa344f	
GNEventType	2	_keyFlags	01fa345c	
GNException	0	_reason	01f9eef6	
GNException	1	_callstack	01f9eefe	void **
GNException	2	_tableSize	01f9ef11	
GNException	3	_spectrumSize	01f9ef23	
GNException	4	_tableSizeLog2	01f9ef31	
GNFetchSpecification	0	_className	020028dc	
GNFetchSpecification	1	_entityName	020028e7	
GNFetchSpecification	2	_fetchLimit	020028f3	
GNFetchSpecification	3	_usesDistinct	020028ff	
GNFetchSpecification	4	_locksObjects	0200290d	
GNFetchSpecification	5	_refreshesRefetchedObjects	0200291b	
GNFetchSpecification	6	_promptsAfterFetchLimit	02002936	
GNFetchSpecification	7	_requiresAllQualifierBindingVariables	0200294e	
GNFileArchiveDelegate	0	_sourceFilePath	01f9efdb	
GNFileArchiveDelegate	1	_singleFileUse	01f9efeb	
GNFileArchiveDelegate	2	_posixPath	01f9effa	
GNFileArchiveFile	0	_descriptions	020025a9	
GNFileArchiveFile	1	_readOnly	020025b7	
GNFileArchiveFile	2	_isWriting	020025c1	
GNFileArchiveFile	3	_fileArchiveFilePath	020025cc	
GNFileArchiveFile	4	_readingFile	020025e1	
GNFileArchiveFile	5	_readingFileOffset	020025ee	
GNFileArchiveFile	6	_directAccess	02002601	
GNFileArchiveFile	7	_fileNumber	0200260f	
GNFileArchiveFile	8	_faPosixPath	0200261b	
GNFileArchiveFile	9	_faPosixPathCache	02002628	
GNFileArchiveFile	10	_directoryContentCache	0200263a	
GNFilePathPanelDelegate	0	_allowedFileTypes	01fa3ae4	
GNFilePathPanelDelegate	1	_defaultButtonTitle	01fa3af6	
GNFilePathPanelDelegate	2	_filePaths	01fa3b0a	
GNFilePathPanelDelegate	3	_canChooseDirectory	01fa3b15	
GNFilePathPanelDelegate	4	_canChooseFile	01fa3b29	
GNFilePathPanelDelegate	5	_allowsMultipleSelection	01fa3b38	
GNFilePathPasteboardCoder	0	_metrics	01fa3537	GNSize *
GNFilePathPasteboardCoder	1	_heightOffset	01fa3549	
GNFilePathPasteboardCoder	2	_yOffsetForVerticalCenterTextAlignment	01fa3557	
GNFilePathPasteboardCoder	3	_height	01fa357e	
GNFilePathPasteboardCoder	4	_style	01fa3586	
GNFontDescription	0	_docView	01fa2bf6	
GNFontDescription	1	_autoscrollingEnabled	01fa2bff	
GNFontDescription	2	_backgroundColor	01fa2c15	
GNFontDescription	3	_isForwardingDraggingInfoToDocumentView	01fa2c26	
GNFontDescription	4	_isForwardingMouseEventsToDocumentView	01fa2c4e	
GNFontDescription	5	_graphicsContextScrollingDisabled	01fa2c75	
GNForeignThreadPool	0	_priority	02003cda	
GNForeignThreadPool	1	_threadPool	02003ce4	
GNForeignThreadPool	2	_allocCount	02003cf0	
GNForeignThreadPool	3	_allocLock	02003cfc	
GNForeignThreadPool	4	_allocThread	02003d07	
GNForeignThreadPool	5	_indexHint	02003d14	
GNFormattedTitleAssoc	0	_formatters	01fa35b3	
GNFormattedTitleAssoc	1	_format	01fa35bf	
GNFormattedTitleAssoc	2	_nullTitle	01fa35c7	
GNFormattedTitleAssoc	3	_isPrinting	01fa35d2	
GNFormattedTitleAssoc	4	_states	01fa35de	
GNFormattedTitleAssoc	5	_currentState	01fa35e6	
GNFormatter	0	_name	01f9e0c7	
GNFormatter	1	_cType	01f9e0cd	
GNFormatter	2	_classname	01f9e0d4	
GNFormatter	3	_enumName	01f9e0df	
GNFormatter	4	_maxLength	01f9e0e9	
GNFormatter	5	_canCodeResourceNameCache	01f9e0f4	
GNFractionFormatter	0	_showsMixedFraction	01f9f092	
GNFractionFormatter	1	_reducingDisabled	01f9f0a6	
GNFractionFormatter	2	_resolution	01f9f0b8	
GNGenericAudioFloatParameterCtrl	0	_selectedIR	0200138a	
GNGenericAudioFloatParameterCtrl	1	_changeCountWhenActivated	02001396	
GNGenericAudioFloatParameterCtrl	2	_incrementBaseValue	020013b0	
GNGenericAudioFloatParameterCtrl	3	_tapeInputOutputLinkChanged	020013c4	
GNGenericAudioIndexParameterCtrl	0	_slider	01fffebc	
GNGenericAudioIndexParameterCtrl	1	_text	01fffec4	
GNGenericAudioIndexParameterCtrl	2	_button	01fffeca	
GNGenericAudioIndexParameterCtrl	3	_addConnection	01fffed2	
GNGenericAudioIndexParameterCtrl	4	_removeConnection	01fffee1	
GNGenericAudioIndexParameterCtrl	5	_setSource	01fffef3	
GNGenericAudioIndexParameterCtrl	6	_setDestination	01fffefe	
GNGenericAudioParameterCtrl	0	_processorController	01ffefa4	
GNGenericAudioParameterCtrl	1	_indexesForEnabledUserParameters	01ffefb9	
GNGenericAudioParameterCtrl	2	_isTestingUserParameters	01ffefda	
GNGenericAudioParameterCtrl	3	_arrangedPrcoessor	01ffeff3	
GNGeometryFormatter	0	_showsX	01f9f0e3	
GNGeometryFormatter	1	_showsY	01f9f0eb	
GNGeometryFormatter	2	_showsWidth	01f9f0f3	
GNGeometryFormatter	3	_showsHeight	01f9f0ff	
GNGeometryFormatter	4	_cTypeID	01f9f10c	
GNGlobalID	0	_changeKindMask	01fa332c	
GNGlobalID	1	_currentBatchIndex	01fa333c	
GNGlobalID	2	_numberOfObjectsPerBatch	01fa334f	
GNGlobalID	3	_autoselectedObject	01fa3368	
GNHTTPMessage	0	_method	02002a23	
GNHTTPMessage	1	_httpVersion	02002a2b	
GNHTTPMessage	2	_headers	02002a38	
GNHTTPProcessor	0	_request	02005e8a	
GNHTTPProcessor	1	_serverReachable	02005e93	
GNHTTPProcessor	2	_isProcessing	02005ea4	
GNHTTPRequest	0	_httpStatusCode	020058c3	
GNHTTPRequest	1	_condition	020058d3	
GNHTTPRequest	2	_failedProgress	020058de	
GNHTTPRequest	3	_expectedResultLength	020058ee	
GNHTTPRequest	4	_receivedResultLength	02005904	
GNHTTPRequest	5	_resultData	0200591a	
GNHTTPRequest	6	_resultMimeType	02005926	
GNHTTPRequest	7	_resultValuesCache	02005936	
GNHTTPRequest	8	_resultValuesExpected	02005949	
GNHTTPRequestContentType	0	_contentType	02005978	
GNHTTPRequestContentType	1	_headerValues	02005985	
GNHTTPRequestContentType	2	_httpMethod	02005993	
GNHTTPRequestContentType	3	_httpBody	0200599f	
GNHTTPRequestContentType	4	_bytesExpectedToSend	020059a9	
GNHTTPRequestContentType	5	_bytesSent	020059be	
GNHTTPRequestContentType	6	_bytesExpectedToReceive	020059c9	
GNHTTPRequestContentType	7	_bytesReceived	020059e1	
GNHTTPRequestContentType	8	_errorForLog	020059f0	
GNHeartbeatHandler	0	_currentLabel1	01fa0bfe	
GNHeartbeatHandler	1	_currentLabel2	01fa0c0d	
GNHeartbeatHandler	2	_maxLabel1	01fa0c1c	
GNHeartbeatHandler	3	_maxLabel2	01fa0c27	
GNHeartbeatHandler	4	_elapsedTime	01fa0c32	
GNHorizontalAlignment	0	_horizontalAlignment	01fa04d4	
GNHorizontalAlignment	1	_autoresizesSubviews	01fa04e9	
GNHorizontalAlignment	2	_autoresizesSuperview	01fa04fe	
GNHorizontalAlignment	3	_superview	01fa0514	
GNHorizontalAlignment	4	_subviews	01fa051f	
GNHorizontalAlignment	5	_cursor	01fa0529	
GNIconsViewDataSource	0	_minCellSize	02032ada	
GNIconsViewDataSource	1	_columnCount	02032ae7	
GNIconsViewDataSource	2	_singleItemMode	02032af4	
GNIconsViewDataSource	3	_showsTitles	02032b04	
GNIconsViewDataSource	4	_isDragEnabled	02032b11	
GNIconsViewDataSource	5	_isDropEnabled	02032b20	
GNIconsViewDataSource	6	_sourceImage	02032b2f	
GNIconsViewDataSource	7	_targetImage	02032b3c	
GNIconsViewDataSource	8	_imageColor	02032b49	
GNIconsViewDataSource	9	_graveColor	02032b55	
GNIconsViewItem	0	_valuePointer	01fa3640	
GNIconsViewItem	1	_isOpaque	01fa364e	
GNIconsViewItem	2	_isStencil	01fa3658	
GNIconsViewItem	3	_unusedColor	01fa3663	
GNIconsViewItem	4	_representations	01fa3670	
GNIconsViewItem	5	_pixelsPerPoint	01fa3681	
GNIconsViewItem	6	_vectorRepresentation	01fa3691	
GNImage	0	_alternateImage	01fa10e0	
GNImage	1	_disabledImage	01fa10f0	
GNImage	2	_alternateTitle	01fa10ff	
GNImage	3	_isBordered	01fa110f	
GNImageColorEffect	0	_editImageName	02031dfd	
GNImageColorEffect	1	_editTitle	02031e19	
GNImageColorEffect	2	_editActionName	02031e24	
GNImageColorEffect	3	_editIsEnabled	02031e34	
GNImageColorEffect	4	_editIsChecked	02031e43	
GNImageColorEffect	5	_editIsSeparatorItem	02031e52	
GNImageScaling	0	_imageScaling	01fa3769	
GNImageScaling	1	_stencilColor	01fa3777	
GNImageScaling	2	_progressBar	01fa3785	
GNImageScaling	3	_closeSheetButton	01fa3792	
GNImageScaling	4	_progressLabel	01fa37a4	
GNImageScaling	5	_progressBarSuper	01fa37b3	
GNImageScaling	6	_progressLabelSuper	01fa37c5	
GNImageScaling	7	_isRunningAsSheet	01fa37d9	
GNImageScaling	8	_selectedTypeName	01fa37eb	
GNImageScaling	9	_types	01fa37fd	
GNInspectorType	0	_inspectorView	01fa3814	
GNInspectorType	1	_typeSelector	01fa3823	
GNInspectorType	2	_inspector	01fa3831	
GNInspectorType	3	_inspectors	01fa383c	
GNInspectorType	4	_multipleValuePresenter	01fa3848	
GNJSONParser	0	_allowComments	02002b36	
GNJSONParser	1	_allowNullValuesInCollections	02002b45	
GNJSONParser	2	_skipNullValuesInCollections	02002b63	
GNJSONParser	3	_allowTrailingCommasInCollections	02002b80	
GNJSONParser	4	_lastError	02002ba2	
GNJSONParser	5	_bufferChars	02002bad	GNUniChar *
GNJSONParser	6	_scanner	02002bc6	
GNJSONParser	7	_idx	02002bcf	
GNJSONParser	8	_len	02002bd4	
GNJobState	0	_shouldCancel	01f9f18f	
GNJobState	1	_didFail	01f9f19d	
GNJobState	2	_error	01f9f1a6	
GNJobState	3	_progress	01f9f1ad	
GNJobState	4	_nextPostingThreshold	01f9f1b7	
GNJobState	5	_utilizesEntireProcessor	01f9f1cd	
GNJobState	6	_jobCount	01f9f1e6	
GNJobState	7	_maxConcurrentJobsCount	01f9f1f0	
GNJobState	8	_workerThreadsCreationCount	01f9f208	
GNJobState	9	_workerThreadsLock	01f9f224	
GNJobState	10	_workerThreads	01f9f237	
GNJobState	11	_normalTodo	01f9f246	
GNJobState	12	_complexTodo	01f9f252	
GNJobState	13	_schedulingCondition	01f9f25f	
GNJobState	14	_runningJobs	01f9f274	
GNJobState	15	_runningLowUtilizationJobs	01f9f281	
GNKemperAmpDelayNoteValue	0	_delayNoteValue1	01fff1d5	
GNKemperAmpDelayNoteValue	1	_delayNoteValue2	01fff1e6	
GNKemperAmpDelayNoteValue	2	_diMixFactor	01fff1f7	
GNKemperAmpDelayNoteValue	3	_isDiMixEnabled	01fff204	
GNKemperAmpDelayNoteValue	4	_isDiMixBlending	01fff214	
GNKemperAmpDelayNoteValue	5	_isDiMixInverted	01fff225	
GNKemperAmpDelayNoteValue	6	_rigTitle	01fff236	
GNKemperAmpDelayNoteValue	7	_rigData	01fff240	
GNKemperAmpDelayNoteValue	8	_rigTempo	01fff249	
GNKemperAmpDelayNoteValue	9	_isTempoSyncingToSong	01fff253	
GNKemperAmpDelayNoteValue	10	_isTempoWrapAroundEnabled	01fff269	
GNKemperAmpDelayNoteValue	11	_ref	01fff283	
GNKemperAmpDelayNoteValue	12	_refSampleRate	01fff288	
GNKemperAmpDelayNoteValue	13	_rigDataLock	01fff297	
GNKemperAmpDelayNoteValue	14	_syncedGain	01fff2a4	
GNKemperAmpDelayNoteValue	15	_syncedIsStackActive	01fff2b0	
GNKemperAmpDelayNoteValue	16	_syncedEqBass	01fff2c5	
GNKemperAmpDelayNoteValue	17	_syncedEqMiddle	01fff2d3	
GNKemperAmpDelayNoteValue	18	_syncedEqTreble	01fff2e3	
GNKemperAmpDelayNoteValue	19	_syncedEqPresence	01fff2f3	
GNKemperAmpDelayNoteValue	20	_syncedIsDelayActive	01fff305	
GNKemperAmpDelayNoteValue	21	_syncedDelayType	01fff31a	
GNKemperAmpDelayNoteValue	22	_syncedDelayMix	01fff32b	
GNKemperAmpDelayNoteValue	23	_syncedDelayFeedback	01fff33b	
GNKemperAmpDelayNoteValue	24	_syncedDelayBandwidth	01fff350	
GNKemperAmpDelayNoteValue	25	_syncedDelayFrequency	01fff366	
GNKemperAmpDelayNoteValue	26	_syncedDelayModulation	01fff37c	
GNKemperAmpDelayNoteValue	27	_syncedDelayDucking	01fff393	
GNKemperAmpDelayNoteValue	28	_syncedDelayLowCut	01fff3a7	
GNKemperAmpDelayNoteValue	29	_syncedDelayHighCut	01fff3ba	
GNKemperAmpDelayNoteValue	30	_syncedDelayReverseMix	01fff3ce	
GNKemperAmpDelayNoteValue	31	_syncedDelayStereo	01fff3e5	
GNKemperAmpDelayNoteValue	32	_syncedDelayFlutterIntensity	01fff3f8	
GNKemperAmpDelayNoteValue	33	_syncedDelayFlutterRate	01fff415	
GNKemperAmpDelayNoteValue	34	_syncedDelayGrit	01fff42d	
GNKemperAmpDelayNoteValue	35	_syncedDelaySwell	01fff43e	
GNKemperAmpDelayNoteValue	36	_syncedDelaySmear	01fff450	
GNKemperAmpDelayNoteValue	37	_syncedDelayChorus	01fff462	
GNKemperAmpDelayNoteValue	38	_syncedDelayCrystalMix	01fff475	
GNKemperAmpDelayNoteValue	39	_syncedDelayCrystalPitch	01fff48c	
GNKemperAmpDelayNoteValue	40	_syncedDelayPitchDetune	01fff4a5	
GNKemperAmpDelayNoteValue	41	_syncedDelayNoteValue1	01fff4bd	
GNKemperAmpDelayNoteValue	42	_syncedDelayNoteValue2	01fff4d4	
GNKemperAmpDelayType	0	_delayType	01fff090	
GNKemperAmpDelayType	1	_delayMix	01fff09b	
GNKemperAmpDelayType	2	_delayFeedback	01fff0a5	
GNKemperAmpDelayType	3	_delayBandwidth	01fff0b4	
GNKemperAmpDelayType	4	_delayFrequency	01fff0c4	
GNKemperAmpDelayType	5	_delayModulation	01fff0d4	
GNKemperAmpDelayType	6	_delayDucking	01fff0e5	
GNKemperAmpDelayType	7	_delayLowCut	01fff0f3	
GNKemperAmpDelayType	8	_delayHighCut	01fff100	
GNKemperAmpDelayType	9	_delayReverseMix	01fff10e	
GNKemperAmpDelayType	10	_delayStereo	01fff11f	
GNKemperAmpDelayType	11	_delayFlutterIntensity	01fff12c	
GNKemperAmpDelayType	12	_delayFlutterRate	01fff143	
GNKemperAmpDelayType	13	_delayGrit	01fff155	
GNKemperAmpDelayType	14	_delaySwell	01fff160	
GNKemperAmpDelayType	15	_delaySmear	01fff16c	
GNKemperAmpDelayType	16	_delayChorus	01fff178	
GNKemperAmpDelayType	17	_delayCrystalMix	01fff185	
GNKemperAmpDelayType	18	_delayCrystalPitch	01fff196	
GNKemperAmpDelayType	19	_delayPitchDetune	01fff1a9	
GNKemperAmpDelayTypeAssoc	0	_disabledUserParameterKeys	0200167c	
GNKemperAmpDelayTypeAssoc	1	_editClassname	020018e2	
GNKemperAmpDelayTypeAssoc	2	_editSuperClassname	020018f1	
GNKemperAmpDelayTypeAssoc	3	_editAttributes	02001905	
GNKemperAmpDelayTypeAssoc	4	_editRelationships	02001915	
GNKemperAmpProcessor	0	_libArchiveVersion	01fff01b	
GNKemperAmpProcessor	1	_level	01fff02e	
GNKemperAmpProcessor	2	_isStackActive	01fff035	
GNKemperAmpProcessor	3	_eqBass	01fff044	
GNKemperAmpProcessor	4	_eqMiddle	01fff04c	
GNKemperAmpProcessor	5	_eqTreble	01fff056	
GNKemperAmpProcessor	6	_eqPresence	01fff060	
GNKemperAmpProcessor	7	_isDelayActive	01fff06c	
GNKeyValueArchiveDataFormat	0	_dataFormat	01f9f352	
GNKeyValueArchiveDataFormat	1	_releationshipKeys	01f9f35e	
GNKeyValueArchiveDataFormat	2	_encodesGlobalIDsOfReferredObjects	01f9f371	
GNKeyValueArchiveDataFormat	3	_reflectsOwnerTree	01f9f394	
GNKeyValueArchiveDataFormat	4	_encodingObjectDefault	01f9f3a7	
GNKeyValueArchiveDataFormat	5	_referredObjectIDs	01f9f3be	
GNKeyValueArchiveDataFormat	6	_persistentObjectIDs	01f9f3d1	
GNKeyValueArchiver	0	_objectIDs	01f9f2df	
GNKeyValueArchiver	1	_classes	01f9f2ea	
GNKeyValueArchiver	2	_encodedObjects	01f9f2f3	
GNKeyValueArchiver	3	_values	01f9f303	
GNKeyValueArchiver	4	_encodingObject	01f9f30b	
GNKeyValueUnarchiver	0	_objectValues	01f9f43f	
GNKeyValueUnarchiver	1	_objectIds	01f9f44d	
GNKeyValueUnarchiver	2	_decodedObject	01f9f458	
GNKeyValueUnarchiver	3	_decodedValues	01f9f467	
GNKeyValueUnarchiver	4	_awakesObjectsAfterDecodig	01f9f476	
GNKeyValueUnarchiver	5	_references	01f9f491	
GNKeyValueUnarchiver	6	_classVersions	01f9f49d	
GNKeyValueUnarchiverDelegate	0	_supermodel	01f9e745	
GNKeyValueUnarchiverDelegate	1	_submodels	01f9e751	
GNKeyValueUnarchiverDelegate	2	_submodelNames	01f9e75c	
GNKeyValueUnarchiverDelegate	3	_isEditable	01f9e76b	
GNKeyValueUnarchiverDelegate	4	_currentDescValues	01f9e777	
GNKeyValueUnarchiverDelegate	5	_classNames	01f9e78a	
GNKindOfQualifier	0	_language	01f9f4be	
GNKindOfQualifier	1	_timeFormat	01f9f4c8	
GNKindOfQualifier	2	_translationTable	01f9f4d4	
GNKindOfQualifier	3	_dict	01f9f4e6	
GNLicenseResult	0	_ignoreTrials	01fa9850	
GNLicenseResult	1	_stringTable	01fa985e	
GNLicenseResult	2	_updateCheckItem	01fa986b	
GNLicenseResult	3	_messageText	01fa987c	
GNLicenseResult	4	_titleTextView	01fa9889	
GNLicenseResult	5	_copyErrorButton	01fa9898	
GNLicenseResult	6	_sheetWindowController	01fa98a9	
GNLicenseResult	7	_dialogs	01fa98c0	
GNLicenseResult	8	_jobs	01fa98c9	
GNLicenseResult	9	_versionIsUpToDate	01fa98cf	
GNLicenseResult	10	_urlToCheckOpen	01fa98e2	
GNLicenseResult	11	_requestTriggerType	01fa98f2	
GNLicenseResult	12	_timeout	01fa9906	
GNLicenseResult	13	_contentTextView	01fa990f	
GNLicenseResult	14	_messageView	01fa9920	
GNLicenseResult	15	_url	01fa992d	
GNLicenseResult	16	_messageToMerge	01fa9932	
GNLocaleExportController	0	_destDir	02032b7a	
GNLocaleExportController	1	_oldDir	02032b83	
GNLocaleExportController	2	_oldDir2	02032b8b	
GNLocaleExportController	3	_destResourceDir	02032b94	
GNLocaleExportController	4	_oldResourceDir2	02032ba5	
GNLocaleExportController	5	_oldResourceDir	02032bb6	
GNLocaleExportController	6	_buildFromScratch	02032bc6	
GNLocaleExportController	7	_removeUnsedKeys	02032bd8	
GNLocalizer	0	_currentKeyPrefix	01f9f4f8	
GNLocalizer	1	_defaultValues	01f9f50a	
GNLocalizer	2	_collisions	01f9f519	
GNLocalizer	3	_assignments	01f9f525	
GNLocalizer	4	_keyPrefixes	01f9f532	
GNLocalizer	5	_isAddedToToRuntimeLocalizer	01f9f53f	
GNLocalizer	6	_isVirtual	01f9f55c	
GNLocalizer	7	_arguments	01f9f567	
GNMasterDetailAssoc	0	_newObjectFirstResponder	01fa3265	
GNMasterDetailAssoc	1	_selectionDidUpdateAssociations	01fa327e	
GNMasterDetailAssoc	2	_isAddingObjectsEnabled	01fa329e	
GNMasterDetailAssoc	3	_isRemovingObjectsEnabled	01fa32b6	
GNMasterDetailAssoc	4	_revertsObjectsByKeepingGlobalIDs	01fa32d0	
GNMasterDetailAssoc	5	_revertsObjectsByRefetching	01fa32f2	
GNMasterDetailAssoc	6	_revertedGlobalIDs	01fa330e	
GNMasterSyncAssoc	0	_items	01fa3992	
GNMasterSyncAssoc	1	_autoenablesItems	01fa3999	
GNMasterSyncAssoc	2	_isMainMenu	01fa39ab	
GNMasterSyncAssoc	3	_sendsActionsAsynchronously	01fa39b7	
GNMasterSyncAssoc	4	_defaultResponders	01fa39d3	
GNMasterSyncAssoc	5	_selectedMenuItem	01fa39e6	
GNMasterSyncAssoc	6	_keyEquivalent	01fa39f8	
GNMasterSyncAssoc	7	_installed	01fa3a07	
GNMasterSyncAssoc	8	_sendsActionRegardlessOfSubmenu	01fa3a12	
GNMenu	0	_mainWindow	01f9d393	
GNMenu	1	_keyWindow	01f9d39f	
GNMenu	2	_infoController	01f9d3aa	
GNMenuItem	0	_isKeyboardNavigationEnabled	01f9d42e	
GNMenuItem	1	_lastModalResult	01f9d44b	
GNMenuItem	2	_additionalResourceDirectories	01f9d45c	
GNMenuItem	3	_preferencesDisplayGroup	01f9d47b	
GNMenuView	0	_menu	01fa1d5c	
GNMenuView	1	_submenu	01fa1d62	
GNMenuView	2	_super	01fa1d6b	
GNMenuView	3	_itemRects	01fa1d72	
GNMenuView	4	_showsCheckMarks	01fa1d7d	
GNMessagePort	0	_didReceiveKeyEvent	01f9d673	
GNMessagePort	1	_enableAlternativeResourceFolder	01f9d687	
GNMessagePort	2	_windowsOnlyShowMenuOnStartUp	01f9d6a8	
GNMessagePort	3	_windowsOnlyCreatePreferencesMenuItemIfNeeded	01f9d6c6	
GNMessagePort	4	_windowsOnlyCreateInfoMenuItemIfNeeded	01f9d6f4	
GNMessagePort	5	_carbonOnlyPreferencesMenuItemEnabled	01f9d71b	
GNMethod	0	_actionNames	01f9e586	
GNMethod	1	_isTransientClass	01f9e593	
GNMethod	2	_isRuntimeClassDescription	01f9e5a5	
GNMethod	3	_classModel	01f9e5c0	
GNMethodInvocation	0	_isAutocreateActionNamesEnabled	01f9fd83	
GNMethodInvocation	1	_hasUnstackedChanges	01f9fda3	
GNMethodInvocation	2	_invocations	01f9fdb8	
GNMethodInvocation	3	_actionName	01f9fdc5	
GNMethodInvocation	4	_saved	01f9fdd1	
GNMidiAudioEventMapper	0	_newEvents	01fff54c	
GNMidiAudioEventMapper	1	_controllerMap	01fff557	
GNMidiAudioEventMapper	2	_inQueues	01fff566	
GNMidiAudioEventMapper	3	_receiveOnAllMidiSources	01fff570	
GNMidiAudioEventMapper	4	_destinationsCache	01fff589	
GNMidiAudioEventMapper	5	_ppq	01fff59c	
GNMidiAudioEventMapper	6	_tempi	01fff5a1	
GNMidiEvent	0	_parameterIndex	01faf486	
GNMidiEvent	1	_parameterValue	01faf496	
GNMidiEvent	2	_isSequenced	01faf4a6	
GNMidiEvent	3	_songTime	01faf4b3	
GNMidiEvent	4	_tempo	01faf4bd	
GNMidiEvent	5	_cycleStartQuarter	01faf4c4	
GNMidiEvent	6	_cycleEndQuarter	01faf4d7	
GNMidiEvent	7	_quarter	01faf4e8	
GNMidiEvent	8	_hostRenderSampleIndex	01faf4f1	
GNMidiEvent	9	_numerator	01faf508	
GNMidiEvent	10	_denominator	01faf513	
GNMidiEvent	11	_transportPlaying	01faf520	
GNMidiEvent	12	_cycleIsActive	01faf532	
GNMidiEvent	13	_validity	01faf541	
GNMidiFileEventPacketList	0	_nameData	01fff7ca	
GNMidiFileEventPacketList	1	_texts	01fff7d4	
GNMidiFileEventPacketList	2	_instrumentData	01fff7db	
GNMidiFileEventPacketList	3	_programData	01fff7eb	
GNMidiFileEventPacketList	4	_deviceData	01fff7f8	
GNMidiFileEventPacketList	5	_lyrics	01fff804	
GNMidiFileEventPacketList	6	_cuePoints	01fff80c	
GNMidiFileKeyType	0	_keyType	01fff688	
GNMidiFileKeyType	1	_midiFile	01fff691	GNMidiValue *
GNMidiFileKeyType	2	_skippedBrokenInformation	01fff6a9	
GNMidiFileKeyType	3	_skippedUnknownInformation	01fff6c3	
GNMidiFileKeyType	4	_didFindTempoEvents	01fff6de	
GNMidiFileKeyType	5	_trackCount	01fff6f2	
GNMidiFileKeyType	6	_timeStampScale	01fff6fe	
GNMidiFileKeyType	7	_sourceTrackIndex	01fff70e	
GNMidiFileKeyType	8	_currentTrack	01fff720	
GNMidiFileKeyType	9	_trackTimeCounter	01fff72e	
GNMidiFileKeyType	10	_largestTrackTimeCounter	01fff740	
GNMidiFileKeyType	11	_runningStatusByte	01fff759	
GNMidiFileKeyType	12	_sysExToContinue	01fff76c	
GNMidiFileKeyType	13	_quarterDuration	01fff77d	
GNMidiFileKeyType	14	_metronomsPerQuarter	01fff78e	
GNMidiFileKeyType	15	_midiPackets	01fff7a3	
GNMidiFileTimeBase	0	_timeBase	02025860	
GNMidiFileTimeBase	1	_sequenceName	0202586a	
GNMidiFileTimeBase	2	_preloadThreads	02025878	
GNMidiFileTimeBase	3	_rootTrackRenderers	02025888	
GNMidiFileTimeBase	4	_clickRenderer	0202589c	
GNMidiFileTimeBase	5	_previousNoneZeroSliceDuration	020258ab	
GNMidiFileTimeBase	6	_releasedRenderesToStop	020258ca	
GNMidiFileTimeBase	7	_releasedRenderers	020258e2	
GNMidiFileTimeBase	8	_soloElementRequests	020258f5	
GNMidiFileTimeBase	9	_muteElementRequests	0202590a	
GNMidiFileTimeBase	10	_soloElements	0202591f	
GNMidiFileTimeBase	11	_muteElements	0202592d	
GNMidiFileTimeBase	12	_realtimeElements	0202593b	
GNMidiFileTimeBase	13	_addedRealtimeElements	0202594d	
GNMidiFileTimeBase	14	_trackRenderersCache	02025964	
GNMidiFileTimeBase	15	_setPerformanceRequest	02025979	
GNMidiFileTimedDataList	0	_sequenceNumber	01fff633	
GNMidiFileTimedDataList	1	_sequenceNameData	01fff643	
GNMidiFileTimedDataList	2	_copyrightData	01fff655	
GNMidiFileTimedDataList	3	_accidentalsCount	01fff664	
GNMidiInterface	0	_ports	01fff85d	
GNMidiInterface	1	_keyboardView	01fff864	
GNMidiInterface	2	_inputQueue	01fff872	
GNMidiInterface	3	_isSource	01fff87e	
GNMidiInterface	4	_isDestination	01fff888	
GNMidiInterface	5	_currentStatus	01fff897	
GNMidiInterface	6	_receivingSysExPacket	01fff8a6	
GNMidiInterface	7	_list	01fff8bc	
GNMidiInterface	8	_closeMonitor	01fff8c2	
GNMidiInterface	9	_isActive	01fff8d0	
GNMidiInterface	10	_forwardsActiveSense	01fff8da	
GNMidiInterface	11	_sendsNoteOffsOnActiveSenseLeaks	01fff8ef	
GNMidiInterface	12	_receivedActiveSense	01fff910	
GNMidiInterface	13	_monitor	01fff925	
GNMidiInterface	14	_notifiesOnReceipt	01fff92e	
GNMidiInterface	15	_copiesOnReceipt	01fff941	
GNMidiInterface	16	_currentTime	01fff952	
GNMidiInterface	17	_currentReceivePort	01fff95f	
GNMidiNoteNumber	0	_highKey	01fb2779	
GNMidiNoteNumber	1	_imagePrefix	01fb2782	
GNMidiNoteNumber	2	_whiteImages	01fb278f	
GNMidiNoteNumber	3	_blackImages	01fb279c	
GNMidiNoteNumber	4	_lastPressedKey	01fb27a9	
GNMidiNoteNumber	5	_outputQueue	01fb27b9	
GNMidiQueue	0	_maintainsKeySates	01fb27d2	
GNMidiQueue	1	_buttonType	01fb27e5	
GNMidiQueue	2	_keyPressedColor	01fb27f1	
GNMidiQueue	3	_receiver	01fb2802	
GNMidiSynthesizerOperator	0	_startVelocity	01fff9d2	
GNMidiSynthesizerOperator	1	_stopVelocity	01fff9e1	
GNMidiSynthesizerOperator	2	_aftertouch	01fff9ef	
GNMidiSynthesizerOperator	3	_programNumber	01fff9fb	
GNMidiSynthesizerOperator	4	_stopping	01fffa0a	
GNMidiSynthesizerOperator	5	_playing	01fffa14	
GNMidiSynthesizerOperator	6	_signalSize	01fffa1d	
GNMidiSynthesizerOperator	7	_tableTime	01fffa29	
GNMidiSystemExclusiveEvent	0	_systemExclusiveData	01faf65a	
GNMidiSystemExclusiveEvent	1	_nextSoundFile	01faf66f	
GNMidiSystemExclusiveEvent	2	_prevSoundFile	01faf67e	
GNMidiSystemExclusiveEvent	3	_isSuspended	01faf68d	
GNMidiSystemExclusiveEvent	4	_accessLock	01faf69a	
GNModuleView	0	_uiName	01fa1dd0	
GNModuleView	1	_trimsLoadedView	01fa1dd8	
GNModuleView	2	_trimMargins	01fa1de9	
GNModuleView	3	_requiresObjectsForLoadingUI	01fa1df6	
GNModuleView	4	_takesFrameSizeFromUI	01fa1e13	
GNModuleView	5	_loadedFilesOwner	01fa1e29	
GNModuleView	6	_loadedWindowMinSize	01fa1e3b	
GNMouseButton	0	_mouseButton	01fa34c0	
GNMouseButton	1	_magnification	01fa34cd	
GNMouseButton	2	_rotation	01fa34dc	
GNMouseWheelAxis	0	_mouseWheelAxis	01fa3482	
GNMouseWheelAxis	1	_mouseLocation	01fa3492	
GNMouseWheelAxis	2	_mouseWheelDelta	01fa34a1	
GNMultiRulerAuxiliaryView	0	_shouldNormalize	02032177	
GNMultiRulerAuxiliaryView	1	_snapRange	02032188	
GNMultiRulerAuxiliaryView	2	_editIsVertical	02032193	
GNMultiRulerAuxiliaryView	3	_editItemsByAddingView	020321a3	
GNNotificationCenter	0	_idleQueue	01f9f606	GNCoreHashTable *
GNNotificationCenter	1	_coalescedIdleNotifications	01f9f623	
GNNotificationCenter	2	_notificationObservationSpecs	01f9f63f	
GNNotificationCenter	3	_observerSpecsCount	01f9f65d	
GNNotificationCenter	4	_specsToFire	01f9f671	
GNNumberFormatter	0	_precision	01f9e888	
GNNumberFormatter	1	_minValue	01f9e893	float
GNNumberFormatter	2	_maxValue	01f9e8a3	
GNNumberFormatter	3	_unit	01f9e8ad	
GNNumberFormatter	4	_shouldRemoveTrailingZeros	01f9e8b3	
GNNumberFormatter	5	_precisionRelatesToAllDigits	01f9e8ce	
GNNumberFormatter	6	_positivePrefix	01f9e8eb	
GNNumberFormatter	7	_negativePrefix	01f9e8fb	
GNNumberFormatter	8	_defaultStringValues	01f9e90b	
GNNumberFormatter	9	_decimalSeparator	01f9e920	
GNNumberFormatter	10	_prefix	01f9e932	
GNNumberFormatter	11	_decibelIncrement	01f9e93a	
GNObjectTemplateStore	0	_bufferByClassname	02002c19	
GNObjectTemplateStore	1	_archiver	02002c2c	
GNObjectTemplateStore	2	_unarchiver	02002c36	
GNOperationCancelDelegate	0	_predictedDecodedValuesIndex	01f9e4f5	
GNOperationCancelDelegate	1	_members	01f9e512	GNInt *
GNOperationCancelDelegate	2	_superClassname	01f9e523	
GNOperationCancelDelegate	3	_version	01f9e533	
GNOperationCancelDelegate	4	_instanceSize	01f9e53c	
GNOperationCancelDelegate	5	_attributes	01f9e54a	
GNOperationCancelDelegate	6	_relationships	01f9e556	
GNOutlineViewDelegate	0	_rootItems	01fa23d7	
GNOutlineViewDelegate	1	_visibleItems	01fa23e2	
GNOutlineViewDelegate	2	_rowStates	01fa23f0	
GNOutlineViewDelegate	3	_showsSubitemIndicatorForEmptyEntries	01fa23fb	
GNOutlineViewDelegate	4	_autoexpandingRow	01fa2421	
GNOutlineViewDelegate	5	_indentationPerLevel	01fa2433	
GNOutlineViewDelegate	6	_autoexpandingTimer	01fa2448	
GNOutlineViewDelegate	7	_focusedRow	01fa245c	
GNOverloudEqualizer	0	_automationTimes	02000aea	
GNOverloudEqualizer	1	_automationValues	02000afb	
GNOverloudEqualizer	2	_updateIR	02000b36	
GNOverloudEqualizer	3	_changeCount	02000b40	
GNPDFView	0	_pageIndex	02032c2b	
GNPDFView	1	_zoomFactor	02032c36	
GNPDFView	2	_interpolationQuality	02032c42	
GNPDFView	3	_alignment	02032c58	
GNParagraphFormat	0	_defaultCharacterFormat	01fa3bb1	
GNParagraphFormat	1	_lineSpacing	01fa3bc9	
GNParagraphFormat	2	_tabs	01fa3bd6	
GNParagraphLayoutPrivate	0	_paragraphFormat	01fa3c19	
GNParagraphLayoutPrivate	1	_substringRange	01fa3c2a	
GNParagraphLayoutPrivate	2	_characterFormatRuns	01fa3c3a	
GNPasteboard	0	_draggingDestinationWindow	01fa33d9	
GNPasteboard	1	_reduceTolerance	01fa33f4	
GNPasteboard	2	_storage	01fa3405	
GNPasteboard	3	_enclosingRect	01fa340e	
GNPasteboard	4	_enclosingRectValid	01fa341d	
GNPasteboardDataSource	0	_isMergingSourcesDisabled	01fb03f1	
GNPasteboardDataSource	1	_dropsResidualEdges	01fb040b	
GNPasteboardDataSource	2	_keepsPolyphonicElementLengths	01fb041f	
GNPasteboardDataSource	3	_isPasteOverRegionBorderEnabled	01fb043e	
GNPasteboardDataSource	4	_isPasteOverAudioSourceBorderEnabled	01fb045e	
GNPasteboardDataSource	5	_isPasteOverDocumentBorderEnabled	01fb0483	
GNPasteboardDataSource	6	_isPasteOverAddressSpaceBorderEnabled	01fb04a5	
GNPasteboardDataSource	7	_tracksModelChangesAndInvalidatesSourcesPBoardType	01fb04cb	
GNPasteboardDataSource	8	_lastCopiedElements	01fb04fe	
GNPasteboardPrivate	0	_longLivingObjects	01fa3c9b	
GNPasteboardPrivate	1	_dataSources	01fa3cae	
GNPasteboardPrivate	2	_receivableTypes	01fa3cbb	
GNPasteboardPrivate	3	_isReceivingProvidedData	01fa3ccc	
GNPerObserverStoreType	0	_coalescedTotalNotificationsCount	02002401	
GNPerObserverStoreType	1	_regsForThisThread	02002423	
GNPerObserverStoreType	2	_coalescedNotificationsCount	02002436	
GNPerObserverStoreType	3	_clientIdentifier	02002453	
GNPerObserverStoreType	4	_changeSet	02002465	
GNPerObserverStoreType	5	_newServerIDs	02002470	
GNPerObserverStoreType	6	_lastClientIdentifier	0200247e	
GNPerObserverStoreType	7	_serverPort	02002494	
GNPingJob	0	_serverProductIDs	01fa97ac	
GNPingJob	1	_serialNumberProductIDs	01fa97be	
GNPingJob	2	_serialNumberDemoProductIDs	01fa97d6	
GNPingJob	3	_activationDataDecryptor	01fa97f2	
GNPingJob	4	_ilokProcessor	01fa980b	
GNPingJob	5	_ilokOptimizationIndex	01fa981a	
GNPingJob	6	_licenseResult	01fa9831	
GNPipe	0	_reader	01f9f706	
GNPipe	1	_readData	01f9f70e	
GNPipe	2	_dataLock	01f9f718	
GNPipe	3	_andNotify	01f9f722	
GNPolyMidiInstrumentVoice	0	_numberOfPlayingVoices	01fffb18	
GNPolyMidiInstrumentVoice	1	_voiceClassName	01fffb2f	
GNPolyMidiInstrumentVoice	2	_usesSeparateVoiceBuffers	01fffb3f	
GNPolyMidiInstrumentVoice	3	_stopSampleIndex	01fffb59	
GNPopUpButtonAssoc	0	_isUpdatingUI	01fa3d2a	
GNPopUpButtonAssoc	1	_nullValueString	01fa3d38	
GNPopUpButtonAssoc	2	_shouldSortObjects	01fa3d49	
GNProgressBar	0	_cancelButton	01fa16e6	
GNProgressBar	1	_timer	01fa16f4	
GNProgressBar	2	_thread	01fa16fb	
GNProgressBar	3	_renderer	01fa1703	
GNProperty	0	_key	01f9dfe9	
GNProperty	1	_isTransient	01f9dfee	
GNProperty	2	_isExcludedFromReadCopies	01f9dffb	
GNPropertyChangeStateMask	0	_isInvalid	020023b3	
GNPropertyChangeStateMask	1	_isGraphRegistration	020023be	
GNPropertyChangeStateMask	2	_observersToBeNotified	020023d3	
GNPropertyObserverRegistration	0	_propertyObservationLock	01f9ec69	
GNPropertyObserverRegistration	1	_editingLists	01f9ec82	
GNPropertyObserverRegistration	2	_propertyObservationDisableLevel	01f9ec90	
GNPropertyObserverRegistration	3	_modelLock	01f9ecb1	
GNPropertyObserverRegistration	4	_hasObserverRegistrations	01f9ecbc	
GNPropertyObserverRegistration	5	_registersMethodInvocationsForObjectChanges	01f9ecd6	
GNPropertyObserverRegistration	6	_lockModelInMainthreadCounter	01f9ed02	
GNPropertyObserverRegistration	7	_lockModelInBackgroundthreadCounter	01f9ed20	
GNPropertyObserverRegistration	8	_objectsToBeRemovedDueToOwnership	01f9ed44	
GNPropertyObserverRegistration	9	_isPostingChangeNotifications	01f9ed66	
GNPropertyObserverRegistration	10	_objectsNeedingTermination	01f9ed84	
GNPropertyObserverRegistration	11	_lastAutosaveError	01f9ed9f	
GNPullDownMenuBackgroundView	0	_leftTop	02031f60	
GNPullDownMenuBackgroundView	1	_rightTop	02031f69	
GNPullDownMenuBackgroundView	2	_rightBottom	02031f73	
GNPullDownMenuBackgroundView	3	_leftBottom	02031f80	
GNQueue	0	_capacity	01f9de7c	
GNQueue	1	_count	01f9de86	
GNQueue	2	_frontIdx	01f9de8d	
GNQueue	3	_tailIdx	01f9de97	
GNQueue	4	_retainingDisabled	01f9dea0	
GNRSACrypter	0	_publicKeyFile	02002c75	
GNRSACrypter	1	_privateKeyFile	02002c84	
GNRSACrypter	2	_publicKeyData	02002c94	
GNRSACrypter	3	_privateKeyData	02002ca3	
GNRadioButton	0	_variableTempoButton	01fa7e99	
GNRadioButton	1	_stretchButton	01fa7eae	
GNRadioButton	2	_renderSliceTimeContext	01fa7ebd	
GNRange	0	_sourceOwnsDestination	01f9f808	
GNRange	1	_sourceRetainsDestination	01f9f81f	
GNRange	2	_isDestinationListOrdered	01f9f839	
GNRect	0	_minFrameSize	01fa078d	
GNRect	1	_isSettingFrame	01fa079b	
GNRect	2	_unregisterToolTipLocalisationTargetAnyway	01fa07ab	
GNRegex	0	_pattern	02002cbb	
GNRegex	1	_caseInsensitive	02002cc4	
GNRegex	2	_regexCompiled	02002cd5	
GNRulerHeaderLocation	0	_rulerHeaderLocation	01fa40da	
GNRulerHeaderLocation	1	_secondaryHorizontalRulerClipView	01fa40ef	
GNRulerHeaderLocation	2	_secondaryMultiRulerAuxView	01fa4111	
GNRulerView	0	_indent	01fa4388	
GNRulerView	1	_lastSelectedTableColumn	01fa4390	
GNRulerView	2	_multipleSortingColumnsEnabled	01fa43a9	
GNRunLoopObserver	0	_runLoopObserverDidLockModel	01f9ea93	
GNRunLoopObserver	1	_recommendedKeysForAttributeFaulting	01f9eab0	
GNRunLoopObserver	2	_coalescedPropertyObserverNotificationStoreByThreadID	01f9ead5	
GNRunLoopObserver	3	_currentThreadCoalescedPropertyObserverNotificationStore	01f9eb0b	
GNRunLoopObserverDelegate	0	_rootObjects	01f9e996	
GNRunLoopObserverDelegate	1	_objectsWithoutRef	01f9e9a3	
GNRunLoopObserverDelegate	2	_objectsWithInvalidCaches	01f9e9b6	
GNRunLoopObserverDelegate	3	_changedObjects	01f9e9d0	
GNRunLoopObserverDelegate	4	_undoManager	01f9e9e0	
GNSavePanel	0	_defaultFiletype	01fa3f21	
GNSavePanel	1	_defaultLastPathComponentWithoutExtension	01fa3f32	
GNSavePanel	2	_isDefaultScreen	01fa3f5c	
GNSavePanel	3	_horizontalScroller	01fa3f6d	
GNSavePanel	4	_verticalScroller	01fa3f81	
GNSavePanel	5	_horizontalRulerClipView	01fa3f93	
GNSavePanel	6	_verticalRulerClipView	01fa3fac	
GNSavePanel	7	_additionalVerticallySyncedClipViews	01fa3fc3	
GNSavePanel	8	_additionalHorizontallySyncedClipViews	01fa3fe8	
GNScreen	0	_isTextInputEventRequested	01fa29cf	
GNScreen	1	_wasTextInputEventRequested	01fa29ea	
GNScreen	2	_contentScaleFactor	01fa2a06	
GNShortCutHandler	0	_keySequences	01fa413f	
GNShortCutHandler	1	_notEditedKeySequences	01fa414d	
GNShortCutHandler	2	_defaultKeySequences	01fa4164	
GNShortCutHandler	3	_ignoredActionNames	01fa4179	
GNShortCutHandler	4	_defaultsTitle	01fa418d	
GNSimpleChorus	0	_delayLineLength	01fffb79	
GNSimpleChorus	1	_delayLineWriteOffset	01fffb8a	
GNSimpleChorus	2	_positionDist	01fffba0	
GNSimpleDemoBeep	0	_nextBeepStartTime	01fffbbf	
GNSimpleDemoBeep	1	_beepTime	01fffbd2	
GNSimpleDemoBeep	2	_beepLength	01fffbdc	
GNSimpleDemoBeep	3	_startPeriod	01fffbe8	
GNSimpleDemoBeep	4	_startVariance	01fffbf5	
GNSimpleDemoBeep	5	_endPeriod	01fffc04	
GNSimpleDemoBeep	6	_endVariance	01fffc0f	
GNSimpleDemoBeep	7	_progression	01fffc1c	
GNSimpleDemoBeep	8	_isDemoBeepPlaying	01fffc29	
GNSimpleReverbParameters	0	_entries	02000376	
GNSimpleReverbParameters	1	_entrySampleCount	0200037f	
GNSimpleReverbParameters	2	_latestFlushTime	02000391	
GNSimpleXMLElement	0	_subElements	02000922	
GNSimpleXMLElement	1	_startContentPosition	0200092f	
GNSimpleXMLElement	2	_endContentPosition	02000945	
GNSimpleXMLStream	0	_lastTagStartPosition	020008c3	
GNSimpleXMLStream	1	_lastTagEndPosition	020008d9	
GNSimpleXMLStream	2	_quotingState	020008ed	
GNSimpleXMLStream	3	_byteCache	020008fb	
GNSimpleXMLStream	4	_byteIdx	02000906	
GNSnapContext	0	_minFloatValue	01fa2ac9	
GNSnapContext	1	_maxFloatValue	01fa2ad8	
GNSnapContext	2	_isFineTuning	01fa2ae7	
GNSnapContext	3	_clipView	01fa2af5	
GNSocketT	0	_remoteHost	02002aed	
GNSocketT	1	_listening	02002af9	
GNSocketT	2	_userAbort	02002b04	
GNSortOrderDirection	0	_direction	01f9fab6	
GNSortOrderDirection	1	_hint	01f9fac1	
GNSortOrderDirection	2	_context	01f9fac7	
GNSoundFileALACReader	0	_bitsPerChannel	01faf967	
GNSoundFileALACReader	1	_channelsPerFrame	01faf977	
GNSoundFileALACReader	2	_modificationTime	01faf989	
GNSoundFileALACReader	3	_fileSize	01faf99b	
GNSoundFileALACReader	4	_framesPerPacket	01faf9a5	
GNSoundFileALACReader	5	_formatFlags	01faf9b6	
GNSoundFileALACReader	6	_dataLocations	01faf9c3	
GNSoundFileALACReader	7	_lastFrameIndex	01faf9d2	
GNSoundFileALACReader	8	_loadedSampleFrames	01faf9e2	
GNSoundFileALACReader	9	_theReadBuffer	01faf9f6	
GNSoundFileALACReader	10	_theWriteBuffer	01fafa05	
GNSoundFileALACReader	11	_frameSizesList	01fafa15	
GNSoundFileALACReader	12	_errorWhileReading	01fafa25	
GNSoundFileALACReader	13	_kukiData	01fafa38	
GNSoundFileALACWriter	0	_dataSize	01fafa71	
GNSoundFileALACWriter	1	_sampleFramesLeft	01fafa7b	
GNSoundFileALACWriter	2	_frameSizes	01fafa8d	
GNSoundFileALACWriter	3	_numberValidFrames	01fafa99	
GNSoundFileALACWriter	4	_theMagicCookie	01fafaac	
GNSoundFileCAFALACReader	0	_formatID	01fafad5	
GNSoundFileCAFALACReader	1	_bytesPerPacket	01fafadf	
GNSoundFileCAFALACReader	2	_paktData	01fafaef	
GNSoundFileCacheEntryAccessFlags	0	_flushTime	02000625	
GNSoundFileCacheEntryAccessFlags	1	_entryIndexRange	02000630	
GNSoundFileCacheEntryAccessFlags	2	_creationTime	02000641	
GNSoundFileCacheEntryAccessFlags	3	_cachedRange	0200064f	
GNSoundFileCacheEntryAccessFlags	4	_firstMissingEntryIndex	0200065c	
GNSoundFileChunk	0	_isLoop	01faf793	
GNSoundFileChunk	1	_beats	01faf79b	
GNSoundFileChunk	2	_tonalKey	01faf7a2	
GNSoundFileChunk	3	_tonalGender	01faf7ac	
GNSoundFileChunk	4	_readBuffer	01faf7b9	
GNSoundFileChunk	5	_channelCount	01faf7c5	
GNSoundFileChunk	6	_bitsPerSample	01faf7d3	
GNSoundFileChunk	7	_isFloat	01faf7e2	
GNSoundFileChunk	8	_isLittleEndian	01faf7eb	
GNSoundFileFormat	0	_soundFileFormat	01fa157b	
GNSoundFileFormat	1	_mixTitle	01fa158c	
GNSoundFileFormat	2	_sampleFormats	01fa1596	
GNSoundFileFormat	3	_sampleRates	01fa15a5	
GNSoundFileFormat	4	_needsRegion	01fa15b2	
GNSoundFileFormat	5	_allowsIndividuals	01fa15bf	
GNSoundFileInstrumentChunk	0	_baseNote	01faf88d	
GNSoundFileInstrumentChunk	1	_fineTune	01faf897	
GNSoundFileInstrumentChunk	2	_lowNote	01faf8a1	
GNSoundFileInstrumentChunk	3	_highNote	01faf8aa	
GNSoundFileInstrumentChunk	4	_lowVelocity	01faf8b4	
GNSoundFileInstrumentChunk	5	_highVelocity	01faf8c1	
GNSoundFileInstrumentChunk	6	_gain	01faf8cf	
GNSoundFileReader	0	_writer	01faf6ec	
GNSoundFileReader	1	_rightSplitFilePath	01faf6f4	
GNSoundFileReader	2	_rightSplitReader	01faf708	
GNSoundFileReader	3	_rightSplitWriter	01faf71a	
GNSoundFileReader	4	_cache	01faf72c	
GNSoundFileTransparentDecompressionReader	0	_didReadMetadata	01fafd3c	
GNSoundFileTransparentDecompressionReader	1	_decompressedFileReader	01fafd4d	
GNSoundFileTransparentDecompressionReader	2	_bufList	01fafd65	
GNSoundFileiXMLChunk	0	_mdd	01faf8ea	
GNSoundFileiXMLChunk	1	_offset	01faf8ef	
GNSoundFileiXMLChunk	2	_archives	01faf8f7	
GNSplitViewItem	0	_geometryPreferencesKey	01fa41b8	
GNSplitViewItem	1	_canCollapse	01fa41d0	
GNSplitViewItem	2	_isCollapsed	01fa41dd	
GNSplitViewItem	3	_dividerRect	01fa41ea	
GNStringAnalyzer	0	_string	01f9f6b8	
GNStringAnalyzer	1	_stringLength	01f9f6c0	
GNStringAnalyzer	2	_location	01f9f6ce	
GNStringEncoding	0	_stringEncoding	02002ab9	
GNStringEncoding	1	_readBufferSize	02002ac9	
GNStringEncoding	2	_socketFD	02002ad9	
GNSwitchButton	0	_headerPrototype	01fa4260	
GNSwitchButton	1	_dataPrototype	01fa4271	
GNSwitchButton	2	_maxWidth	01fa4280	
GNSwitchButton	3	_minWidth	01fa428a	
GNSwitchButton	4	_dataPrototypeTracksMouseDown	01fa4294	
GNSwitchButton	5	_sortingAllowed	01fa42b2	
GNSwitchButton	6	_isSorting	01fa42c2	
GNSwitchButton	7	_sortOrderDirection	01fa42cd	
GNSwitchButton	8	_shouldUseFormatterToSort	01fa42e1	
GNSwitchButton	9	_isReorderingAllowed	01fa42fb	
GNSymmetricFIRFilter	0	_order	01fafcd8	
GNSymmetricFIRFilter	1	_coefficients	01fafcdf	float *
GNSymmetricFIRFilter	2	_stride	01fafcf5	
GNSystemLoadPanel	0	_memoryBar	01fffcc3	
GNSystemLoadPanel	1	_memoryField	01fffcce	
GNSystemLoadPanel	2	_deviceBar	01fffcdb	
GNSystemLoadPanel	3	_deviceField	01fffce6	
GNTLSContext	0	_serverHost	01fa9705	
GNTLSContext	1	_clientCertAsP12Data	01fa9711	
GNTLSContext	2	_clientCertAsPEMData	01fa9726	
GNTLSContext	3	_clientCertPassword	01fa973b	
GNTLSContext	4	_baseURL	01fa974f	
GNTLSContext	5	_tlsContext	01fa9758	
GNTLSContext	6	_clientInfo	01fa9764	
GNTLSContext	7	_communicationJobs	01fa9770	
GNTLSContext	8	_urlToPing	01fa9783	
GNTLSContext	9	_urlToOpen	01fa978e	
GNTLSContext	10	_pingJob	01fa9799	
GNTabViewControlMode	0	_controlMode	01fa4457	
GNTabViewControlMode	1	_tabHeight	01fa4464	
GNTabViewControlMode	2	_isCloseEnabled	01fa446f	
GNTabViewControlMode	3	_showsCloseButtons	01fa447f	
GNTabViewControlMode	4	_lastMouseOverIndex	01fa4492	
GNTabViewControlMode	5	_additionalTitle	01fa44a6	
GNTabViewControlMode	6	_initialFirstResponder	01fa44b7	
GNTableView	0	_mouseTrackingValueRowIndex	01fa1e70	
GNTableView	1	_mouseTrackingValueColumnIndex	01fa1e8c	
GNTableView	2	_mouseTrackingPrototype	01fa1eab	
GNTableView	3	_focusedRowIndex	01fa1ec3	
GNTableView	4	_didGetMouseDownFromCell	01fa1ed4	
GNTableView	5	_postSelectionTimer	01fa1eed	
GNTableView	6	_postSelectionRow	01fa1f01	
GNTableView	7	_columns	01fa1f13	
GNTableViewDataSource	0	_editor	01fa20cf	
GNTableViewDataSource	1	_editingRowIndex	01fa20d7	
GNTableViewDataSource	2	_editingColumnIndex	01fa20e8	
GNTableViewDataSource	3	_doubleClickResponder	01fa20fc	
GNTableViewDataSource	4	_doubleClickActionName	01fa2112	
GNTableViewDataSource	5	_dropEnabled	01fa2129	
GNTableViewDataSource	6	_highlightDropTarget	01fa2136	
GNTableViewDataSource	7	_dropLocation	01fa214b	
GNTableViewDataSource	8	_drawsTrackedCell	01fa2159	
GNTableViewDataSource	9	_columnResizingAllowed	01fa216b	
GNTableViewDataSource	10	_columnReorderingAllowed	01fa2182	
GNTableViewDataSource	11	_columnHidingAllowed	01fa219b	
GNTableViewDataSource	12	_rowReorderingAllowed	01fa21b0	
GNTableViewDataSource	13	_assciiExportEnabled	01fa21c6	
GNTableViewDataSource	14	_hiddenColumns	01fa21db	
GNTableViewDropFeedback	0	_dropFeedback	01fa2202	
GNTableViewDropFeedback	1	_autoscrollTimer	01fa2210	
GNTableViewDropFeedback	2	_autoscrollAmount	01fa2221	
GNTableViewDropFeedback	3	_focusedColumnIndex	01fa2233	
GNTableViewDropFeedback	4	_changedSelectionNotificationsPrevented	01fa2247	
GNTableViewDropFeedback	5	_changedSelectionNotificationsDisabled	01fa226f	
GNTableViewDropFeedback	6	_isColumnSelectionEnabled	01fa2296	
GNTableViewDropFeedback	7	_selectedColumns	01fa22b0	
GNTableViewDropFeedback	8	_selectionBackgroundColor	01fa22c1	
GNTableViewDropFeedback	9	_usesSubviewsForCells	01fa22db	
GNTableViewDropFeedback	10	_allowsInividualRowHeights	01fa22f1	
GNTableViewDropFeedback	11	_subclassIsForwardingMouseEvent	01fa230c	
GNTableViewDropFeedback	12	_sortingDisabled	01fa232c	
GNTableViewDropFeedback	13	_updateDisplayDisabled	01fa233d	
GNTableViewDropFeedback	14	_cells	01fa2354	
GNTableViewDropFeedback	15	_yOffsets	01fa235b	
GNTableViewDropFeedback	16	_mouseEventHandler	01fa2365	
GNTableViewEventDispatchMode	0	_columnEventDispatchMode	01fb0f85	
GNTableViewEventDispatchMode	1	_playingItemProgress	01fb0f9e	
GNTableViewEventDispatchMode	2	_canStartPlayback	01fb0fb3	
GNTableViewEventDispatchMode	3	_simplePrototype	01fb0fc5	
GNTableViewEventDispatchMode	4	_playbackPrototype	01fb0fd6	
GNTask	0	_terminationStatus	01f9fb5f	
GNTask	1	_executablePath	01f9fb76	
GNTask	2	_args	01f9fb86	
GNTask	3	_standardInPipe	01f9fb8c	
GNTask	4	_standardOutPipe	01f9fb9c	
GNTask	5	_standardErrorPipe	01f9fbad	
GNTask	6	_isMainThread	01f9fbc0	
GNTask	7	_realtimeCycleDuration	01f9fbce	
GNTask	8	_renderUserInfo	01f9fbe5	
GNTask	9	_poolIndex	01f9fbf5	
GNTask	10	_previousThread	01f9fc00	
GNTask	11	_previousMXCSR	01f9fc10	
GNTask	12	_usesTyping	01f9fc1f	
GNTask	13	_intCTypeID	01f9fc2b	
GNTextAssoc	0	_wasEditableAtEstablish	01fa3119	
GNTextAssoc	1	_takeValuesContinuously	01fa3131	
GNTextAssoc	2	_associations	01fa3149	
GNTextAssoc	3	_objectClassDescripton	01fa3157	
GNTextAssoc	4	_emtpySelectionAllowed	01fa316e	
GNTextAssoc	5	_autoselectNewObjects	01fa3185	
GNTextAssoc	6	_autoselectObjects	01fa319b	
GNTextAutoCompleter	0	_completionItem	01fa4524	
GNTextAutoCompleter	1	_dragAndEditEnabled	01fa4534	
GNTextAutoCompleter	2	_isEditingByDragging	01fa4548	
GNTextAutoCompleter	3	_isEditing	01fa455d	
GNTextAutoCompleter	4	_nextTextField	01fa4568	
GNTextAutoCompleter	5	_previousTextField	01fa4577	
GNTextAutoCompleter	6	_arrows	01fa458a	
GNTextFieldArrows	0	_isSendingActionsWhileTyping	01fa45a4	
GNTextFieldArrows	1	_isValidatingWhileTyping	01fa45c1	
GNTextFieldArrows	2	_isAccpectingInvalidValuesWhenFinishingEditing	01fa45da	
GNTextFieldArrows	3	_isFinishing	01fa4609	
GNTextFieldArrows	4	_textViewDelegate	01fa4616	
GNTextFieldArrows	5	_isRelativeEditingEnabled	01fa4628	
GNTextFieldArrows	6	_isSelectable	01fa4642	
GNTextFieldArrows	7	_maskCharacters	01fa4650	
GNTextFieldArrows	8	_selectOnlyCompleteContent	01fa4660	
GNTextFieldArrows	9	_cancelsEditingWhenResigningFirstResponder	01fa467b	
GNTextFieldArrows	10	_usageIndicatorImage	01fa46a6	
GNTextFieldArrows	11	_deleteButtonEnabled	01fa46bb	
GNTextFieldArrows	12	_wasClicked	01fa46d0	
GNTextFieldArrows	13	_autoCompleter	01fa46dc	
GNTextLayout	0	_defaultParagraphFormat	02032d07	
GNTextLayout	1	_paragraphLayouts	02032d1f	
GNTextLayout	2	_defaultItems	02032d31	
GNTextLayout	3	_usedItems	02032d3f	
GNTextMultiWordAutoCompleter	0	_proposedItems	01fa4732	
GNTextMultiWordAutoCompleter	1	_maintainDisplayGroup	01fa4741	
GNTextMultiWordAutoCompleter	2	_menuWindow	01fa4757	
GNTextMultiWordAutoCompleter	3	_menuOutlineView	01fa4763	
GNTextMultiWordAutoCompleter	4	_textView	01fa4774	
GNTextSingleWordAutoCompleter	0	_textLayout	01fa479c	
GNTextSingleWordAutoCompleter	1	_editable	01fa47a8	
GNTextSingleWordAutoCompleter	2	_selectedRange	01fa47b2	
GNTextSingleWordAutoCompleter	3	_isHorizontallyResizable	01fa47c1	
GNTextSingleWordAutoCompleter	4	_isVerticallyResizable	01fa47da	
GNTextSingleWordAutoCompleter	5	_smartInsertDeleteEnabled	01fa47f1	
GNTextSingleWordAutoCompleter	6	_isFieldEditor	01fa480b	
GNTextSingleWordAutoCompleter	7	_textMargins	01fa481a	
GNTextSingleWordAutoCompleter	8	_cursorTimer	01fa4827	
GNTextSingleWordAutoCompleter	9	_cursorBlinkState	01fa4834	
GNTextSingleWordAutoCompleter	10	_selectionState_mouseDownLoaction	01fa4846	
GNTextSingleWordAutoCompleter	11	_selectionState_clickCount	01fa4868	
GNTextSingleWordAutoCompleter	12	_selectionState_startIndex	01fa4883	
GNTextSingleWordAutoCompleter	13	_selectionState_stopIndex	01fa489e	
GNTextSingleWordAutoCompleter	14	_selectionState_mouseDownSelectedRange	01fa48b8	
GNTextSingleWordAutoCompleter	15	_isAutoscrollingSelectionToVisible	01fa48df	
GNTextSingleWordAutoCompleter	16	_isAutoresizingOnEditing	01fa4902	
GNTextSingleWordAutoCompleter	17	_extendsSizeToEnclosedClipView	01fa491b	
GNTextSingleWordAutoCompleter	18	_interpretTabAsKeyboardNavigation	01fa493a	
GNTextSingleWordAutoCompleter	19	_preferredCursorLineIndex	01fa495c	
GNTextSingleWordAutoCompleter	20	_hasNotPropagatedChanges	01fa4976	
GNTextSingleWordAutoCompleter	21	_localizesString	01fa498f	
GNTextSingleWordAutoCompleter	22	_didHandledLastKeyDown	01fa49a0	
GNTextSingleWordAutoCompleter	23	_repeating	01fa49b7	
GNTextSingleWordAutoCompleter	24	_handler	01fa49c2	
GNTextSingleWordAutoCompleter	25	_userData	01fa49cb	void *
GNTextView	0	_firstResponder	01fa285d	
GNTextView	1	_defaultFirstResponder	01fa286d	
GNTextView	2	_isDisplaying	01fa2884	
GNTextView	3	_ignoreSystemKeyEvents	01fa2892	
GNTextView	4	_bgCache	01fa28a9	
GNTextView	5	_toolbarActions	01fa28b2	
GNTextView	6	_handeledToolbarActions	01fa28c2	
GNTextView	7	_sheetController	01fa28da	
GNTextView	8	_sheetControllerLoadedSize	01fa28eb	
GNTextView	9	_sheetControllerLoadedAutoresizingMask	01fa2906	
GNTextViewDelegate	0	_textFieldWasEditable	01fa2ec5	
GNTextViewDelegate	1	_isTrackingChanges	01fa2edb	
GNTextViewDelegate	2	_activationTrackingChangesDidFail	01fa2eee	
GNTextViewDelegate	3	_isTrackingAllChanges	01fa2f10	
GNTextViewDelegate	4	_isAutofreezeUndoManagerEnabled	01fa2f26	
GNThreadID	0	_nameToSource	01f9f7c4	
GNThreadID	1	_destinationClassname	01f9f7d2	
GNThreadID	2	_destinationCardinality	01f9f7e8	
GNTimeInterval	0	_cancelEnabled	01fa3e3e	
GNTimeInterval	1	_shouldStop	01fa3e4d	
GNTimeInterval	2	_closeAfterDelayIsActivated	01fa3e59	
GNTimeInterval	3	_sendsActionOnClick	01fa3e75	
GNTimeInterval	4	_viewController	01fa3e89	
GNTimeInterval	5	_observerRegistered	01fa3e99	
GNTimeInterval	6	_subWindowController	01fa3ead	
GNTimeInterval	7	_highlightsMenuRegion	01fa3ec2	
GNTimeInterval	8	_highlightsMenuRegionAlpha	01fa3ed8	
GNTimeInterval	9	_hidesArrow	01fa3ef3	
GNTimer	0	_lastMenuActionName	01f9d56c	
GNTimer	1	_lastMenuActionTitle	01f9d580	
GNTimer	2	_showFullPathsInResentMenu	01f9d595	
GNTimer	3	_terminatesOnLastDocumentClosed	01f9d5b0	
GNTimer	4	_areDocumentsUnstable	01f9d5d0	
GNTimer	5	_isRunningDialog	01f9d5e6	
GNTimer	6	_isRunningSystemDialog	01f9d5f7	
GNTimer	7	_provokeExceptionWithinNextEvent	01f9d60e	
GNTimer	8	_defaultFileType	01f9d62f	
GNToolBox	0	_selectedToolIndex	01fa2472	
GNToolBox	1	_selectedSubtoolIndex	01fa2485	
GNToolBox	2	_tools	01fa249b	
GNToolBoxContextMenuView	0	_contextMenuResponder	01fa2567	
GNToolBoxContextMenuView	1	_subtools	01fa257d	
GNToolBoxContextMenuView	2	_enabled	01fa2587	
GNToolBoxContextMenuView	3	_toolBox	01fa2590	
GNToolBoxTool	0	_cellSize	01fa24b0	
GNToolBoxTool	1	_sendsNotificationActionsOnOpenAndClose	01fa24ba	
GNToolBoxTool	2	_showsSelectedTool	01fa24e2	
GNToolBoxTool	3	_isHighlightingSubTools	01fa24f5	
GNToolBoxTool	4	_allowedScreenFrame	01fa250d	
GNToolBoxTool	5	_toolBoxRect	01fa2521	
GNToolBoxTool	6	_subtoolsRect	01fa252e	
GNToolBoxTool	7	_contextMenusRect	01fa253c	
GNToolTipController	0	_displayDelay	01fa52d7	
GNToolTipController	1	_visibleDelay	01fa52e5	
GNToolTipController	2	_hideDelay	01fa52f3	
GNToolTipController	3	_startTime	01fa52fe	
GNToolTipController	4	_isRunningModally	01fa5309	
GNToolTipController	5	_toolTipMouseLocation	01fa531b	
GNToolTipController	6	_toolTipSourceView	01fa5331	
GNToolTipController	7	_referenceRect	01fa5344	
GNToolTipController	8	_toolTipWindow	01fa5353	
GNToolTipController	9	_toolTipView	01fa5362	
GNToolTipLocation	0	_toolTipLocation	01fa0568	
GNToolTipLocation	1	_nextResponder	01fa0579	
GNToolTipLocation	2	_subviewNeedDisplay	01fa0588	
GNToolTipLocation	3	_contextMenu	01fa059c	
GNToolTipLocation	4	_previousKeyboardNavigationTarget	01fa05a9	
GNToolTipLocation	5	_nextKeyboardNavigationTarget	01fa05cb	
GNToolTipLocation	6	_geometryName	01fa05e9	
GNToolTipLocation	7	_additionalPreviousResponders	01fa05f7	
GNToolTipLocation	8	_appearance	01fa0615	
GNToolTipView	0	_updateLayers	01fa5967	
GNToolTipView	1	_usesHostScales	01fa5b96	
GNToolTipView	2	_usesHostChords	01fa5ba6	
GNToolTipView	3	_startInModificationTime	01fa5bbb	
GNToolTipView	4	_durationInModificationTime	01fa5bd4	
GNToolTipView	5	_leftLayout	01fa5bf0	
GNToolbar	0	_firstKeyboardNavigationTarget	01f9f947	
GNToolbar	1	_lastKeyboardNavigationTarget	01f9f966	
GNToolbar	2	_isControllingWindow	01f9f984	
GNToolbar	3	_gnuiRootObjects	01f9f999	
GNToolbar	4	_namedObjects	01f9f9aa	
GNToolbar	5	_runtimeLocalizer	01f9f9b8	
GNToolbar	6	_dialogRootView	01f9f9ca	
GNToolbar	7	_dialogResponder	01f9f9da	
GNTooltipAssoc	0	_irTitles	02001098	
GNTooltipAssoc	1	_titles	020010a2	
GNTooltipAssoc	2	_userParameters	020010aa	
GNTooltipAssoc	3	_userParameterIndexes	020010ba	
GNTooltipAssoc	4	_currentGainReduction	020010d0	
GNTooltipAssoc	5	_gainReductionFactor	020010e6	
GNTooltipAssoc	6	_inputLevelFactor	020010fb	
GNTooltipAssoc	7	_outputLevelFactor	0200110d	
GNTooltipAssoc	8	_levelSelection	02001120	
GNTooltipAssoc	9	_impulseResponses	02001130	
GNTooltipAssoc	10	_mutingSamples	02001142	
GNTooltipAssoc	11	_soloIRs	02001151	
GNTooltipAssoc	12	_tapeInputLevelFactor	0200115a	
GNTooltipAssoc	13	_tapeOutputLevelFactor	02001170	
GNTooltipAssoc	14	_tapeLevelType	02001187	
GNTooltipAssoc	15	_tapeInputOutputLink	02001196	
GNTooltipAssoc	16	_linkOverrun	020011ab	
GNTooltipAssoc	17	_recordingUserParameterKeys	020011b8	
GNTooltipAssoc	18	_factor	020011d4	
GNTooltipAssoc	19	_needleOriginOffset	020011dc	
GNTooltipAssoc	20	_dbLabels	020011f0	
GNTooltipAssoc	21	_dbLabelDegrees	020011fa	
GNTooltipAssoc	22	_dbs	0200120a	
GNTooltipAssoc	23	_defaultMicGain	0200120f	
GNTooltipAssoc	24	_defaultLineGain	0200121f	
GNTooltipAssoc	25	_buttons	02001230	
GNTooltipAssoc	26	_normalizedMinValue	02001239	
GNTooltipAssoc	27	_normalizedMaxValue	0200124d	
GNTooltipAssoc	28	_inverse	02001261	
GNTooltipAssoc	29	_gainReductionSideFactor	0200126a	
GNTooltipAssoc	30	_inputLevelSideFactor	02001283	
GNTooltipAssoc	31	_outputLevelSideFactor	02001299	
GNTooltipAssoc	32	_levelSelectionSide	020012b0	
GNTooltipAssoc	33	_offValue	020012c4	
GNTooltipAssoc	34	_defaultValueKey	020012ce	
GNTooltipAssoc	35	_helperFormatter	020012df	
GNTooltipAssoc	36	_sideView	020012f0	
GNTooltipAssoc	37	_gainView	020012fa	
GNTooltipAssoc	38	_overloudProcessor	02001304	
GNTooltipAssoc	39	_overloudCompressor	02001317	
GNTooltipAssoc	40	_reductionFactors	0200132b	
GNTooltipAssoc	41	_reductionFactorIndex	0200133d	
GNTooltipAssoc	42	_openAutomationButton	02001353	
GNTypographicLayout	0	_containers	01fa38f9	
GNTypographicLayout	1	_rect	01fa3905	
GNTypographicLayout	2	_ascender	01fa390b	
GNTypographicLayout	3	_descender	01fa3915	
GNTypographicLayout	4	_characterRange	01fa3920	
GNUIDCustomObject	0	_transparent	02032d7e	
GNUIDCustomObject	1	_loopListBackgroundColor	02032d8b	
GNUIDCustomObject	2	_panelBackgroundColor	02032da4	
GNUIDCustomObject	3	_draggableBackgroundColor	02032dba	
GNUIDCustomObject	4	_selectedComponentBorderColor	02032dd4	
GNUIDCustomObject	5	_panelBorderColor	02032df2	
GNUIDCustomObject	6	_scrollerKnobColor	02032e04	
GNUIDCustomObject	7	_labelFatContentColor	02032e17	
GNUIDCustomObject	8	_labelContentColor	02032e2d	
GNUIDCustomObject	9	_controlFatContentColor	02032e40	
GNUIDCustomObject	10	_controlLowContentColor	02032e58	
GNUIDCustomObject	11	_controlContentColor	02032e70	
GNUIDCustomObject	12	_highlightContentColor	02032e85	
GNUIDCustomObject	13	_disabledControlContentColor	02032e9c	
GNUIDCustomObject	14	_activeControlTextColor	02032eb9	
GNUIDCustomObject	15	_activeHighlightTextColor	02032ed1	
GNUIDCustomObject	16	_volumeSliderBackgroundColor	02032eeb	
GNUIDCustomObject	17	_suggestedChordBackgroundColor	02032f08	
GNUIDCustomObject	18	_relatedChordBackgroundColor	02032f27	
GNUIDCustomObject	19	_noteBackgroundColor	02032f44	
GNUIDCustomObject	20	_noteBorderColor	02032f59	
GNUIDCustomObject	21	_selectedNoteBackgroundColor	02032f6a	
GNUIDCustomObject	22	_selectedNoteBorderColor	02032f87	
GNUIDCustomObject	23	_customizedNoteBackgroundColor	02032fa0	
GNUIDCustomObject	24	_customizedNoteBorderColor	02032fbf	
GNUIDCustomObject	25	_selectedCustomizedNoteBackgroundColor	02032fda	
GNUIDLoader	0	_doc	01fa4b2b	
GNUIDLoader	1	_makesFilesOwnerAWindowController	01fa4b30	
GNUIDLoader	2	_didMissClassDescription	01fa4b52	
GNUIDLoader	3	_loadingFilePath	01fa4b6b	
GNUIDLoader	4	_objectsWithUnloadedClass	01fa4b7c	
GNUIDObjectConnection	0	_propertyName	01fa4a64	
GNUIDObjectConnection	1	_target	01fa4a72	
GNUIDObjectConnection	2	_ownsTarget	01fa4a7a	
GNUIDObjectConnection	3	_needsToBeEstablished	01fa4a86	
GNUIDObjectConnection	4	_association	01fa4a9c	
GNUIDesignerDoc	0	_localizer	01fa4ab9	
GNUIDesignerDoc	1	_connections	01fa4ac4	
GNUIDesignerDoc	2	_objectNames	01fa4ad1	
GNUIDesignerDoc	3	_objectCustomClassNames	01fa4ade	
GNUIDesignerDoc	4	_objectsToRename	01fa4af6	
GNUIDesignerDoc	5	_objectCustomAttributes	01fa4b07	
GNUIDictCache	0	_accessTimes	020325d1	
GNUIDictCache	1	_editSubviewsByAddingView	020325de	
GNUIDictCache	2	_editSubviewsByRemovingView	020325f8	
GNUIDictCache	3	_editFrame	02032614	
GNUIDictCache	4	_editFrameSize	0203261f	
GNUIDictCache	5	_editVerticalAlignment	0203262e	
GNUIDictCache	6	_editHorizontalAlignment	02032645	
GNUIDictCache	7	_editAutoresizesSubviews	0203265e	
GNUIDictCache	8	_editIsAutolayoutingSubviews	02032677	
GNUIDictCache	9	_editPadding	02032694	
GNUIDictCache	10	_editMargins	020326a1	
GNUIDictCache	11	_editVisibility	020326ae	
GNUIDictCache	12	_editAutoresizingMask	020326be	
GNUIDictCache	13	_editStyleMask	02032799	
GNUIDictCache	14	_editContentSize	020327a8	
GNUIDictCache	15	_editLocalizesTitle	020327b9	
GNUIDictCache	16	_animationDelegate	02032806	
GNUnarchiver	0	_decoding	01f9fc5a	
GNUnarchiver	1	_replacementDict	01f9fc64	
GNUnarchiver	2	_replacedClassNames	01f9fc75	
GNUnarchiver	3	_unarchiverImporter	01f9fc89	
GNUndefinedObject	0	_numberOfLevels	01f9fcc4	
GNUndefinedObject	1	_undoStack	01f9fcd4	
GNUndefinedObject	2	_redoStack	01f9fcdf	
GNUndefinedObject	3	_currentFrame	01f9fcea	
GNUndefinedObject	4	_lastSaveFrame	01f9fcf8	
GNUndefinedObject	5	_methodInvocationsFrozen	01f9fd07	
GNUndefinedObject	6	_undoManagementFrozen	01f9fd20	
GNUndefinedObject	7	_isPerformingUndo	01f9fd36	
GNUndefinedObject	8	_maxLevelsWasReached	01f9fd48	
GNUndefinedObject	9	_frozenInvocations	01f9fd5d	
GNUndoStackFrame	0	_undoActionCountOfUndoMenu	01f9d322	
GNUndoStackFrame	1	_redoActionCountOfUndoMenu	01f9d33d	
GNUndoStackFrame	2	_documentControllers	01f9d358	
GNUpdateCheckController	0	_lastCheckField	01fa99cd	
GNUpdateCheckController	1	_statusField	01fa99dd	
GNUpdateCheckController	2	_checkTypePopup	01fa99ea	
GNVariable	0	_start	01f9f873	
GNVariable	1	_end	01f9f87a	
GNVariable	2	_supervariable	01f9f87f	
GNVariable	3	_formatter	01f9f88e	
GNVariable	4	_template	01f9f899	
GNVariable	5	_componentConnector	01f9f8a3	
GNVariable	6	_stateMask	01f9f8b7	
GNVectorAppearance	0	_blackColor	01fa4ba9	
GNVectorAppearance	1	_whiteColor	01fa4bb5	
GNVectorAppearance	2	_lightGrayColor	01fa4bc1	
GNVectorAppearance	3	_darkGrayColor	01fa4bd1	
GNVectorAppearance	4	_shadowColor	01fa4be0	
GNVectorAppearance	5	_controlGraveColor	01fa4bed	
GNVectorAppearance	6	_controlBorderColor	01fa4c00	
GNVectorAppearance	7	_disabledControlBorderColor	01fa4c14	
GNVectorAppearance	8	_controlWidgetColor	01fa4c30	
GNVectorAppearance	9	_disabledControlWidgetColor	01fa4c44	
GNVectorAppearance	10	_selectedControlWidgetColor	01fa4c60	
GNVectorAppearance	11	_selectedControlWidgetBorderColor	01fa4c7c	
GNVectorAppearance	12	_textFieldBackgroundColor	01fa4c9e	
GNVectorAppearance	13	_uneditableTextFieldBackgroundColor	01fa4cb8	
GNVectorAppearance	14	_disabledTextFieldBackgroundColor	01fa4cdc	
GNVectorAppearance	15	_scrollerBackgroundColor	01fa4cfe	
GNVectorAppearance	16	_menuSelectedTextBackgroundColor	01fa4d17	
GNVectorAppearance	17	_selectedTextBackgroundColor	01fa4d38	
GNVectorAppearance	18	_selectedTextColor	01fa4d55	
GNVectorAppearance	19	_dataFieldBackgroundColor	01fa4d68	
GNVectorAppearance	20	_separatorBorderFillColor	01fa4d82	
GNVectorAppearance	21	_graveBorderColor	01fa4d9c	
GNVectorAppearance	22	_graveTopBorderColor	01fa4dae	
GNVectorAppearance	23	_buttonBackgroundColor	01fa4dc3	
GNVectorAppearance	24	_disabledButtonBackgroundColor	01fa4dda	
GNVectorAppearance	25	_pressedButtonBackgroundColor	01fa4df9	
GNVectorAppearance	26	_selectedButtonBackgroundColor	01fa4e17	
GNVectorAppearance	27	_scrollerKnobBackgroundColor	01fa4e36	
GNVectorAppearance	28	_menuBackgroundColor	01fa4e53	
GNVectorAppearance	29	_ballFillColor	01fa4e68	
GNVectorAppearance	30	_disabledBallFillColor	01fa4e77	
GNVectorAppearance	31	_ballWidgetFillColor	01fa4e8e	
GNVectorAppearance	32	_disabledBallWidgetFillColor	01fa4ea3	
GNVectorAppearance	33	_radioButtonBackgroundColor	01fa4ec0	
GNVectorAppearance	34	_spacerColor	01fa4edc	
GNVectorAppearance	35	_windowBackgroundColor	01fa4ee9	
GNVectorAppearance	36	_keyboardFocusIndicatorColor	01fa4f00	
GNVectorAppearance	37	_mainFocusIndicatorColor	01fa4f1d	
GNVectorAppearance	38	_windowFillBorderColor	01fa4f36	
GNVectorAppearance	39	_windowFillCenterColor	01fa4f4d	
GNVectorAppearance	40	_scrollerMargin	01fa4f64	
GNVectorAppearance	41	_scrollerKnobMargin	01fa4f74	
GNVectorAppearance	42	_innerShadowDepth	01fa4f88	
GNVectorAppearance	43	_sliderLineThickness	01fa4f9a	
GNVectorAppearance	44	_separatorBorderRadius	01fa4faf	
GNVectorAppearance	45	_roundedButtonBorderRadius	01fa4fc6	
GNVectorAppearance	46	_squareButtonBorderRadius	01fa4fe1	
GNVectorAppearance	47	_panelButtonBorderRadius	01fa4ffb	
GNView	0	_window	01f9f919	
GNView	1	_windowControllers	01f9f921	
GNView	2	_toolbar	01f9f934	
GNWindowPositionConstraint	0	_allowedFrame	01fa3db4	
GNWindowPositionConstraint	1	_moveXAllowed	01fa3dc2	
GNWindowPositionConstraint	2	_moveYAllowed	01fa3dd0	
GNWindowPositionConstraint	3	_sizeXAllowed	01fa3dde	
GNWindowPositionConstraint	4	_sizeYAllowed	01fa3dec	
GNWindowStyleMask	0	_minContentSize	01fa51b6	
GNWindowStyleMask	1	_maxContentSize	01fa51c6	
GNWindowStyleMask	2	_backgroundImage	01fa51d6	
GNWindowStyleMask	3	_buffer	01fa51e7	
GNWindowStyleMask	4	_cascadeWindows	01fa51ef	
GNWindowStyleMask	5	_propagatesChangesOnClose	01fa51ff	
GNWindowStyleMask	6	_documentEdited	01fa5219	
GNWindowStyleMask	7	_isSettingContentSize	01fa5229	
GNWindowStyleMask	8	_contentSize	01fa523f	
GNWindowStyleMask	9	_mouseDownLocation	01fa524c	
GNWindowStyleMask	10	_mouseDownFlags	01fa525f	
GNWizardFlowManager	0	_nameHistory	02033155	
GNWizardFlowManager	1	_editPrototype	02033176	
GNWizardFlowManager	2	_editMatrixMode	02033185	
GNWizardFlowManager	3	_editMatrixSize	02033195	
GNWizardFlowManager	4	_editIntercellSpacing	020331a5	
GNWizardFlowManager	5	_editUiName	020331eb	
GNWizardFlowManager	6	_editTrimsLoadedView	020331f7	
GNWizardFlowManager	7	_editTrimMargins	0203320c	
GNZlibCompressionLevel	0	_compressionLevel	01f9fe2f	
GNZlibCompressionLevel	1	_memoryLevel	01f9fe41	
GNZlibCompressionLevel	2	_blockSize	01f9fe4e	
GNZlibCompressionLevel	3	_wantsGZIPHeader	01f9fe59	
INFO	0	_param	029cb82b	
INFO	1	_clear	029cb9a1	
INFO	2	_mapping	029cba7f	
KCS	0	_bio	029c5a5b	
KCS	1	_secmem	029c5a6a	
KCS	2	_bio	029c5a83	
KCS	3	_nid	029c5b02	
KCS	4	_nid	029c5b9a	
KCS	5	_traditional	029c5c49	
LGOR	0	_md	029ba139	
LGOR	1	_size	029ba75c	
LGOR	2	_ex	029ba7d9	
LGOR	3	_ex	029baa70	
LGOR	4	_all	029babc9	
LGOR	5	_ex	029bacbb	
LGOR	6	_ex	029bacd0	
MDActivityController	0	_toolbarActivityController	01fa11ef	
MDActivityController	1	_activityController	01fa120a	
MDActivityController	2	_systemLoadDiagramView	01fa121e	
MDActivityDiagramView	0	_voicesDiagramView	01fa124b	
MDActivityDiagramView	1	_displayLoadDiagramView	01fa125e	
MDActivityDiagramView	2	_ioLoadDiagramView	01fa1276	
MDActivityDiagramView	3	_fftCountDiagramView	01fa1289	
MDActivityDiagramView	4	_jobDiagramView	01fa129e	
MDAlignType	0	_alignV	01fad4ff	
MDAlignType	1	_alignH	01fad507	
MDAlignType	2	_autoresizingMask	01fad50f	
MDAsyncDocument	0	_sync	01fa641e	
MDAsyncDocument	1	_preparedCondition	01fa6424	
MDAsyncDocument	2	_progressOffset	01fa6437	
MDAsyncDocument	3	_progressFactor	01fa6447	
MDDetectionElementInsp	0	_distinctSeparationButton	01fab883	
MDDetectionElementInsp	1	_assignedAttackButton	01fab89d	
MDDetectionElementInsp	2	_ampClaimLabel	01fab8b3	
MDDetectionElementInsp	3	_asdObserver	01fab8c2	
MDDetectionElementInsp	4	_araMusicalContext	01fab8cf	
MDDetectionElementInsp	5	_editorDescriptions	01fab8e2	
MDDetectionElementInsp	6	_cycleTimeJump	01fab8f6	
MDDetectionElementInsp	7	_rootDisplayGroup	01fab905	
MDDetectionElementInsp	8	_lastAutosavedUndoStackFrame	01fab917	
MDDetectionElementInsp	9	_hadChanges	01fab934	
MDDetectionElementInsp	10	_filepath	01fab940	
MDDetectionElementInsp	11	_preselectedDirectory	01fab94a	
MDDetectionElementInsp	12	_currentPlaybackController	01fab960	
MDDetectionElementInsp	13	_metaDocumentController	01fab97b	
MDDetectionElementInsp	14	_plugInHostDocument	01fab993	
MDDetectionElementInsp	15	_playbackRenderer	01fab9a7	
MDDetectionElementInsp	16	_renderParameter	01fab9b9	
MDDetectionElementInsp	17	_timeProgressor	01fab9ca	
MDDetectionElementInsp	18	_timelineUpdateDate	01fab9da	
MDDetectionElementInsp	19	_isNewDocument	01fab9ee	
MDDetectionElementInsp	20	_attachedDetections	01fab9fd	
MDDetectionElementInsp	21	_jobProgressInfo	01faba11	
MDDetectionElementInsp	22	_isDetectionInProgress	01faba22	
MDDetectionElementInsp	23	_audioDeviceDidChange	01faba39	
MDDetectionElementInsp	24	_descriptionTypeDidChange	01faba4f	
MDDetectionElementInsp	25	_defaultChannelDidChange	01faba69	
MDDetectionElementInsp	26	_undoManagerDidPerform	01faba82	
MDDetectionElementInsp	27	_subTracksChangedObserver	01faba99	
MDDetectionElementInsp	28	_araElementAnalyzerWillRunNotification	01fabab3	
MDDetectionElementInsp	29	_sequenceTracks	01fabada	
MDDetectionElementInsp	30	_queuedJobs	01fabaea	
MDDetectionElementInsp	31	_pendingJobs	01fabaf6	
MDDetectionElementInsp	32	_pendingJobsLock	01fabb03	
MDEditMode	0	_editMode	01fa9b47	
MDEditMode	1	_selectedPlaybackRegionInGui	01fa9b51	
MDEditMode	2	_audioSourceTextField	01fa9b6e	
MDEditMode	3	_audioSourceDetectionField	01fa9b84	
MDEditMode	4	_editAudioSourceButton	01fa9b9f	
MDEditMode	5	_audioSourceTransientsSlider	01fa9bb6	
MDEditMode	6	_audioSourceFormantsUpSlider	01fa9bd3	
MDEditMode	7	_audioSourceFormantsDownSlider	01fa9bf0	
MDEditMode	8	_muteLabel	01fa9c0f	
MDEditMode	9	_audioSourceTextFieldLabel	01fa9c1a	
MDEditMode	10	_audioSourceDetectionFieldLabel	01fa9c35	
MDEditMode	11	_isMutedObserver	01fa9c55	
MDEditMode	12	_unregisterPropertyObservation	01fa9c66	
MDEditMode	13	_registerOnInstall	01fa9c85	
MDEditMode	14	_copyNotesPullDown	01fa9c98	
MDEditMode	15	_versionTextView	01fa9cab	
MDEditMode	16	_serialTextView	01fa9cbc	
MDEditMode	17	_inspectorPanels	01fa9ccc	
MDEditMode	18	_containerController	01fa9cdd	
MDEditMode	19	_categoryName	01fa9cf2	
MDEditMode	20	_possibleInspectors	01fa9d00	
MDExportControllerItem	0	_track	01fa1525	
MDExportControllerItem	1	_fileName	01fa152c	
MDExportControllerItem	2	_isChecked	01fa1536	
MDExportControllerItem	3	_needsFilePath	01fa1541	
MDExportFormat	0	_exportFormat	01fa15e1	
MDExportFormat	1	_needsTails	01fa15ef	
MDExportFormat	2	_invalidRegionTypes	01fa15fb	
MDFileBrowserInspectorMode	0	_showsColumns	01fac4bd	
MDFileBrowserInspectorMode	1	_explicitSourceItem	01fac4cb	
MDFileBrowserInspectorMode	2	_explicitExpandedSourceItem	01fac4df	
MDFileBrowserInspectorMode	3	_explicitSources	01fac4fb	
MDFileBrowserInspectorMode	4	_explicitSourceOriginal	01fac50c	
MDFileBrowserInspectorMode	5	_explicitSourceOptions	01fac524	
MDFileBrowserInspectorMode	6	_prelistenPlaybackControllers	01fac53b	
MDFileBrowserInspectorMode	7	_prelistenPlaybackControllersByFilePathCache	01fac559	
MDFileBrowserInspectorMode	8	_prelistenVolumeSlider	01fac586	
MDFileBrowserInspectorMode	9	_dropHintView	01fac59d	
MDFileBrowserInspectorMode	10	_preferencesChanged	01fac5ab	
MDInfoController	0	_replaceRanges	01fa928d	
MDInfoController	1	_editorDescription	01fa929c	
MDInfoController	2	_viewSettings	01fa92af	
MDInspectorPosition	0	_inspectorLeftPosition	01fad339	
MDInspectorPosition	1	_inspectorRightPosition	01fad350	
MDInspectorPosition	2	_inspectorLeftModeTypes	01fad368	
MDInspectorPosition	3	_inspectorRightModeTypes	01fad380	
MDInspectorPosition	4	_headersVisible	01fad399	
MDInspectorPosition	5	_arrangerVisible	01fad3a9	
MDInspectorPosition	6	_editorVisible	01fad3ba	
MDInspectorPosition	7	_spectrumShaperVisible	01fad3c9	
MDInspectorPosition	8	_multiTrackEditorLayout	01fad3e0	
MDInspectorPosition	9	_editorSpectrumShaperLayout	01fad3f8	
MDInspectorPosition	10	_leftInspectorLayout	01fad414	
MDInspectorPosition	11	_rightInspectorLayout	01fad429	
MDInspectorPosition	12	_tempoEditorInEditor	01fad43f	
MDInspectorPosition	13	_signatureEditorInEditor	01fad454	
MDInspectorPosition	14	_tempoEditorInEditorDescription	01fad46d	
MDInspectorPosition	15	_timeGridSetup	01fad48d	
MDInspectorViewController	0	_objectClassName	01fa03ae	
MDInspectorViewController	1	_multipleSelectionSupported	01fa03bf	
MDInspectorViewController	2	_emptySelectionSupported	01fa03db	
MDInspectorViewController	3	_derivationPaths	01fa03f4	
MDInspectorViewController	4	_intendedToBeInhertited	01fa0405	
MDInspectorViewController	5	_typeName	01fa041d	
MDInspectorViewController	6	_displayGroup	01fa0427	
MDInspectorViewController	7	_inspectedObjects	01fa0435	
MDInspectorViewController	8	_selectedObjects	01fa0447	
MDInspectorViewController	9	_hasOwnScroller	01fa0458	
MDInspectorViewController	10	_panel	01fa0468	
MDInterpolationFunction	0	_animations	01fa9a5e	
MDInterpolationFunction	1	_trackLayerCollection	01fa9a6a	
MDInterpolationFunction	2	_asdLayerCollection	01fa9a80	
MDInterpolationFunction	3	_isVisible	01fa9a94	
MDInterpolationFunction	4	_classnameOfSelectedTool	01fa9a9f	
MDInterpolationFunction	5	_info	01fa9ab8	
MDInterpolationFunction	6	_tempoEditorIsOpen	01fa9abe	
MDInterpolationMethod	0	_interpolationMethod	01fa9a10	
MDInterpolationMethod	1	_from	01fa9a25	
MDInterpolationMethod	2	_to	01fa9a2b	
MDInterpolationMethod	3	_interpolationFunction	01fa9a2f	
MDKeyModifierActionHelper	0	_cachePath	01fa6f37	
MDKeyModifierActionHelper	1	_updateViewPositionDisabled	01fa6f42	
MDKeyModifierActionHelper	2	_multiTrackViewDelegate	01fa6f5e	
MDLayerState	0	_uuid	01fa9d36	
MDLayerState	1	_buttonsEnabled	01fa9d3c	
MDLayerState	2	_collection	01fa9d4c	
MDLayerState	3	_asd	01fa9d58	
MDLayerState	4	_rating	01fa9d5d	
MDLayerState	5	_layerDictionary	01fa9d65	
MDLayerState	6	_playbackMonitoring	01fa9d76	
MDLayerState	7	_freezePostingChanges	01fa9d8a	
MDLayerState	8	_mpdDict	01fa9da0	
MDLayerState	9	_docDict	01fa9da9	
MDLayerState	10	_inconsistenDocument	01fa9db2	
MDLayerState	11	_doUnregister	01fa9dc7	
MDLayerState	12	_callCancel	01fa9dd5	
MDLayerState	13	_protocol	01fa9de1	
MDLayerState	14	_followCursorBtn	01fa9deb	
MDLayerState	15	_snaps	01fa9dfc	
MDLayerState	16	_groupNameMapping	01fa9e03	
MDLayerState	17	_nameValueMapping	01fa9e15	
MDLayerState	18	_testValuesController	01fa9e27	
MDLayerState	19	_testValues	01fa9e3d	
MDMainResponderViewId	0	_mainResponderViewId	01fad4b2	
MDMainResponderViewId	1	_selectedSpectrumShaperTabs	01fad4c7	
MDMainResponderViewId	2	_layoutStrategy	01fad4e3	
MDMargin	0	_expandableHorizontally	01fa084b	
MDMargin	1	_expandableVertically	01fa0863	
MDMargin	2	_shrinkableHorizontally	01fa0879	
MDMargin	3	_shrinkableVertically	01fa0891	
MDMargin	4	_sizeToFit	01fa08a7	
MDMargin	5	_layoutName	01fa08b2	
MDMargin	6	_backroundPath	01fa08be	
MDPendingJobLockSaver	0	_replaceExport	01faf071	
MDPendingJobLockSaver	1	_beginLocatorTime	01faf080	
MDPendingJobLockSaver	2	_endLocatorTime	01faf092	
MDPendingJobLockSaver	3	_defaultSampleRate	01faf0a2	
MDPendingJobLockSaver	4	_defaultSampleFormat	01faf0b5	
MDPendingJobLockSaver	5	_runExportAudio	01faf0ca	
MDPendingJobLockSaver	6	_exportAudioController	01faf0da	
MDPendingJobLockSaver	7	_buttonExport	01faf0f1	
MDPendingJobLockSaver	8	_buttonExportMix	01faf0ff	
MDPendingJobLockSaver	9	_buttonExportIndividuals	01faf110	
MDPendingJobLockSaver	10	_buttonSaveAs	01faf129	
MDPendingJobLockSaver	11	_labelFormat	01faf137	
MDPendingJobLockSaver	12	_labelRegion	01faf144	
MDPendingJobLockSaver	13	_labelReferenceTrack	01faf151	
MDPendingJobLockSaver	14	_popUpFormat	01faf166	
MDPendingJobLockSaver	15	_popUpSampleRate	01faf173	
MDPendingJobLockSaver	16	_popUpSampleFormat	01faf184	
MDPendingJobLockSaver	17	_popUpRegion	01faf197	
MDPendingJobLockSaver	18	_popUpReferenceTrack	01faf1a4	
MDPendingJobLockSaver	19	_textFiedSaveAs	01faf1b9	
MDPendingJobLockSaver	20	_displayGroupMix	01faf1c9	
MDPendingJobLockSaver	21	_displayGroupIndividuals	01faf1da	
MDPendingJobLockSaver	22	_includeTailsSwitch	01faf1f3	
MDPendingJobLockSaver	23	_formats	01faf207	
MDPendingJobLockSaver	24	_regions	01faf210	
MDPendingJobLockSaver	25	_lastSetup	01faf219	
MDPendingJobLockSaver	26	_dc	01faf224	
MDPlaybackSetup	0	_playbackSetup	01faca10	
MDPlaybackSetup	1	_lastHostCursorTime	01faca1f	
MDPlaybackSetup	2	_lastHostCursorTimeValid	01faca33	
MDPlaybackSetup	3	_hostPlaybackPendingStopTime	01faca4c	
MDPlaybackSetup	4	_auxiliaryRenderers	01faca69	
MDQuantizeController	0	_displayElements	01fa6098	
MDQuantizeController	1	_hasChanges	01fa60a9	
MDQuantizeController	2	_editorView	01fa60b5	
MDQuantizeController	3	_loLevelingPowerSlider	01fa60c1	
MDQuantizeController	4	_hiLevelingPowerSlider	01fa60d8	
MDQuantizeController	5	_loLevelingPowerLabel	01fa60ef	
MDQuantizeController	6	_hiLevelingPowerLabel	01fa6105	
MDQuantizeController	7	_loLevelingPower	01fa611b	
MDQuantizeController	8	_hiLevelingPower	01fa612c	
MDQuantizeController	9	_okButton	01fa613d	
MDQuantizeController	10	_editRatiosOfElements	01fa6147	
MDQuantizeController	11	_ampFactorsOfOriginalElements	01fa615d	
MDQuantizePitchController	0	_elementLevelingController	01fac316	
MDQuantizePitchController	1	_trackOberver	01fac331	
MDQuantizePitchController	2	_rootTrack	01fac33f	
MDQuantizePitchController	3	_displayTimeRange	01fac34a	
MDQuantizePitchController	4	_lastEditMode	01fac35c	
MDQuantizePitchController	5	_selectedRegionForEditing	01fac36a	
MDQuantizePitchController	6	_preferedRegionForEditing	01fac384	
MDQuantizePitchController	7	_conversionTrackForEditModeSwitch	01fac39e	
MDQuantizePitchController	8	_disableZooming	01fac3c0	
MDQuantizePitchController	9	_metaWindowDidConfigureViewsObserver	01fac3d0	
MDRecordingAmplitudeAnalyzer	0	_oldElementsOnTracksOfInsertGroup	01fabb82	
MDRecordingAmplitudeAnalyzer	1	_insertGroupDefinesPerformanceTempo	01fabba4	
MDRecordingAmplitudeAnalyzer	2	_stretchInsertGroup	01fabbc8	
MDRecordingAmplitudeAnalyzer	3	_stretchInsertStartTime	01fabbdc	
MDRecordingAmplitudeAnalyzer	4	_createdFromSoundfile	01fabbf4	
MDRecordingAmplitudeAnalyzer	5	_timelineWasModified	01fabc0a	
MDRecordingAmplitudeAnalyzer	6	_recordingsInProgress	01fabc1f	
MDRecordingAmplitudeAnalyzer	7	_isComparing	01fabc35	
MDRecordingAmplitudeAnalyzer	8	_followsHostRegionSelection	01fabc42	
MDRecordingAmplitudeAnalyzer	9	_zoomsToHostRegionSelection	01fabc5e	
MDRecordingAmplitudeAnalyzer	10	_shouldDisplayStructureProblemDialog	01fabc7a	
MDRecordingAmplitudeAnalyzer	11	_shouldDisplayUnknownArchiveDialog	01fabc9f	
MDRecordingAmplitudeAnalyzer	12	_shouldDisplayImportedArchiveDialog	01fabcc2	
MDRecordingAmplitudeAnalyzer	13	_archiveInfo	01fabce6	
MDRecordingAmplitudeAnalyzer	14	_hostProvidedRecordingFolder	01fabcf3	
MDRecordingAmplitudeAnalyzer	15	_userProvidedRecordingFolder	01fabd10	
MDRecordingAmplitudeAnalyzer	16	_sharedViewSettings	01fabd2d	
MDRecordingAmplitudeAnalyzer	17	_sharedEditorDescription	01fabd41	
MDRecordingAmplitudeAnalyzer	18	_hiddenSequenceTracks	01fabd5a	
MDRightInspectorController	0	_sideButton	01fa0eb5	
MDRightInspectorController	1	_upButton	01fa0ec1	
MDRightInspectorController	2	_downButton	01fa0ecb	
MDScrollViewAdds	0	_timelineControlView	01fa744d	
MDScrollViewAdds	1	_syncAll	01fa7462	
MDScrollViewAdds	2	_snap	01fa746b	
MDScrollViewAdds	3	_dynamic	01fa7471	
MDScrollViewAdds	4	_b1_0	01fa747a	
MDScrollViewAdds	5	_b1_1	01fa7480	
MDScrollViewAdds	6	_b1_2	01fa7486	
MDScrollViewAdds	7	_b1_4	01fa748c	
MDScrollViewAdds	8	_b1_8	01fa7492	
MDScrollViewAdds	9	_b1_16	01fa7498	
MDScrollViewAdds	10	_b1_32	01fa749f	
MDScrollViewAdds	11	_t1_x	01fa74a6	
MDScrollViewAdds	12	_t1_2	01fa74ac	
MDScrollViewAdds	13	_t1_4	01fa74b2	
MDScrollViewAdds	14	_t1_8	01fa74b8	
MDScrollViewAdds	15	_t1_16	01fa74be	
MDScrollViewAdds	16	_t1_32	01fa74c5	
MDScrollViewAdds	17	_s10m0	01fa74cc	
MDScrollViewAdds	18	_s10m1	01fa74d3	
MDScrollViewAdds	19	_s10m2	01fa74da	
MDScrollViewAdds	20	_s10m3	01fa74e1	
MDScrollViewAdds	21	_timeGridSetters	01fa74e8	
MDSelectionController	0	_multiTrackItem	01fa6fba	
MDSelectionController	1	_layerDisplayGroup	01fa6fca	
MDSelectionController	2	_referenceButton	01fa6fdd	
MDSelectionController	3	_editLabel	01fa6fee	
MDSelectionController	4	_renameTrackTextField	01fa6ff9	
MDStandaloneTransportViewController	0	_toolbarTransportCtrl	01facfc6	
MDStandaloneTransportViewController	1	_toolbarTempoCtrl	01facfdc	
MDStandaloneTransportViewController	2	_toolbarRightConfigCtrl	01facfee	
MDSystemLoadView	0	_tag	01fa0f7c	
MDSystemLoadView	1	_intValue	01fa0f81	
MDSystemLoadView	2	_responder	01fa0f8b	
MDSystemLoadView	3	_isAutoenabling	01fa0f96	
MDSystemLoadView	4	_isContinuous	01fa0fa6	
MDSystemLoadView	5	_toggleValueOnSendingAction	01fa0fb4	
MDSystemLoadView	6	_localizesTitle	01fa0fd0	
MDSystemLoadView	7	_floatValue	01fa0fe0	
MDSystemLoadView	8	_textAlignment	01fa0fec	
MDTabCommand	0	_buttonCommandID	01fad779	
MDTabCommand	1	_targetDelegate	01fad78a	
MDTabCommand	2	_titleEditField	01fad79a	
MDTabCommand	3	_editItem	01fad7aa	
MDTabCommand	4	_closeImage	01fad7b4	
MDTabCommand	5	_length	01fad7c0	
MDTabCommand	6	_dirtyFlag	01fad7c8	
MDTabCommand	7	_deviceContext	01fad7d3	
MDTempIOCtrl	0	_inputSlot	01fad821	
MDTempIOCtrl	1	_outputSlot	01fad82c	
MDTempIOCtrl	2	_inputLabel	01fad838	
MDTempIOCtrl	3	_inputLabelStudio	01fad844	
MDTempIOCtrl	4	_outputLabel	01fad856	
MDTempIOCtrl	5	_outputLabelStudio	01fad863	
MDTempoEditorHelper	0	_pluginPreferences	01fabe64	
MDTempoEditorHelper	1	_obseverTimelineChanged	01fabe77	
MDTempoEditorHelper	2	_rootViewDidBecomeFirstObserver	01fabe8f	
MDTempoEditorHelper	3	_scrollTrackToVisible	01fabeaf	
MDTempoEditorHelper	4	_previousRunningJobs	01fabec5	
MDTempoEditorHelper	5	_recentDisplayedJobs	01fabeda	
MDTempoEditorHelper	6	_showsPluginWindowResizeView	01fabeef	
MDTempoEditorHelper	7	_progressView	01fabf0c	
MDToolbarAraDebugCtrl	0	_globalSelectionDidChangeObserver	01fa864b	
MDToolbarAraDebugCtrl	1	_compositionObserver	01fa866d	
MDToolbarAraDebugCtrl	2	_partObserver	01fa8682	
MDToolbarAraDebugCtrl	3	_timelineObserver	01fa8690	
MDToolbarAraDebugCtrl	4	_scaleModeSequenceObserver	01fa86a2	
MDToolbarAraDebugCtrl	5	_focusedPartChangedObserver	01fa86bd	
MDToolbarAraDebugCtrl	6	_composition	01fa86d9	
MDToolbarAraEditModeCtrl	0	_inspectorSideButton	01fa822f	
MDToolbarAraEditModeCtrl	1	_selectedDocumentChangedObserver	01fa8244	
MDToolbarAraEditModeCtrl	2	_playbackChangedObsever	01fa8265	
MDToolbarAraEditModeCtrl	3	_compareModeChangedObserver	01fa827d	
MDToolbarAraEditModeCtrl	4	_araCompareButton	01fa8299	
MDToolbarAraEditModeCtrl	5	_transferLabel	01fa82ab	
MDToolbarAraEditModeCtrl	6	_blobEditingEnabled	01fa82ba	
MDToolbarAraEditModeCtrl	7	_updateReduction	01fa82ce	
MDToolbarEditModeCtrl	0	_editButton	01fa0ad9	
MDToolbarEditModeCtrl	1	_naButton	01fa0ae5	
MDToolbarEditModeCtrl	2	_audioSourceObserver	01fa0aef	
MDToolbarEdtionCtrl	0	_toolbarGridCtrl	01fad057	
MDToolbarEdtionCtrl	1	_cursorTextField	01fad068	
MDToolbarEdtionCtrl	2	_playbackControllerChangedObserver	01fad079	
MDToolbarEdtionCtrl	3	_showTooltipsSwitch	01fad09c	
MDToolbarEdtionCtrl	4	_prefsChangedObserver	01fad0b0	
MDToolbarLayouter	0	_centerLayout	01fa5c0e	
MDToolbarLayouter	1	_rightLayout	01fa5c1c	
MDToolbarLayouter	2	_showsEditorBar	01fa5c29	
MDToolbarLayouter	3	_toolbarEditMixCtrl	01fa5c39	
MDToolbarLayouter	4	_toolbarEditModeCtrl	01fa5c4d	
MDToolbarLayouter	5	_toolbarQuantizeMacrosCtrl	01fa5c62	
MDToolbarLayouter	6	_toolbarUndoCtrl	01fa5c7d	
MDToolbarLayouter	7	_toolbarToolCtrl	01fa5c8e	
MDToolbarLayouter	8	_toolbarEditorViewCtrl	01fa5c9f	
MDToolbarLayouter	9	_toolbarVersionCtrl	01fa5cb6	
MDToolbarLayouter	10	_toolbarTrackMemoryUsageCtrl	01fa5cca	
MDToolbarLeftPluginConfigCtrl	0	_inspectorLeftButton	01fa8434	
MDToolbarLeftPluginConfigCtrl	1	_multiTrackButton	01fa8449	
MDToolbarLeftPluginConfigCtrl	2	_spectrumShaperButton	01fa845b	
MDToolbarLeftPluginConfigCtrl	3	_systemLoadView	01fa8471	
MDToolbarLeftPluginConfigCtrl	4	_playbackChangedObserver	01fa8481	
MDToolbarLeftPluginConfigCtrl	5	_jobWillRunNotification	01fa849a	
MDToolbarLeftPluginConfigCtrl	6	_jobProgressNotification	01fa84b2	
MDToolbarLeftPluginConfigCtrl	7	_jobDidRunNotification	01fa84cb	
MDToolbarLeftPluginConfigCtrl	8	_recordingDidStartNotification	01fa84e2	
MDToolbarLeftPluginConfigCtrl	9	_recordingDidFinishNotification	01fa8501	
MDToolbarLeftPluginConfigCtrl	10	_selectedDocumentController	01fa8521	
MDToolbarLeftPluginConfigCtrl	11	_runningRecordings	01fa853d	
MDToolbarLeftPluginConfigCtrl	12	_groupCount	01fa8550	
MDToolbarSpaceCtrl	0	_regionEditButton	01fa82f2	
MDToolbarSpaceCtrl	1	_trackEditButton	01fa8304	
MDToolbarSpaceCtrl	2	_tempoField	01fa8315	
MDToolbarSpaceCtrl	3	_tempoSyncButton	01fa8321	
MDToolbarSpaceCtrl	4	_araTempoMenuButton	01fa8332	
MDToolbarSpaceCtrl	5	_transferTempoDialog	01fa8346	
MDToolbarSpaceCtrl	6	_removedMenuItem	01fa835b	
MDToolbarSpaceCtrl	7	_noTempoEditorMenuItem	01fa836c	
MDToolbarSpaceCtrl	8	_currentTempo	01fa8383	
MDToolbarSpaceCtrl	9	_currentAraTempo	01fa8391	
MDToolbarSpaceCtrl	10	_inDetectionEditorMode	01fa83a2	
MDToolbarSpaceCtrl	11	_specifyModificationTempo	01fa83b9	
MDToolbarSpaceCtrl	12	_specifyModificationTempoValue	01fa83d3	
MDToolbarSpaceCtrl	13	_inSync	01fa83f2	
MDToolbarSpaceCtrl	14	_outOfSync	01fa83fa	
MDToolbarSpaceCtrl	15	_lastStringValue	01fa8405	
MDTrackContentDisplayStyle	0	_trackDisplayStyle	01fad108	
MDTrackContentDisplayStyle	1	_isMuted	01fad11b	
MDTrackContentDisplayStyle	2	_isSolo	01fad124	
MDTrackContentDisplayStyle	3	_isTrackTitleEditable	01fad12c	
MDTransferPluginTrackHeaderViewController	0	_canTransfer	01fa70bf	
MDTransferPluginTrackHeaderViewController	1	_transferButtonActive	01fa70cc	
MDTransferPluginTrackHeaderViewController	2	_featureSetObserver	01fa70e2	
MDTransferPluginTrackHeaderViewController	3	_transferButton	01fa70f6	
MDViewSettings	0	_volume	01fa92cc	
MDViewSettings	1	_pitch	01fa92d4	
MDViewSettings	2	_pitchRange	01fa92db	
MDViewSettings	3	_formant	01fa92e7	
MDViewSettings	4	_formantRange	01fa92f0	
MDViewSettings	5	_guiCycleTimeJump	01fa92fe	
MDViewSettings	6	_isCycling	01fa9310	
MDViewSettings	7	_guiRenderParameter	01fa931b	
MDVolumeSlider	0	_meterInfo	01fa6b53	
MDVolumeSlider	1	_lastValue	01fa6b5e	
MDVolumeSlider	2	_knobBorderStyle	01fa6b69	
MDVolumeSlider	3	_image0	01fa6b7a	
MDVolumeSlider	4	_image1	01fa6b82	
MDVolumeSlider	5	_image2	01fa6b8a	
MDVolumeSlider	6	_image3	01fa6b92	
MDVolumeSlider	7	_image4	01fa6b9a	
MDVolumeSlider	8	_isDimSlider	01fa6ba2	
MDVolumeSlider	9	_knobOnlyHitDetection	01fa6baf	
MDWelcomePanelController	0	_openURLButton	01fa995b	
MDWelcomePanelController	1	_openURLButton2	01fa996a	
MDWelcomePanelController	2	_lastUpdate	01fa997a	
MDWelcomePanelController	3	_lastHandleOpenWelcomeURL	01fa9986	
MDWelcomePanelController	4	_lastHandleOpenTrial	01fa99a0	
MDWorkspaceLayoutSpectrum	0	_isRoot	01fad555	
MDWorkspaceLayoutSpectrum	1	_dumpLayout	01fad55d	
MDWorkspaceLayoutSpectrum	2	_workspaceNeedsLayout	01fad569	
MDWorkspaceLayoutSpectrum	3	_spacing	01fad57f	
MDWorkspaceLayoutSpectrum	4	_layoutInfo	01fad588	
MDWorkspaceLayoutSpectrum	5	_layoutDelegate	01fad594	
MDWorkspaceLayoutSpectrum	6	_suggestedMainResponder	01fad5a4	
MDWorkspaceLayoutSpectrum	7	_preferedFrameSizeLocked	01fad5bc	
MDWorkspaceLayoutSpectrum	8	_subviewsAlignV	01fad5d5	
MDWorkspaceLayoutSpectrum	9	_subviewsAlignH	01fad5e5	
MDWorkspaceLayoutViewDelegate	0	_additionalView	01fac5dd	
MDWorkspaceLayoutViewDelegate	1	_selectorView	01fac5ed	
MDWorkspaceLayoutViewDelegate	2	_layoutView	01fac5fb	
MDWorkspaceLayoutViewDelegate	3	_wrapperView	01fac607	
MDWorkspaceLayoutViewDelegate	4	_inspectorPanelCache	01fac614	
MDWorkspaceLayoutViewDelegate	5	_categoryFilters	01fac629	
MDWorkspaceLayoutViewDelegate	6	_modeDisplayedCategories	01fac63a	
MDWorkspaceLayoutViewDelegate	7	_displayedCategories	01fac653	
MDWorkspaceLayoutViewDelegate	8	_wrapperLayout	01fac668	
MDWorkspaceLayoutViewDelegate	9	_layoutFailedObserver	01fac677	
MDWorkspaceLayoutViewDelegate	10	_windowMenu	01fac68d	
MDWorkspaceLayoutViewDelegate	11	_firstDocumentEntry	01fac699	
MDWorkspaceLayoutViewDelegate	12	_layoutRootView	01fac6ad	
MDWorkspaceLayoutViewDelegate	13	_lastLayoutedFrame	01fac6bd	
MDWorkspaceLayoutViewDelegate	14	_transportPositionAtBottom	01fac6d0	
MDWorkspaceLayoutViewDelegate	15	_documentTabPositionAtBottom	01fac6eb	
MDWorkspaceLayoutViewDelegate	16	_documentsContainerController	01fac708	
MDWorkspaceLayoutViewDelegate	17	_horizontalLayoutView	01fac726	
MDWorkspaceLayoutViewDelegate	18	_inspectorLeftController	01fac73c	
MDWorkspaceLayoutViewDelegate	19	_inspectorRightController	01fac755	
MDWorkspaceLayoutViewDelegate	20	_documentLayoutView	01fac76f	
MDWorkspaceLayoutViewDelegate	21	_trackAndEditorView	01fac783	
MDWorkspaceLayoutViewDelegate	22	_editorLayoutView	01fac797	
MDWorkspaceLayoutViewDelegate	23	_toolbarLayouter	01fac7a9	
MDWorkspaceLayoutViewDelegate	24	_pluginMenuViewController	01fac7ba	
MDWorkspaceLayoutViewDelegate	25	_pluginMenuCtrl	01fac7d4	
MDWorkspaceLayoutViewDelegate	26	_editorList	01fac7e4	
MDWorkspaceLayoutViewDelegate	27	_showsResizeView	01fac7f0	
MDWorkspaceLayoutViewDelegate	28	_doMakeMultiTrackFirstResponder	01fac801	
MDWorkspaceLayoutViewDelegate	29	_ignoreHeartBeats	01fac821	
MDWorkspaceLayoutViewDelegate	30	_mainMenuChangedObserver	01fac833	
MDWorkspaceLayoutViewDelegate	31	_mainResponderChangedObserver	01fac84c	
MDWorkspaceLayoutViewDelegate	32	_timeGridSetterModifiedObserver	01fac86a	
MDWorkspaceLayoutViewDelegate	33	_editingDetectionChangedObserver	01fac88a	
MDWorkspaceLayoutViewDelegate	34	_transportToolbar	01fac8ab	
MDWorkspaceLayoutViewDelegate	35	_lastMainResponderView	01fac8bd	
MDWorkspaceLayoutViewDelegate	36	_orderFrontDisable	01fac8d4	
MDWorkspaceLayoutViewDelegate	37	_selectedViewController	01fac8e7	
MDWorkspaceLayoutViewDelegate	38	_spectrumShaperController	01fac8ff	
MDWorkspaceTabHeaderView	0	_hidden	01fad657	
MDWorkspaceTabHeaderView	1	_hasScrollView	01fad65f	
MDWorkspaceTabHeaderView	2	_openFileTypes	01fad66e	
MDWorkspaceTabHeaderView	3	_layoutForAllViews	01fad67d	
MDWorkspaceTabHeaderViewItem	0	_highlightedItem	01fad6ad	
MDWorkspaceTabHeaderViewItem	1	_highlightedToCloseItem	01fad6be	
MDWorkspaceTabHeaderViewItem	2	_pressedToCloseItem	01fad6d6	
MDWorkspaceTabHeaderViewItem	3	_selectedItemColor	01fad6ea	
MDWorkspaceTabHeaderViewItem	4	_itemColor	01fad6fd	
MDWorkspaceTabHeaderViewItem	5	_menuButton	01fad708	
MDWorkspaceTabHeaderViewItem	6	_rightButton	01fad714	
MDWorkspaceTabHeaderViewItem	7	_leftButton	01fad721	
MDWorkspaceTabHeaderViewItem	8	_menuImage	01fad72d	
MDWorkspaceTabHeaderViewItem	9	_showsMenuButtons	01fad738	
MDWorkspaceTabHeaderViewItem	10	_maxItemLength	01fad74a	
MDWorkspaceTabHeaderViewItem	11	_edge	01fad759	
MDWorkspaceTabHeaderViewItem	12	_minTabCount	01fad75f	
MEPluginReplaceRangeContainer	0	_wasImported	01fa93d2	
MEPluginReplaceRangeContainer	1	_amplitudeScaleFactor	01fa93df	
MEPluginReplaceRangeContainer	2	_visibleTimeRangeLocation	01fa93f5	
MEPluginReplaceRangeContainer	3	_visibleTimeRangeLength	01fa940f	
MEPluginReplaceRangeContainer	4	_visiblePitchRangeLocation	01fa9427	
MEPluginReplaceRangeContainer	5	_visiblePitchRangeLength	01fa9442	
MEPluginReplaceRangeContainer	6	_timeStamps	01fa945b	
MEPluginReplaceRangeContainer	7	_timeStampCount	01fa9467	
MEPluginReplaceRangeContainer	8	_maxTimeStampCount	01fa9477	
MUAdjustAttacksUnit	0	_centerUnit	02029501	
MUAdjustAttacksUnit	1	_marginUnit	0202950d	
MUAdjustAttacksUnit	2	_descriptionProgresses	02029519	
MUAdjustAttacksUnit	3	_descriptionProgressWeights	02029530	
MUAdjustAttacksUnit	4	_totalSourceSampleCount	0202954c	
MUAdjustAttacksUnit	5	_nextPostingTime	02029564	
MUAdjustAttacksUnit	6	_harmonics	020295f3	
MUAdjustAttacksUnit	7	_processedPeriodCount	020295fe	
MUAdjustAttacksUnit	8	_ampCompensationFactor	02029614	
MUAdvancedTempoDetectionDialog	0	_highlightedBeatValuePoint	01fb24cb	
MUAdvancedTempoDetectionDialog	1	_setCursorTimeDisabled	01fb24e6	
MUAdvancedTempoDetectionDialog	2	_zoomToFitAverageTempoDisabled	01fb24fd	
MUAdvancedTempoDetectionDialog	3	_skipZoomToFitAverageTempo	01fb251c	
MUAlignmentAnchor	0	_quarterPosition	0202e9b5	
MUAlignmentAnchor	1	_continuousQuarter	0202e9c6	
MUAlignmentAnchor	2	_anchorOffsets	0202e9d9	
MUAlignmentAnchor	3	_ampQualityFactor	0202e9e8	
MUAlignmentAnchor	4	_validityState	0202e9fa	
MUAlignmentAnchor	5	_tempQuality1	0202ea09	
MUAlignmentAnchor	6	_tempQuality2	0202ea17	
MUAlignmentAnchor	7	_isAssigned	0202ea25	
MUAlignmentAnchor	8	_testAssigned	0202ea31	
MUAlignmentAnchor	9	_compareDiffSums	0202ea3f	
MUAlignmentAnchor	10	_hasInvalidElement	0202ea50	
MUAlignmentAnchor	11	_assignment	0202ea63	
MUAlignmentAnchor	12	_potentialAssignments	0202ea6f	
MUAlignmentAnchor	13	_associatedAnchors	0202ea85	
MUAlignmentAnchor	14	_prefersTriplets	0202ea98	
MUAlignmentAnchor	15	_regionWeight2	0202eaa9	
MUAlignmentAnchor	16	_regionWeight3	0202eab8	
MUAlignmentAnchor	17	_anchorOffsetsForSlaveTracks	0202eac7	
MUAlignmentAnchor	18	_compareDiffSumsForSlaveTracks	0202eae4	
MUAlignmentAnchor	19	_originalQuality	0202eb03	
MUAlignmentAnchor	20	_distanceWeight0	0202eb14	
MUAlignmentAnchor	21	_distanceWeight1	0202eb25	
MUAlignmentAnchor	22	_otherAnchor	0202eb36	
MUAlignmentAnchor	23	_offsetIndex	0202eb43	
MUAlignmentAnchor	24	_otherOffsetIndex	0202eb50	
MUAlignmentAnchor	25	_assignmentQuality	0202eb62	
MUAnalyzedBeat	0	_position	0201f8d2	
MUAnalyzedBeat	1	_correlationQuality	0201f8dc	
MUAnalyzedBeat	2	_beatMatchingWeightedQuality	0201f8f0	
MUAnalyzedBeat	3	_isInConstantTempoRegion	0201f90d	
MUAnalyzedBeat	4	_usedTempoRegion	0201f926	
MUAraBindingLockFlags	0	_bindToDocumentControllerPending	01f9dcc0	
MUAraBindingLockFlags	1	_isPlaybackRenderer	01f9dce1	
MUAraBindingLockFlags	2	_isEditorRenderer	01f9dcf5	
MUAraBindingLockFlags	3	_isEditorView	01f9dd07	
MUAraBindingLockFlags	4	_playbackRegionsForPlayback	01f9dd15	
MUAraContentNoteEntry	0	_pitchSystemHint	0202d52b	
MUAraContentNoteEntry	1	_tempoChanges	0202d53c	
MUAraContentNoteEntry	2	_barSignatures	0202d54a	
MUAraContentReader	0	_playbackWrappers	0202bcd3	
MUAraContentReader	1	_previewWrappers	0202bce5	
MUAraContentReader	2	_guiWrappers	0202bcf6	
MUAraContentReader	3	_isRestoringObjects	0202bd03	
MUAraContentReader	4	_structureProblemFound	0202bd17	
MUAraContentReader	5	_isHostEditingDocument	0202bd2e	
MUAraContentReader	6	_resetUndoWhenHostEndsEditing	0202bd45	
MUAraContentReader	7	_documentDataChanged	0202bd63	
MUAraContentReader	8	_didSimulateBeginEditing	0202bd78	
MUAraContentReader	9	_trackSelectionDidChange	0202bd91	
MUAraContentReader	10	_simulatedAra1RegionSequences	0202bdaa	
MUAraContentReader	11	_musicalContextData	0202bdc8	
MUAraContentTuningEntry	0	_keySignatureNames	0202d571	
MUAraContentTuningEntry	1	_chords	0202d584	
MUAraContentTuningEntry	2	_chordNames	0202d58c	
MUAraContentTuningEntry	3	_typeIdentifier	0202d598	
MUAraContentTuningEntry	4	_groupTitle	0202d5ad	
MUAraContentTuningEntry	5	_fundamentalIndex	0202d5b9	
MUAraDocumentData	0	_startBeat	0202d16b	
MUAraDocumentData	1	_endBeat	0202d176	
MUAraDocumentData	2	_quarterAnchors	0202d17f	
MUAraDocumentData	3	_startQuarterAnchor	0202d18f	
MUAraDocumentData	4	_subdivison	0202d1a3	
MUAraDocumentData	5	_barSequence	0202d1af	
MUAraDocumentData	6	_suppressUpdate	0202d1bc	
MUAraDocumentData	7	_timeAnchor	0202d1cc	
MUAraDocumentData	8	_barDefinitions	0202d1d8	
MUAraHostRef	0	_persistentID	0202b65a	
MUAraHostRef	1	_wasCreatedInCurrentHostEditCycle	0202b668	
MUAraHostRef	2	_wasRestoredInCurrentHostEditCycle	0202b68a	
MUAraModelManager	0	_orderIndex	0202bed9	
MUAraModelManager	1	_timelineProvidedByHost	0202bee5	
MUAraModelManager	2	_hostProvidedScaleTuningSequence	0202befd	
MUAraModelManager	3	_hostProvidedScaleModeSequence	0202bf1e	
MUAraModelManager	4	_hostProvidedChordSequence	0202bf3d	
MUAraModelManager	5	_regionSequences	0202bf58	
MUAraModelManager	6	_musicalContext	0202bf69	
MUAraModelManager	7	_sequenceTracksRootTrack	0202bf79	
MUAraModelManager	8	_plugInDocument	0202bf92	
MUAraModelManager	9	_compareDocument	0202bfa2	
MUAraModelManager	10	_lastTrackRange	0202bfb3	
MUAraModelManager	11	_modifiedRange	0202bfc3	
MUAraModelManager	12	_plugInHostTrack	0202bfd2	
MUAraMusicalContextPersistentData	0	_importedAudioSources	0202bdfe	
MUAraMusicalContextPersistentData	1	_archiveIsPotentiallyUnstable	0202be14	
MUAraMusicalContextPersistentData	2	_mustSyncPitchSystemsAfterImportingPreM41Archive	0202be32	
MUAraMusicalContextPersistentData	3	_documentData	0202be63	
MUAraMusicalContextPersistentData	4	_musicalContexts	0202be71	
MUAraMusicalContextPersistentData	5	_creatorIdentifier	0202be82	
MUAraMusicalContextPersistentData	6	_creatorBuildNumber	0202be95	
MUAraMusicalContextPersistentData	7	_creatorGITCommit	0202bea9	
MUAraMusicalContextPersistentData	8	_isUnstable	0202bebb	
MUAraPlugInWrapperDelegate	0	_cacheWarmUpDoWarmUp	01fada1a	
MUAraPlugInWrapperDelegate	1	_cacheWarmUpLastStartTime	01fada2f	
MUAraPlugInWrapperDelegate	2	_hostPlaybackParamsLastStartTime	01fada49	
MUAraPlugInWrapperDelegate	3	_cachedLastStartTimeRanges	01fada6a	
MUAraRegionSequencePersistentData	0	_orderTitle	0202a3eb	
MUAraRegionSequencePersistentData	1	_orderColor	0202a3f7	
MUAraRegionSequencePersistentData	2	_regionSequenceData	0202a403	
MUAraTrackObservationHelper	0	_trackUpdateRange	0202b6ef	
MUAraTrackObservationHelper	1	_notifyTrackChange	0202b701	
MUAraTrackObservationHelper	2	_notifyEverythingChanged	0202b714	
MUAraTrackObservationHelper	3	_observeTrack	0202b72d	
MUAraTrackObservationHelper	4	_observeTimeline	0202b73b	
MUAraTrackObservationHelper	5	_observeScales	0202b74c	
MUAraTrackObservationHelper	6	_observeChords	0202b75b	
MUAraTrackObservationHelper	7	_notifyTimelineChangeCount	0202b76a	
MUAraTrackObservationHelper	8	_reportedTimelineChangeCount	0202b785	
MUAraTrackObservationHelper	9	_notifyScalesChangeCount	0202b7a2	
MUAraTrackObservationHelper	10	_reportedScalesChangeCount	0202b7bb	
MUAraTrackObservationHelper	11	_notifyChordsChangeCount	0202b7d6	
MUAraTrackObservationHelper	12	_reportedChordsChangeCount	0202b7ef	
MUAraTrackObservationHelper	13	_audioPlaybackRegions	0202b80a	
MUAraTrackObservationHelper	14	_audioModification	0202b820	
MUAraTrackObservationHelper	15	_timelineIsSynchronizedWithHost	0202b833	
MUAraTrackObservationHelper	16	_isDeactivatedForUndoHistory	0202b853	
MUAraTrackObservationHelper	17	_keepChordsAndScalesSynchronizedWithContext	0202b870	
MUAraTrackObservationHelper	18	_syncScalesPending	0202b89c	
MUAraTrackObservationHelper	19	_syncChordsPending	0202b8af	
MUAraTrackObservationHelper	20	_startInPlaybackTime	0202b8c2	
MUAraTrackObservationHelper	21	_durationInPlaybackTime	0202b8d7	
MUAraTrackObservationHelper	22	_stretchingReflectsTempo	0202b8ef	
MUAraTrackObservationHelper	23	_usesContentBasedFadesAtHead	0202b908	
MUAraTrackObservationHelper	24	_usesContentBasedFadesAtTail	0202b925	
MUAraTrackObservationHelper	25	_hostDidReassignRegionSequence	0202b942	
MUAraTrackObservationHelper	26	_hostDidReassignMusicalContext	0202b961	
MUAraTrackObservationHelper	27	_timeTransformationNeedsUpdate	0202b980	
MUAraTrackObservationHelper	28	_stretchFactor	0202b99f	
MUAraTrackObservationHelper	29	_startInContinuousModificationQuarters	0202b9ae	
MUAraTrackObservationHelper	30	_startInContinuousPlaybackQuarters	0202b9d5	
MUAraTrackObservationHelper	31	_regionSequence	0202b9f8	
MUAraTrackObservationHelper	32	_playbackRegions	0202ba08	
MUAraTrackObservationHelper	33	_compareTrack	0202ba19	
MUAraTrackObservationHelper	34	_tracksAreInitialized	0202ba27	
MUAraTrackObservationHelper	35	_notifyTrackChanged	0202ba3d	
MUAraTrackObservationHelper	36	_notifyTimelineChanged	0202ba51	
MUAraTrackObservationHelper	37	_notifyScalesChanged	0202ba68	
MUAraTrackObservationHelper	38	_notifyChordsChanged	0202ba7d	
MUAraTrackObservationHelper	39	_importedAudioModifications	0202ba92	
MUAraTrackObservationHelper	40	_modelSampleRate	0202baae	
MUAraTrackObservationHelper	41	_modelSampleCount	0202babf	
MUAraTrackObservationHelper	42	_modelChannelFormat	0202bad1	
MUAraTrackObservationHelper	43	_modelConfigMayBeOutOfSync	0202bae5	
MUAraTrackObservationHelper	44	_wasReloadedInCurrentHostEditCycle	0202bb00	
MUAraTrackObservationHelper	45	_isAccessEnabled	0202bb23	
MUAraTrackObservationHelper	46	_customAudioSource	0202bb34	
MUAraTrackObservationHelper	47	_araAudioReaderHostRef	0202bb47	
MUAraTrackObservationHelper	48	_multiThreadedReading	0202bb5e	
MUAraTrackObservationHelper	49	_usedAudioSourceDescriptionRangeDidChange	0202bb74	
MUAraTrackObservationHelper	50	_analysisFailed	0202bb9e	
MUAraTrackObservationHelper	51	_originalHostTempoEntries	0202bbae	
MUAraTrackObservationHelper	52	_originalHostBarSignatureEntries	0202bbc8	
MUAraTrackObservationHelper	53	_lastProgressSentToHost	0202bbe9	
MUAraTrackObservationHelper	54	_isProcessingHostRequestedContentAnalysis	0202bc01	
MUAraTrackObservationHelper	55	_hostRequestedAlgorithmIdentifier	0202bc2b	
MUAraTrackObservationHelper	56	_pendingCompletedAnalyzer	0202bc4d	
MUAraTrackObservationHelper	57	_creationThread	0202bc67	
MUAraTrackObservationHelper	58	_documentRoot	0202bc77	
MUAraTrackObservationHelper	59	_instance	0202bc85	
MUAraTrackObservationHelper	60	_hostInstance	0202bc8f	
MUAraTrackObservationHelper	61	_jobCompletionLock	0202bc9d	
MUAraTrackObservationHelper	62	_contentReaders	0202bcb0	
MUAudioEffectChainRenderer	0	_renderSampleIndex	0201fb8d	
MUAudioEffectChainRenderer	1	_superrenderer	0201fba0	
MUAudioEffectChainRenderer	2	_performanceTime	0201fbaf	
MUAudioEffectChainRenderer	3	_tempoFactor	0201fbc0	
MUAudioEffectChainRenderer	4	_definesPerformanceTime	0201fbcd	
MUAudioEffectChainRenderer	5	_definesRenderSampleIndex	0201fbe5	
MUAudioEffectChainRenderer	6	_definesHostRenderSampleIndex	0201fbff	
MUAudioEffectChainRenderer	7	_definesTimeProgressor	0201fc1d	
MUAudioEffectChainRenderer	8	_definesRenderParameter	0201fc34	
MUAudioEffectChainRenderer	9	_definesProcessingOffline	0201fc4c	
MUAudioEffectChainRenderer	10	_audioInputBuffer	0201fc66	
MUAudioEffectChainRenderer	11	_audioInputBufferOffset	0201fc78	
MUAudioEffectChainRenderer	12	_audioEffect	0201fc90	
MUAudioEffectChainRenderer	13	_effectRenderers	0201fc9d	
MUAudioEffectRenderProcessorIdentifier	0	_parameterChangeCounter	02028d2f	
MUAudioEffectRenderProcessorIdentifier	1	_renderProcessor	02028d47	
MUAudioEffectRenderProcessorIdentifier	2	_inputRecorder	02028d58	
MUAudioEffectRenderProcessorIdentifier	3	_outputRecorder	02028d67	
MUAudioEffectRenderProcessorIdentifier	4	_parameterIdentifier	02028d77	
MUAudioEffectRenderProcessorIdentifier	5	_distribution	02028dcf	
MUAudioEffectRenderProcessorIdentifier	6	_lowercaseModeTitle	02028ddd	
MUAudioEffectRenderProcessorIdentifier	7	_lowercaseLocalizedModeTitle	02028df1	
MUAudioEffectRenderProcessorIdentifier	8	_score	02028e0e	
MUAudioGeneratorRenderer	0	_slotChannelIndex	0201fdc3	
MUAudioGeneratorRenderer	1	_deviceChannelIndex	0201fdd5	
MUAudioGeneratorRenderer	2	_slot	0201fde9	
MUAudioGeneratorRenderer	3	_inputSlots	0201fdef	
MUAudioGeneratorRenderer	4	_outputSlots	0201fdfb	
MUAudioGeneratorRenderer	5	_channelMaps	0201fe08	
MUAudioGeneratorRenderer	6	_currentChannelMap	0201fe15	
MUAudioPool	0	_bufferStartSampleIndex	0201fe87	
MUAudioPool	1	_bufferEndSampleIndex	0201fe9f	
MUAudioPool	2	_channelIndexes	0201feb5	
MUAudioPool	3	_lastBufferSampleIndex	0201fec5	
MUAudioPool	4	_autoUnregister	0201fedc	
MUAudioPool	5	_finished	0201feec	
MUAudioPool	6	_lastDidAppendPostingTime	0201fef6	
MUAudioRecorderCenter	0	_didStop	0201ff26	
MUAudioRecorderCenter	1	_recordersToBeAdded	0201ff2f	
MUAudioRecorderCenter	2	_recordersToBeRemoved	0201ff43	
MUAudioRecorderCenter	3	_recorders	0201ff59	
MUAudioRecorderCenter	4	_processLock	0201ff64	
MUAudioRecorderCenter	5	_audioRecorderCenterDelegate	0201ff71	
MUAudioRecorderCenterDelegate	0	_documentControllerMap	01f9d86d	
MUAudioRecorderCenterDelegate	1	_recursiveLock	01f9d884	
MUAudioRecorderCenterDelegate	2	_detectAfterTransfer	01f9d893	
MUAudioRecorderCenterDelegate	3	_plugins	01f9d8a8	
MUAudioRenderInfo	0	_splitArchiveSourceElementIndex	0201faa9	
MUAudioRenderInfo	1	_splitArchiveSourceComponentIndex	0201fac9	
MUAudioRenderInfo	2	_displayRenderer	0201faeb	
MUAudioRingBuffer	0	_pluginDocument	01fadb97	
MUAudioRingBuffer	1	_replaceBufferSize	01fadba7	
MUAudioRingBuffer	2	_renderStateTime	01fadbba	
MUAudioRingBuffer	3	_renderStateHostIsPlaying	01fadbcb	
MUAudioRingBuffer	4	_renderStateRenderingEnabled	01fadbe5	
MUAudioRingBuffer	5	_shouldTransferContextReset	01fadc02	
MUAudioRingBuffer	6	_shouldTransferContextEnabled	01fadc1e	
MUAudioRingBuffer	7	_lastTransferContextEnabled	01fadc3c	
MUAudioRingBuffer	8	_hostPlaybackParamsCycleActive	01fadc58	
MUAudioRingBuffer	9	_isAAX	01fadc77	
MUAudioRingBuffer	10	_hostPlaybackParamsCycleTimeValid	01fadc7e	
MUAudioRingBuffer	11	_hostPlaybackParamsCycleStartQuarter	01fadca0	
MUAudioRingBuffer	12	_hostPlaybackParamsCycleEndQuarter	01fadcc5	
MUAudioRingBuffer	13	_hostPlaybackParamsCursorTime	01fadce8	
MUAudioRingBuffer	14	_hostPlaybackParamsTempo	01fadd06	
MUAudioRingBuffer	15	_hostPlaybackParamsRenderSampleIndex	01fadd1f	
MUAudioRingBuffer	16	_localPlaybackRenderer	01fadd44	
MUAudioRingBuffer	17	_localScrubbingTimeProgressor	01fadd5b	
MUAudioRingBuffer	18	_localPlaybackPendingRequest	01fadd79	
MUAudioRingBuffer	19	_localPlaybackVolume	01fadd96	
MUAudioRingBuffer	20	_hostCycleTimeJump	01faddab	
MUAudioRingBuffer	21	_hostCycleChanged	01faddbe	
MUAudioRingBuffer	22	_preallocRenderSliceTimeContext	01faddd0	
MUAudioRingBuffer	23	_recordedTimeContexts	01faddf0	
MUAudioRingBuffer	24	_outOfSyncSamples	01fade06	
MUAudioRingBuffer	25	_lastHostTempo	01fade18	
MUAudioRingBuffer	26	_tempoMapRecordingState	01fade27	
MUAudioRingBuffer	27	_doRegisterObserver	01fade3f	
MUAudioRingBuffer	28	_awaitsFirstTransfer	01fade53	
MUAudioRingBuffer	29	_unconvertedParameterState	01fade68	
MUAudioRingBuffer	30	_renderLock	01fade83	
MUAudioRingBuffer	31	_callSimulateProcessSamples	01fade8f	
MUAudioRingBuffer	32	_realtimeStretchingEnabled	01fadeab	
MUAudioRingBuffer	33	_enquededAuxiliaryRenderersPending	01fadec6	
MUAudioRingBuffer	34	_processedAuxiliaryRenderers	01fadee9	
MUAudioRingBuffer	35	_addedAuxiliaryRenderers	01fadf06	
MUAudioRingBuffer	36	_removedAuxiliaryRenderers	01fadf1f	
MUAudioRingBuffer	37	_araDocumentController	01fadf3a	
MUAudioRingBuffer	38	_araPlaybackRegionsForPlayback	01fadf51	
MUAudioRingBuffer	39	_araPlaybackRegionsForPrelisten	01fadf70	
MUAudioRingBuffer	40	_araSequenceTracksForPrelisten	01fadf90	
MUAudioRingBuffer	41	_originalHostSelectedPlaybackRegions	01fadfaf	
MUAudioRingBuffer	42	_originalHostSelectedSequenceTracks	01fadfd4	
MUAudioRingBuffer	43	_filteredHostSelectedPlaybackRegions	01fadff8	
MUAudioSourceAnalyzerItem	0	_amplitudeEnvelope	0202019c	
MUAudioSourceAnalyzerItem	1	_tonalities	020201af	
MUAudioSourceAnalyzerItem	2	_signalEndSampleOffset	020201bb	
MUAudioSourceAnalyzerItem	3	_signalStartSampleOffset	020201d2	
MUAudioSourceAnalyzerItem	4	_decomposedAudioSignal	020201eb	
MUAudioSourceDescriptionRange	0	_detectionRange	0201fa2c	
MUAudioSourceDescriptionRange	1	_freqRatioFunction	0201fa3c	
MUAudioSourceDescriptionRange	2	_pitchOffsetFunction	0201fa4f	
MUAudioSourceDescriptionRange	3	_audioComponents	0201fa64	
MUAudioSourceDescriptionRange	4	_audioSourceComponent	0201fa75	
MUAudioSourceDescriptionRange	5	_renderInfo	0201fa8b	
MUAudioSourceDescriptionStretchMode	0	_stretchElements	02020e67	
MUAudioSourceDescriptionStretchMode	1	_separationChangeCount	02020e78	
MUAudioSourceDescriptionStretchMode	2	_leftElement	02020e8f	
MUAudioSourceDescriptionStretchMode	3	_rightElement	02020e9c	
MUAudioSourceDescriptionStretchMode	4	_trackedElements	02020eaa	
MUAudioSourceDescriptionStretchMode	5	_incidences	02020ebb	
MUAudioSourceDescriptionStretchMode	6	_principalAudioSourceComponent	02020ec7	
MUAudioSourceDescriptionStretchMode	7	_attackAudioSourceComponent	02020ee6	
MUAudioSourceDescriptionStretchMode	8	_sibilantAudioSourceComponent	02020f02	
MUAudioSourceDescriptionStretchMode	9	_audioSourceInstrument	02020f20	
MUAudioSourceDescriptionStretchMode	10	_amount	02020f37	
MUAudioSourceDescriptionStretchMode	11	_firstSpectrumTime	02020f3f	
MUAudioSourceDescriptionStretchMode	12	_spectraTimeDistance	02020f52	
MUAudioSourceDescriptionStretchMode	13	_spectra	02020f67	
MUAudioSourceDescriptionStretchMode	14	_compressedSpectra	02020f70	
MUAudioSourceDescriptionStretchMode	15	_timeSliceIndex	02020f83	
MUAudioSourceDescriptionStretchMode	16	_tonality	02020f93	
MUAudioSourceDescriptionStretchMode	17	_pitchCent	02020f9d	
MUAudioSourceDescriptionStretchMode	18	_filteredPitchCent	02020fa8	
MUAudioSourceDescriptionStretchMode	19	_pitchQualityWeight	02020fbb	
MUAudioSourceDescriptionStretchMode	20	_fundamentalMagnitude	02020fcf	
MUAudioSourceDescriptionStretchMode	21	_fundamentalTonalMagnitude	02020fe5	
MUAudioSourceDescriptionType	0	_highlightedElementDtype	01faac69	
MUAudioSourceDescriptionType	1	_showsSnake	01faac82	
MUAudioSourceDescriptionType	2	_snakeHeadPoint	01faac8e	
MUAudioSourceDescriptionType	3	_showsCursor	01faac9e	
MUAudioSourceDescriptionType	4	_highlightTime	01faacab	
MUAudioSourceDescriptionType	5	_highlightPitch	01faacba	
MUAudioSourceDescriptionType	6	_selectedTool	01faacca	
MUAudioSourceDescriptionType	7	_contextTool	01faacd8	
MUAudioSourceDescriptionType	8	_lastToolIndex	01faace5	
MUAudioSourceDescriptionType	9	_lastSubtoolIndex	01faacf4	
MUAudioSourceDescriptionType	10	_currentToolIndex	01faad06	
MUAudioSourceDescriptionType	11	_currentSubtoolIndex	01faad18	
MUAudioSourceDescriptionType	12	_selectionRect	01faad2d	
MUAudioSourceItem	0	_feedbackActivationQualityLimit	01fab615	
MUAudioSourceItem	1	_feebackUpperPitchLimit	01fab635	
MUAudioSourceItem	2	_feebackLowerPitchLimit	01fab64d	
MUAudioSourceItem	3	_timeOffset	01fab665	
MUAudioSourcePropertyPoint	0	_previousItemInSequence	02020409	
MUAudioSourcePropertyPoint	1	_nextItemInSequence	02020421	
MUAudioSourcePropertyPoint	2	_referenceInstrumentItem	02020435	
MUAudioSourcePropertyPoint	3	_harmonicSpectrum	0202044e	
MUAudioSourceSibilantItem	0	_audioSourceElement	020205bf	
MUAudioSourceSibilantItem	1	_suggestsSeparateComponentRenderers	020205d3	
MUAudioSourceSibilantItem	2	_polyphonicSeparationDirectoryIdentifier	020205f7	
MUAudioSourceSibilantItem	3	_pulseTimeline	02020620	
MUAuxiliaryViewButton	0	_timeMapper	01fb05a7	
MUAuxiliaryViewButton	1	_reflectsVisiblity	01fb05b3	
MUAuxiliaryViewButton	2	_cachedBeatGridLines	01fb05c6	
MUAuxiliaryViewButton	3	_isDynamicTimeGrid	01fb05db	
MUBarSignatureMapItem	0	_map	02028b2d	
MUBarSignatureMapItem	1	_sourceSignature	02028b32	
MUBarSignatureMapItem	2	_targetSignature	02028b43	
MUBarSignatureMapItem	3	_mapsTipletsToBeats	02028b54	
MUBarSignatureMapItem	4	_mapsTipletsToSwing	02028b68	
MUBarSignatureMapItem	5	_mapsSwingToTriplets	02028b7c	
MUBarSignatureMapItem	6	_nextMap	02028b91	
MUBarSignatureMapItem	7	_modeSequence	02028b9a	
MUBarSignatureMapItem	8	_sourceStartQuarter	02028ba8	
MUBarSignatureMapItem	9	_sourceEndQuarter	02028bbc	
MUBarSignatureMapItem	10	_targetStartQuarter	02028bce	
MUBarSignatureMapItem	11	_targetEndQuarter	02028be2	
MUBarSignatureMapItem	12	_quarterAssigmentFactor	02028bf4	
MUBarSignatureMapMode	0	_mapMode	02028c22	
MUBarSignatureMapMode	1	_anchorTimes	02028c2b	
MUBarSignatureMapMode	2	_resolutions	02028c38	
MUBarTimeline	0	_tempoRegions	020261c3	
MUBarTimeline	1	_quartersPerAnchor	020261d1	
MUBarTimeline	2	_tempoJumpQuarters	020261e4	
MUBarTimeline	3	_variableBeatCountEndAnchor	020261f7	
MUBarTimelineEntry	0	_isTransitional	0202a337	
MUBarTimelineEntry	1	_startBarIndexCache	0202a347	
MUBarTimelineEntry	2	_startBeatCache	0202a35b	
MUBarTimelineEntry	3	_audioModifications	0202a36b	
MUBeatSelection	0	_selectionIsTemporary	01fb2292	
MUBeatSelection	1	_isResizable	01fb22a8	
MUBeatSelection	2	_drawsBottomBorder	01fb22b5	
MUBeatSelection	3	_drawsTopBorder	01fb22c8	
MUBeatSelection	4	_showsRegionBar	01fb22d8	
MUBeatSelection	5	_tempoEditorDelegate	01fb22e8	
MUBeatSelection	6	_showsDestinationRegionStart	01fb22fd	
MUBeatSelection	7	_destinationRegionStartAlpha	01fb231a	
MUBeatSelection	8	_destinationRegionStart	01fb2337	
MUBeatSelection	9	_currentRegionStart	01fb234f	
MUBeatSelection	10	_selectedSubdivisionIndex	01fb2363	
MUBeatSelection	11	_enabledRegionIndex	01fb237d	
MUBezierFunctionPoint	0	_slope	0202133a	
MUBezierFunctionPoint	1	_isXLocked	02021341	
MUBezierFunctionPoint	2	_isYLocked	0202134c	
MUBezierFunctionPoint	3	_isOffsetToNextPointLocked	02021357	
MUBezierFunctionPoint	4	_leftControlPointXDelta	02021372	
MUBezierFunctionPoint	5	_leftControlPointYDelta	0202138a	
MUBezierFunctionPoint	6	_rightControlPointXDelta	020213a2	
MUBezierFunctionPoint	7	_rightControlPointYDelta	020213bb	
MUBezierFunctionPoint	8	_syncsSlopes	020213d4	
MUBezierFunctionPoint	9	_rootFifthsIndex	020213e1	
MUBezierFunctionPoint	10	_bassFifthsIndex	020213f2	
MUBezierFunctionPoint	11	_degreeBits	02021403	
MUBrowserDatabaseItemSource	0	_userColorIndex	02030e89	
MUBrowserDatabaseItemSource	1	_searchResults	02030e99	
MUBrowserDatabaseItemSource	2	_runningFindCount	02030ea8	
MUBrowserDatabaseItemSource	3	_resolvesAliases	02030eba	
MUBrowserItemType	0	_sources	01fb0260	
MUBrowserItemType	1	_columnBrowser	01fb0269	
MUBrowserItemType	2	_browserViewDelegate	01fb0278	
MUBrowserItemType	3	_tableColumns	01fb028d	
MUBrowserItemType	4	_queryQualifier	01fb029b	
MUBrowserItemType	5	_queryQualifierTimer	01fb02ab	
MUBrowserItemType	6	_isShowingProcessing	01fb02c0	
MUBrowserItemType	7	_processingTime	01fb02d5	
MUBrowserItemType	8	_showsPlaybackButtons	01fb02e5	
MUBrowserItemType	9	_showsIcons	01fb02fb	
MUBrowserItemType	10	_showsPreview	01fb0307	
MUBrowserItemType	11	_showsUserColors	01fb0315	
MUBrowserItemType	12	_objectsToSelectDelayed	01fb0326	
MUBrowserItemType	13	_rootItem	01fb033e	
MUBrowserLoopComponentItem	0	_loopItem	02031050	
MUBrowserLoopComponentItem	1	_loopComponent	0203105a	
MUBrowserLoopComponentItem	2	_iconCache	02031069	
MUBrowserLoopComponentItem	3	_minIconWidth	02031074	
MUBrowserLoopComponentItem	4	_subgenres	02031082	
MUBrowserLoopComponentItem	5	_supergenre	0203108d	
MUBrowserLoopItem	0	_componentItems	02030f8c	
MUBrowserLoopItem	1	_genre	02030f9c	
MUBrowserLoopItem	2	_songFolder	02030fa3	
MUBrowserLoopItem	3	_projectFolder	02030faf	
MUBrowserLoopItem	4	_workingSong	02030fbe	
MUBrowserLoopItem	5	_sessionSong	02030fcb	
MUBrowserLoopItem	6	_loopSetTitle	02030fd8	
MUBrowserLoopItem	7	_productionState	02030fe6	
MUBrowserLoopItem	8	_workingTitle	02030ff7	
MUBrowserView	0	_inspectedFileSources	01fac457	
MUBrowserView	1	_queryTextField	01fac46d	
MUBrowserView	2	_pathPopUpButton	01fac47d	
MUBrowserView	3	_fileAttributeLabel	01fac48e	
MUBrowserViewDelegate	0	_prelistenPerformanceRenderer	01fac40b	
MUBrowserViewDelegate	1	_prelistenFilePath	01fac429	
MUBrowserViewDelegate	2	_browserView	01fac43c	
MUCTCandidateChord	0	_chordType	0202eec3	
MUCTCandidateChord	1	_rootPitchClass	0202eece	
MUCTCandidateChord	2	_lowestNotePitchClass	0202eede	
MUCTCandidateChord	3	_satisfactionQuality	0202eef4	
MUCTCandidateChord	4	_intervalDeviation	0202ef09	
MUCTCandidateChord	5	_alienIntervals	0202ef1c	
MUCTCandidateChord	6	_omittedIntervals	0202ef2c	
MUCandidateScale	0	_degree	0202e7e9	
MUCandidateScale	1	_finalWeight	0202e7f1	
MUCandidateScale	2	_isNoteStart	0202e7fe	
MUCandidateScale	3	_durationWeight	0202e80b	
MUCandidateScale	4	_pitchCenterQuality	0202e81b	
MUCandidateScale	5	_tempValue	0202e82f	
MUChord	0	_tonic	0201f84f	
MUChord	1	_tuning	0201f856	
MUChord	2	_scale	0201f85e	
MUChord	3	_pitchClasses	0201f872	
MUChord	4	_audioSource	0201f880	
MUChord	5	_parameterSet	0201f88d	
MUChordAccidentalsTitleType	0	_accidentalsTitleType	020216ee	
MUChordAccidentalsTitleType	1	_keyForDegrees	02021704	
MUChordAccidentalsTitleType	2	_rootName	02021713	
MUChordAccidentalsTitleType	3	_chordTitleIndicators	0202171d	
MUChordAlternatives	0	_chordEntries	0202e86d	
MUChordAlternatives	1	_startBarIndex	0202e87b	
MUChordAlternatives	2	_endBarIndex	0202e88a	
MUChordAlternatives	3	_differenceToNextRegion	0202e897	
MUChordAlternatives	4	_candidateScales	0202e8af	
MUChordAlternatives	5	_pitchClassWeights	0202e8c0	
MUChordAlternatives	6	_fifthCircleWeightsForKeys	0202e8d3	
MUChordAlternatives	7	_floatFifthCirclePosition	0202e8ee	
MUChordAlternatives	8	_fifthCirclePositionWeight	0202e908	
MUChordAlternatives	9	_addedScaleIndex	0202e923	
MUChordAlternatives	10	_combiningDirection	0202e934	
MUChordAlternatives	11	_combiningQuality	0202e948	
MUChordAnalyzerParameterSet	0	_detectsBassNote	0202143b	
MUChordAnalyzerParameterSet	1	_detectsChordExtensions	0202144c	
MUChordAnalyzerParameterSet	2	_omitDoubtedThirds	02021464	
MUChordAnalyzerParameterSet	3	_detectsSingleMode	02021477	
MUChordAnalyzerParameterSet	4	_intervalWeights	0202148a	
MUChordAnalyzerParameterSet	5	_reflectsPitchSystem	0202149b	
MUChordAnalyzerParameterSet	6	_detectsPitchSystem	020214b0	
MUChordAnalyzerParameterSet	7	_assumesLowestPitchAsRoot	020214c4	
MUChordAnalyzerParameterSet	8	_assumesClosePosition	020214de	
MUChordAnalyzerParameterSet	9	_suggestsMissingThird	020214f4	
MUChordAnalyzerParameterSet	10	_suggestsMissingFifth	0202150a	
MUChordAnalyzerParameterSet	11	_reflectsBeatStrength	02021520	
MUChordAnalyzerParameterSet	12	_reflectsPitch	02021536	
MUChordAnalyzerParameterSet	13	_reflectsDynamic	02021545	
MUChordAnalyzerParameterSet	14	_reflectsDetectionQuality	02021556	
MUChordAnalyzerParameterSet	15	_extensionLimit	02021570	
MUChordAnalyzerParameterSet	16	_granularity	02021580	
MUChordAnalyzerParameterSet	17	_beatStrengthWeightning	0202158d	
MUChordAnalyzerParameterSet	18	_pitchWeightning	020215a5	
MUChordAnalyzerParameterSet	19	_dynamicWeightning	020215b6	
MUChordAnalyzerParameterSet	20	_detectionQualityWeightning	020215c9	
MUChordMinorTitleType	0	_minorTitleType	0202162f	
MUChordMinorTitleType	1	_lowercasesMinor	0202163f	
MUChordMinorTitleType	2	_major7TitleType	02021667	
MUChordParser	0	_workString	02021741	
MUChordParser	1	_chordIsDim	0202174d	
MUChordParser	2	_chordIsHalfDim	02021759	
MUChordParser	3	_chordIsAug	02021769	
MUChordParser	4	_chordIsDom	02021775	
MUChordParser	5	_baseChord	02021781	
MUChordParser	6	_extensionsChord	0202178c	
MUChordParser	7	_additionsChord	0202179d	
MUChordParser	8	_omitsChord	020217ad	
MUChordParser	9	_suspendedChord	020217b9	
MUChordParser	10	_alterationsChord	020217c9	
MUChordParser	11	_omitParsingSymbol	020217db	
MUChordParser	12	_majNumberPrefix	020217ee	
MUChordParser	13	_numberPrefixes	020217ff	
MUChordParser	14	_maj7Symbol	0202180f	
MUChordParser	15	_maj9Symbol	0202181b	
MUChordParser	16	_maj11Symbol	02021827	
MUChordParser	17	_maj13Symbol	02021834	
MUChordPreviewController	0	_chordPreviewController2	01fa5f0a	
MUChordPreviewController	1	_chordPreviewController	01fa5f23	
MUChordPreviewController	2	_part	01fa5f3b	
MUChordPreviewController	3	_autoanalyzesSplitsAndJoins	01fa5f41	
MUChordPreviewController	4	_previewsChords	01fa5f5d	
MUChordPreviewController	5	_showsDegrees	01fa5f6d	
MUChordPreviewController	6	_showsFunctions	01fa5f7b	
MUChordPreviewController	7	_hasOmittedThirds	01fa5f8b	
MUChordRootAnalyzer	0	_pluseTimeline	0202d893	
MUChordRootAnalyzer	1	_performanceForDetectionQuality	0202d8a2	
MUChordRootAnalyzer	2	_calcsAlternateChords	0202d8c2	
MUChordRootAnalyzer	3	_parameterSetEditor	0202d8d8	
MUChordRootAnalyzer	4	_analyzedBars	0202d8ec	
MUChordType	0	_usedIntervals	02021876	
MUChordType	1	_extensionNames	02021885	
MUChordType	2	_displayedExtension	02021895	
MUChordTypeAnalyzer	0	_pitchSystemSequence	0202d90e	
MUChordTypeAnalyzer	1	_beatDivision	0202d923	
MUChordTypeAnalyzer	2	_beatCount	0202d931	
MUChordTypeAnalyzer	3	_allStartBeat	0202d93c	
MUChordTypeAnalyzer	4	_notesAtSlices	0202d94a	
MUChordTypeAnalyzer	5	_notesAtBeats	0202d959	
MUChordTypeAnalyzer	6	_chordChangeWeightsAtBeats	0202d967	
MUChordTypeAnalyzer	7	_pitchClassWeightsAtBeats	0202d982	
MUChordTypeAnalyzer	8	_smoothedPitchClassWeightsAtBeats	0202d99c	
MUChordTypeAnalyzer	9	_isBlues	0202d9be	
MUChordTypeAnalyzer	10	_bluesRoot	0202d9c7	
MUChordTypeAnalyzer	11	_considersBlues	0202d9d2	
MUChordTypeAnalyzer	12	_bars	0202d9e2	
MUChordTypeAnalyzer	13	_scaleRegions	0202d9e8	
MUChordTypeAnalyzer	14	_localScaleRegions	0202d9f6	
MUChordTypeAnalyzer	15	_displayValuesAtBeats1	0202da09	
MUChordTypeAnalyzer	16	_displayValuesAtBeats2	0202da20	
MUChordTypeAnalyzer	17	_displayValuesAtBeats3	0202da37	
MUChordTypeAnalyzer	18	_displayValuesAtBeats4	0202da4e	
MUChordTypeAnalyzer	19	_scaleAlternativesAtBeats	0202da65	
MUChordTypeAnalyzer	20	_chordAlternativesSequence	0202da7f	
MUChordTypeAnalyzer	21	_subentries	0202da9a	
MUChordTypeAnalyzer	22	_alternateRoots	0202daa6	
MUChordTypeAnalyzer	23	_alternateExtensions	0202dab6	
MUChordTypeAnalyzer	24	_pitchCoveragePos	0202dacb	
MUChordTypeAnalyzer	25	_pitchCoverageNeg	0202dadd	
MUChordTypeAnalyzer	26	_unusedIntervalCount	0202daef	
MUChordTypeAnalyzer	27	_missingIntervalCount	0202db04	
MUChordTypeAnalyzer	28	_hasMajorSeventh	0202db1a	
MUChordTypeAnalyzer	29	_hasMinorSeventh	0202db2b	
MUChordTypeAnalyzer	30	_bassMatchesLowestPitchIndex	0202db3c	
MUClickRenderer	0	_samplesToRender	020218df	
MUClickRenderer	1	_clickSampleCountInv	020218f0	
MUClickRenderer	2	_phase	02021905	
MUClickRenderer	3	_freq	0202190c	
MUClickRenderer	4	_levelFactor	02021912	
MUClickRenderer	5	_clickStartSampleIndex	0202191f	
MUClickRenderer	6	_usedOutputChannelIndicies	02021936	
MUClickSlider	0	_tempoEditorChangedObserver	01fa858d	
MUClickSlider	1	_preferenceObserver	01fa85a9	
MUClickSlider	2	_featureSetDidChangeObserver	01fa85bd	
MUClickSlider	3	_timeGridChangedObserver	01fa85da	
MUClickSlider	4	_lastTime	01fa85f3	
MUClickSlider	5	_updateHelper	01fa85fd	
MUClickSlider	6	_currentTempoIsConstant	01fa860b	
MUClickSlider	7	_currentSignature	01fa8623	
MUCombiTool	0	_currentDescriptionType	01fab1f2	
MUCombiTool	1	_isElementEditingEnabled	01fab20a	
MUCombiTool	2	_lastAnalyzedAudioSourceDescription	01fab223	
MUCombiTool	3	_detectionView	01fab247	
MUCombiTool	4	_isForwardingHandleAction	01fab256	
MUCombiTool	5	_showsReferenceMidiNotes	01fab270	
MUCombiTool	6	_playingElements	01fab289	
MUDataPointLinearFunction	0	_showsRegionBorders	01fac0aa	
MUDataPointLinearFunction	1	_displayedAraAudioPlaybackRegion	01fac0be	
MUDataPointLinearFunction	2	_copyDataToController	01fac0df	
MUDataPointLinearFunction	3	_chordSequenceView	01fac0f5	
MUDataPointLinearFunction	4	_scaleModeSequenceView	01fac108	
MUDataPointLinearFunction	5	_editorToolbar	01fac11f	
MUDataPointLinearFunction	6	_editorSelectionDidChangeObserver	01fac12e	
MUDataPointLinearFunction	7	_didStartRecording	01fac150	
MUDataPointLinearFunction	8	_didAppendSamples	01fac163	
MUDataPointLinearFunction	9	_detectionTargetObserver	01fac175	
MUDataPointLinearFunction	10	_rootTrackObserver	01fac18e	
MUDataPointLinearFunction	11	_timelineBackToInitial	01fac1a1	
MUDataPointLinearFunction	12	_displayPerformanceObserver	01fac1b8	
MUDataPointLinearFunction	13	_selectedDocumentDidChangeObserver	01fac1d4	
MUDataPointLinearFunction	14	_followsHostScaleAndChordsChangedObserver	01fac1f7	
MUDataPointLinearFunction	15	_detectionStateObserver	01fac221	
MUDataPointLinearFunction	16	_selectedToolChangedObserver	01fac239	
MUDataPointLinearFunction	17	_araCompareTrack	01fac256	
MUDataPointLinearFunction	18	_followCursorOverwritten	01fac267	
MUDataPointLinearFunction	19	_followCursor	01fac280	
MUDebugBitmap	0	_onScreen	0202ec5a	
MUDebugBitmap	1	_offScreen	0202ec64	
MUDebugBitmap	2	_focusScreen	0202ec6f	
MUDecomposedAudioSignal	0	_owners	0202021a	
MUDecomposedAudioSignal	1	_pitchCenter	02020222	
MUDecomposedAudioSignal	2	_periods	0202022f	
MUDecomposedAudioSignal	3	_detectionQuality	02020238	
MUDecomposedAudioSignal	4	_idealStartPulse	0202024a	
MUDecomposedAudioSignal	5	_idealEndPulse	0202025b	
MUDecomposedAudioSignal	6	_isPreferredDivisionTriplets	0202026a	
MUDecomposedAudioSignal	7	_preferredSubPulsesIndex	02020287	
MUDecomposedAudioSignal	8	_isResidual	020202a0	
MUDecomposedAudioSignal	9	_rightSeparationTypeIsSetExplicitly	020202ac	
MUDecomposedAudioSignal	10	_leftAdjacentItem	020202d0	
MUDecomposedAudioSignal	11	_rightAdjacentItem	020202e2	
MUDecomposedAudioSignal	12	_audioSourceComponents	020202f5	
MUDecomposedAudioSignal	13	_analyzerItem	0202030c	
MUDecomposedAudioSignal	14	_anchorSampleOffset	0202031a	
MUDecomposedAudioSignal	15	_releaseSampleOffset	0202032e	
MUDecomposedAudioSignal	16	_pitchRelevanceSampleOffset	02020343	
MUDecomposedAudioSignal	17	_startSibilantEndSampleOffset	0202035f	
MUDecomposedAudioSignal	18	_endSibilantStartSampleOffset	0202037d	
MUDecomposedAudioSignal	19	_suggestedStartSibilantEndSampleOffset	0202039b	
MUDecomposedAudioSignal	20	_pitchIndexAssignmentOffset	020203c2	
MUDecomposedAudioSignal	21	_propertyPoints	020203de	
MUDecomposedAudioSignalCopyRegion	0	_sourceSignal	0202251e	
MUDecomposedAudioSignalCopyRegion	1	_targetSignal	0202252c	
MUDecomposedAudioSignalCopyRegion	2	_endSampleIndex	0202253a	
MUDecomposedAudioSignalCopyRegion	3	_fadeAtStart	0202254a	
MUDecomposedAudioSignalCopyRegion	4	_fadeAtEnd	02022557	
MUDegreeTitleType	0	_defaultDegreeTitlesType	0202d5dd	
MUDegreeTitleType	1	_modeOffsetIsLocked	0202d5f6	
MUDegreeTitleType	2	_modeFundamentalOffset	0202d60a	
MUDegreeTitleType	3	_modeFundamentalFifthsDirection	0202d621	
MUDegreeTitleType	4	_rootIndex	0202d641	
MUDegreeTitleType	5	_scaleTuning	0202d64c	
MUDegreeTitleType	6	_tuningPitchAnchor	0202d659	
MUDegreeTitleType	7	_westernStandardPitchIndexAnchor	0202d66c	
MUDegreeTitleType	8	_suggestedMinPitch	0202d68d	
MUDegreeTitleType	9	_suggestedMaxPitch	0202d6a0	
MUDegreeTitleType	10	_suggestedMinPitchIndex	0202d6b3	
MUDegreeTitleType	11	_suggestedMaxPitchIndex	0202d6cb	
MUDegreeTitleType	12	_stretching	0202d6ec	
MUDegreeTitleType	13	_mappingFunction	0202d6f8	
MUDegreeTitleType	14	_inverseMappingFunction	0202d709	
MUDegreeTitleType	15	_lowestStretchedPitch	0202d721	
MUDegreeTitleType	16	_highestStretchedPitch	0202d737	
MUDerivedFinalBeat	0	_beatIndex	02022575	
MUDerivedFinalBeat	1	_analyzedBeat	02022580	
MUDerivedFinalBeat	2	_analyzedTempoRegion	0202258e	
MUDetectionAmplitudeInsp	0	_factorField	01fb073b	
MUDetectionAmplitudeInsp	1	_savedFactors	01fb0748	
MUDetectionAmplitudeInsp	2	_steps	01fb0756	
MUDetectionBaseInsp	0	_spectrumBlendingSlider	01fb06b3	
MUDetectionBaseInsp	1	_tempoSlider	01fb06cb	
MUDetectionBaseInsp	2	_activationSlider	01fb06d8	
MUDetectionEditorRenderStyle	0	_renderStyle	01fab68e	
MUDetectionEditorRenderStyle	1	_spectrumRendererVolume	01fab69b	
MUDetectionEditorRenderStyle	2	_editedPerformance	01fab6b3	
MUDetectionEditorRenderStyle	3	_matrixImage	01fab6c6	
MUDetectionEditorRenderStyle	4	_matrixCenter	01fab6d3	
MUDetectionEditorRenderStyle	5	_attackActivationRect	01fab6e1	
MUDetectionEditorRenderStyle	6	_showsCursorFreqLines	01fab6f7	
MUDetectionEditorRenderStyle	7	_cursorPosition	01fab70d	
MUDetectionEditorRenderStyle	8	_movedCursorPosition	01fab71d	
MUDetectionEditorRenderStyle	9	_cursorFreqLinesAscending	01fab732	
MUDetectionEditorRenderStyle	10	_freqLineTransparency	01fab74c	
MUDetectionEditorRenderStyle	11	_attackItemTransparency	01fab762	
MUDetectionEditorRenderStyle	12	_attackItemLocation	01fab77a	
MUDetectionEditorRenderStyle	13	_sourceTimeForPerformanceTime	01fab78e	
MUDetectionEditorRenderStyle	14	_referenceDescList	01fab7ac	
MUDetectionEditorRenderStyle	15	_detectionReferenceTrack	01fab7bf	
MUDetectionEditorRenderStyle	16	_commonTimeOffset	01fab7d8	
MUDetectionEditorRenderStyle	17	_showsMatrixEnabled	01fab7ea	
MUDetectionEditorRenderStyle	18	_detectionEditorView	01fab7fe	
MUDetectionEditorRenderStyle	19	_aggregate	01fab813	
MUDetectionEditorRenderStyle	20	_fromMode	01fab81e	
MUDetectionEditorRenderStyle	21	_toMode	01fab828	
MUDetectionEditorRenderStyle	22	_isQuantizeTimePreviewEnabled	01fab830	
MUDetectionEditorRenderStyle	23	_isCorrectPitchPreviewEnabled	01fab84e	
MUDetectionPitchRelevanceInspector	0	_valueField	01fb085a	
MUDetectionPitchRelevanceInspector	1	_activationTool	01fb0866	
MUDetectionPitchRelevanceInspector	2	_separationTool	01fb0876	
MUDetectionPitchRelevanceInspector	3	_audioSourceItem	01fb0886	
MUDetectionQuarterAssignmentTool	0	_explicitSelectedIndicies	01fa7920	
MUDetectionQuarterAssignmentTool	1	_lastClickedObject	01fa793a	
MUDetectionQuarterAssignmentTool	2	_startIndex	01fa794d	
MUDetectionQuarterAssignmentTool	3	_endIndex	01fa7959	
MUDetectionSeparationTypeTool	0	_enableToggleSuggestsSeparateComponentRenderer	01fb0916	
MUDetectionSeparationTypeTool	1	_timeGrids	01fb0945	
MUDetectionSeparationTypeTool	2	_inverseWarpFunction	01fb0950	
MUDetectionSeparationTypeTool	3	_displayedStartTime	01fb0965	
MUDetectionSeparationTypeTool	4	_maxPixelsPerSecond	01fb0979	
MUDetectionSeparationTypeTool	5	_minPixelsPerSecond	01fb098d	
MUDetectionSeparationTypeTool	6	_snapsToTimeGrid	01fb09a1	
MUDisplayPerformanceTimeMapper	0	_allTimeGrids	01fa6b03	
MUDisplayPerformanceTimeMapper	1	_editorViews	01fa6b11	
MUDisplayPerformanceTimeMapper	2	_multiTrackViews	01fa6b1e	
MUDisplayPerformanceTimeMapper	3	_postChangesDisabled	01fa6b2f	
MUDisplayTimeMapperGridLine	0	_subGridLevel	01fb09ce	
MUDisplayTimeMapperGridLine	1	_xCoord	01fb09dc	
MUDisplayTimeMapperGridLine	2	_noteRealization	01fb09e4	
MUDisplayTimeMapperGridLine	3	_note	01fb09f5	
MUDocument	0	_editorContext	01fa7cb2	
MUDocument	1	_browserInspector	01fa7cc1	
MUDocument	2	_browserItem	01fa7cd3	
MUDocument	3	_isPlaybackButtonPressed	01fa7ce0	
MUDocument	4	_lastShouldObserverOurselfTime	01fa7cf9	
MUDocument	5	_didRequestPlayBack	01fa7d18	
MUDocument	6	_removeButton	01fa7d2c	
MUDocument	7	_destinationDocument	01fa7d3a	
MUDocument	8	_insertTime	01fa7d4f	
MUDocument	9	_insertQuarter	01fa7d5b	
MUDocument	10	_referenceTrack	01fa7d6a	
MUDocument	11	_definesTempoIfNeeded	01fa7d7a	
MUDocument	12	_autoStretchesIfNeeded	01fa7d90	
MUDocument	13	_isDocumentUnstable	01fa7da7	
MUDocumentMidiImporter	0	_slaveElements	02022737	
MUDocumentMidiImporter	1	_masterElement	02022746	
MUDocumentMidiImporter	2	_isSlaveElementValid	02022755	
MUDocumentMidiImporter	3	_isSlaveElementEndTimeValid	0202276a	
MUDocumentMidiImporter	4	_isSyncingToMasterOrValidatingCaches	02022786	
MUDocumentMidiImporter	5	_decayStartPoint	020227ab	
MUDocumentMidiImporter	6	_decayEndPoint	020227bc	
MUEditorPitchSystemCache	0	_developerInfo	01fab571	
MUEditorPitchSystemCache	1	_audioSourceDescription	01fab580	
MUEditorPitchSystemCache	2	_editingPerformance	01fab598	
MUEditorPitchSystemCache	3	_editingComposition	01fab5ac	
MUEditorPitchSystemCache	4	_editedView	01fab5c0	
MUEditorPitchSystemCache	5	_itemViews	01fab5cc	
MUEditorSelection	0	_selectionStackObserver	01faae7b	
MUEditorSelection	1	_didUndoSelection	01faae93	
MUEditorSelection	2	_windowDidBecomeMainNotificationRegistered	01faaea5	
MUEditorSelection	3	_showsNotes	01faaed0	
MUEditorSelection	4	_showsElements	01faaedc	
MUEditorSelection	5	_showsTails	01faaeeb	
MUEditorSelection	6	_showsNoteSeparations	01faaef7	
MUEditorSelection	7	_showsElementPositionInfo	01faaf0d	
MUEditorSelection	8	_doubleClickZoomHistoryValid	01faaf27	
MUEditorSelection	9	_doubleClickZoomHistoryTimeRange	01faaf44	
MUEditorSelection	10	_doubleClickZoomHistoryPitchRange	01faaf65	
MUEditorSelection	11	_prelistenTimeProgressor	01faaf87	
MUEditorSeparationView	0	_highlightedSubview	01faac10	
MUEditorSeparationView	1	_highlightedElement	01faac24	
MUEditorSeparationView	2	_elementToHighlight	01faac38	
MUEditorViewDisplaySelectionHint	0	_chordPitchSystemCache	0202fac1	
MUEditorViewDisplaySelectionHint	1	_chordScalePitchSystemCache	0202fad8	
MUEditorViewDisplaySelectionHint	2	_gridPitchSystemCache	0202faf4	
MUEditorViewDisplaySelectionHint	3	_timePitchSystem	0202fb0a	
MUEditorZoomAnimationMask	0	_animatingZoomActive	01faaa55	
MUEditorZoomAnimationMask	1	_animatingASDAsd	01faaa6a	
MUEditorZoomAnimationMask	2	_animatingASDTransition	01faaa7b	
MUEditorZoomAnimationMask	3	_animatingASDStartTime	01faaa93	
MUEditorZoomAnimationMask	4	_animatingASDDuration	01faaaaa	
MUEditorZoomAnimationMask	5	_animatingASDMidPitchCenter	01faaac0	
MUEditorZoomAnimationMask	6	_tracks	01faaadc	
MUEditorZoomAnimationMask	7	_referenceTracks	01faaae4	
MUEditorZoomAnimationMask	8	_dropRect	01faaaf5	
MUEditorZoomAnimationMask	9	_selectedTracks	01faaaff	
MUEditorZoomAnimationMask	10	_pixelsPerCent	01faab0f	
MUEditorZoomAnimationMask	11	_showsSelectionGuides	01faab1e	
MUEditorZoomAnimationMask	12	_minPitch	01faab34	
MUEditorZoomAnimationMask	13	_maxPitch	01faab3e	
MUEditorZoomAnimationMask	14	_elementViewsForElementCache	01faab48	
MUEditorZoomAnimationMask	15	_elementViews	01faab65	
MUEditorZoomAnimationMask	16	_referenceElementViewsForElementCache	01faab73	
MUEditorZoomAnimationMask	17	_referenceElementViews	01faab99	
MUElementAnalyzerEngine	0	_displayMatrixTimeSliceCount	02020b5a	
MUElementAnalyzerEngine	1	_displayMatrixStartSliceIndex	02020b77	
MUElementAnalyzerEngine	2	_displayMatrixStartSliceIndexInRingBuffer	02020b95	
MUElementAnalyzerEngine	3	_energyRawMatrix	02020bbf	
MUElementAnalyzerEngine	4	_bufferedSpectralTimeSlices	02020bd0	
MUElementAnalyzerEngine	5	_timeSliceParameterBuffer	02020bec	
MUElementAnalyzerEngineStaticTables	0	_rangesByAudioSourceItem	02023704	
MUElementAnalyzerEngineStaticTables	1	_playsSpectrumOnly	0202371d	
MUElementAnalyzerEngineStaticTables	2	_targetTrack	02023730	
MUElementAnalyzerUndoHelper	0	_vibratoStartSampleIndex	02029a0c	
MUElementAnalyzerUndoHelper	1	_vibratoSampleCount	02029a25	
MUElementAnalyzerUndoHelper	2	_vibratoPeriodSampleCount	02029a39	
MUElementAnalyzerUndoHelper	3	_certainVibratoStartSampleIndex	02029a53	
MUElementAnalyzerUndoHelper	4	_certainVibratoSampleCount	02029a73	
MUElementAnalyzerUndoHelper	5	_certainVibratoPeriodSampleCount	02029a8e	
MUElementPitchInspector	0	_noteNameField	01fb0bd7	
MUElementPitchInspector	1	_centOffsetField	01fb0be6	
MUElementPitchInspector	2	_frequencyField	01fb0bf7	
MUElementPitchInspector	3	_savedPitchIndexes	01fb0c07	
MUElementPitchInspector	4	_pitchOffsetFormatter	01fb0c1a	
MUElementPitchInspector	5	_frequencyFormatter	01fb0c30	
MUElementRealtimeInfo	0	_amplitudeFadeInEndSourceTime	0202293e	
MUElementRealtimeInfo	1	_amplitudeFadeOutStartSourceTime	0202295c	
MUElementRealtimeInfo	2	_amplitudeFadeInShapePow	0202297d	
MUElementRealtimeInfo	3	_amplitudeFadeOutShapePow	02022996	
MUElementRealtimeInfo	4	_sibilantBalance	020229b0	
MUElementRealtimeInfo	5	_formantOffset	020229c1	
MUElementRealtimeInfo	6	_attackDuration	020229d0	
MUElementRealtimeInfo	7	_sourceTimeForElementTimeFunctionAttackSlope	020229e0	
MUElementRealtimeInfo	8	_attackSlopeFactor	02022a0d	
MUElementRealtimeInfo	9	_warpTimeForElementTimeFunction	02022a20	
MUElementRealtimeInfo	10	_sourceTimeForWarpTimeFunction	02022a40	
MUElementRealtimeInfo	11	_amplitudeFunctionCache	02022a5f	
MUElementRealtimeInfo	12	_fadeInTime	02022a77	
MUElementRealtimeInfo	13	_fadeOutTime	02022a83	
MUElementRealtimeInfo	14	_sourceTimeForElementTimeFunctionExceedsDuration	02022a90	
MUElementRealtimeInfo	15	_amplitudeFactorFunctionCache	02022ac1	
MUElementRealtimeInfo	16	_formantRatioFunctionCache	02022adf	
MUElementRealtimeInfo	17	_displayPitchFunctionCache	02022afa	
MUElementRealtimeInfo	18	_playbackPitchRatioFunctionCache	02022b15	
MUElementRealtimeInfo	19	_vibratoCache	02022b36	
MUElementRealtimeInfo	20	_initialTimeStretchingOffset	02022b44	
MUElementRealtimeInfo	21	_didFixDetection	02022b61	
MUElementRealtimeInfo	22	_didFixTime	02022b72	
MUElementRealtimeInfo	23	_didFixPitch	02022b7e	
MUElementRealtimeInfo	24	_didAddAndMute	02022b8b	
MUElementRealtimeInfo	25	_didShiftTime	02022b9a	
MUElementRealtimeInfo	26	_engines	02022ba8	
MUElementRealtimeInfo	27	_isPolyphonicDetectionDisabled	02022bb1	
MUElementRealtimeInfo	28	_usedDuration	02022bd0	
MUElementRealtimeInfo	29	_usedSampleCount	02022bde	
MUElementRealtimeInfo	30	_engineDuration	02022bef	
MUElementRealtimeInfo	31	_engineTimeIncrement	02022bff	
MUElementRealtimeInfo	32	_maxPropertyPointNumber	02022c14	
MUElementRealtimeInfo	33	_reducePropertyPointsToHalf	02022c2c	
MUElementRealtimeInfo	34	_spectrogramMagnitudeSums	02022c48	
MUElementRealtimeInfo	35	_analyzerCanSwitchToPolyphonicDetection	02022c62	
MUElementRealtimeInfo	36	_analyzerDidSwitchToPolyphonicDetection	02022c8a	
MUElementRealtimeInfo	37	_expectedEngineCount	02022cb2	
MUElementRealtimeInfo	38	_prevProgressTime	02022cc7	
MUElementRealtimeInfo	39	_skipAudioSeparation	02022cd9	
MUElementRealtimeInfo	40	_skipTempoDetection	02022cee	
MUElementRealtimeInfo	41	_givenTimeline	02022d02	
MUElementRealtimeInfo	42	_firesNotifications	02022d11	
MUElementRealtimeInfo	43	_allTempoPeriodColumns	02022d25	
MUElementRealtimeInfo	44	_allTempoRegions	02022d3c	
MUElementRealtimeInfo	45	_usedBeats	02022d4d	
MUElementRealtimeInfo	46	_rhythmPeakDataSize	02022d58	
MUElementRealtimeInfo	47	_rhythmPeakDataValuesPerSecond	02022d6c	
MUElementRealtimeInfo	48	_tempoPointsPerSecond	02022d8b	
MUElementRealtimeInfo	49	_tempoDetectionStartTime	02022da1	
MUElementRealtimeInfo	50	_testParameterValues1	02022dba	
MUElementRealtimeInfo	51	_testParameterValues2	02022dd0	
MUElementRealtimeInfo	52	_testParameterValues3	02022de6	
MUElementRealtimeInfo	53	_testParameterValues4	02022dfc	
MUElementRealtimeInfo	54	_testVerticalArrayValues	02022e12	
MUElementRealtimeInfo	55	_testValuesList1	02022e2b	
MUElementRealtimeInfo	56	_testValuesList2	02022e3c	
MUElementRealtimeInfo	57	_testValuesList3	02022e4d	
MUElementRealtimeInfo	58	_testValuesList4	02022e5e	
MUElementRealtimeInfo	59	_aTestFlag1	02022e6f	
MUElementRealtimeInfo	60	_aTestFlag2	02022e7b	
MUElementRealtimeInfo	61	_aTestFlag3	02022e87	
MUElementRealtimeInfo	62	_aTestFlag4	02022e93	
MUElementRealtimeInfo	63	_aTestValue1	02022e9f	
MUElementRealtimeInfo	64	_aTestValue2	02022eac	
MUElementRealtimeInfo	65	_aTestValue3	02022eb9	
MUElementRealtimeInfo	66	_aTestValue4	02022ec6	
MUElementRealtimeInfo	67	_aTestMode	02022ed3	
MUElementRealtimeInfo	68	_engineSampleOffset	02022ede	
MUElementRealtimeInfo	69	_engineIndex	02022ef2	
MUElementRealtimeInfo	70	_originalSignal	02022eff	
MUElementRealtimeInfo	71	_originalSignalBufferWithMargin	02022f0f	
MUElementRealtimeInfo	72	_nonSilentSampleCount	02022f2f	
MUElementRealtimeInfo	73	_propertyPointsMagnitudeToEnvelopeAmplitudeFactorSum	02022f45	
MUElementRealtimeInfo	74	_propertyPointsMagnitudeToEnvelopeAmplitudeFactorWeightSum	02022f7a	
MUElementRealtimeInfo	75	_noteSeparations	02022fb5	
MUElementRealtimeInfo	76	_percussiveSeparations	02022fc6	
MUElementRealtimeInfo	77	_isPercussive	02022fdd	
MUElementRealtimeInfo	78	_isPolyphonic	02022feb	
MUElementRealtimeInfo	79	_pitchJumpsSum	02022ff9	
MUElementRenderCluster	0	_effectChain	0202284c	
MUElementRenderCluster	1	_pitchModulationFactor	02022859	
MUElementRenderCluster	2	_pitchDriftFactor	02022870	
MUElementRenderCluster	3	_followingJoin	02022882	
MUElementRenderCluster	4	_precedingElement	02022891	
MUElementRenderCluster	5	_precedingJoin	020228a3	
MUElementRenderCluster	6	_followingElement	020228b2	
MUElementRenderCluster	7	_anchorPoint	020228c4	
MUElementRenderCluster	8	_releasePoint	020228d1	
MUElementRenderCluster	9	_sourceTimeForElementTimeFunction	020228df	
MUElementRenderCluster	10	_principalAudioComponent	02022901	
MUElementRenderCluster	11	_realtimeInfo	0202291a	
MUElementStretchingMode	0	_elementStretchingMode	020209e6	
MUElementStretchingMode	1	_hasBestTempoDetection	020209fd	
MUElementStretchingMode	2	_didRecalcAllElementsPeriodsAndPitchCentersFromDecomposedAudioSignals	02020a14	
MUElementStretchingMode	3	_analyzerParameterSet	02020a5a	
MUElementStretchingMode	4	_currentAdjustAttacksParameterSet	02020a70	
MUElementStretchingMode	5	_appliedAdjustAttacksParameterSet	02020a92	
MUElementStretchingMode	6	_modelSpectrumSignalsCache	02020ab4	
MUElementStretchingMode	7	_aTestFlag	02020acf	
MUElementStretchingMode	8	_useOverallResidualItems	02020ada	
MUElementStretchingMode	9	_updateDecomposedAudioSignalsImmediately	02020af3	
MUElementStretchingMode	10	_elementAnalyzerEngineForStaticTables	02020b1c	
MUEnvelopeDrawPath	0	_envelopeParamsRecDrawPath	01faa85c	
MUEnvelopeDrawPath	1	_envelopeParamsLastUpdateTime	01faa877	
MUEnvelopeDrawPath	2	_feedsbackEnergyClaimFactor	01faa895	
MUEnvelopeDrawPath	3	_energyClaimFactor	01faa8b1	
MUEnvelopeDrawPath	4	_isElementEditable	01faa8c4	
MUEnvelopeDrawPath	5	_showsAmplitudeFactorFunctions	01faa8d7	
MUEnvelopeDrawPath	6	_showsSourceTimeForElementTimeFunctions	01faa8f6	
MUEnvelopeDrawPath	7	_showsBarPositions	01faa91e	
MUEnvelopeDrawPath	8	_currentEnvelopeSquareness	01faa931	
MUEnvelopeDrawPath	9	_envelopeSquarenessTarget	01faa94c	
MUEnvelopeDrawPath	10	_animatingZoomDuration	01faa966	
MUEnvelopeDrawPath	11	_animatingZoomStartTime	01faa97d	
MUEnvelopeDrawPath	12	_animatingZoomStartRect	01faa995	
MUEnvelopeDrawPath	13	_animatingZoomSrcTimeRange	01faa9ad	
MUEnvelopeDrawPath	14	_animatingZoomDstTimeRange	01faa9c8	
MUEnvelopeDrawPath	15	_animatingZoomSrcPitchRange	01faa9e3	
MUEnvelopeDrawPathDataSource	0	_element	01faa75f	
MUEnvelopeDrawPathDataSource	1	_fadeInDrawPath	01faa768	
MUEnvelopeDrawPathDataSource	2	_fadeOutDrawPath	01faa778	
MUEnvelopeDrawPathDataSource	3	_borderPath	01faa789	
MUEnvelopeDrawPathDataSource	4	_waveformPath	01faa795	
MUEnvelopeDrawPathDataSource	5	_pitchPaths	01faa7a3	
MUEnvelopeDrawPathDataSource	6	_drawingBounds	01faa7af	
MUEnvelopeDrawPathDataSource	7	_needsUpdateFrame	01faa7be	
MUEnvelopeDrawPathDataSource	8	_pixelPerCent	01faa7d0	
MUEnvelopeDrawPathDataSource	9	_playingAnimation	01faa7de	
MUEnvelopeDrawPathDataSource	10	_notOnTrack	01faa7f0	
MUEnvelopeDrawPathDataSource	11	_showsPitchCurve	01faa7fc	
MUEnvelopeDrawPathDataSource	12	_time	01faa80d	
MUEnvelopeDrawPathDataSource	13	_displayPitchCenterTransition	01faa813	
MUEnvelopeDrawPathDataSource	14	_envelopeParamsDrawPath	01faa831	
MUEnvelopePath	0	_lastRecordingUpdate	01fa7392	
MUEnvelopePath	1	_progressInfo	01fa73a7	
MUEnvelopePath	2	_amplitudeFloats	01fa73b5	
MUEnvelopePath	3	_rebuildEnvelopeTime	01fa73c6	
MUEnvelopePath	4	_selectedItems	01fa73db	
MUEnvelopePathDataSource	0	_progressString	01fa7348	
MUEnvelopePathDataSource	1	_trackElement	01fa7358	
MUEnvelopePathDataSource	2	_showsProgress	01fa7366	
MUEnvelopePathDataSource	3	_envelopePath	01fa7375	
MUEqualBeatsRange	0	_firstIndex	0202374f	
MUEqualBeatsRange	1	_firstBeatPosition	0202375b	
MUEqualBeatsRange	2	_averagePeriod	0202376e	
MUEqualBeatsRange	3	_isValid	0202377d	
MUFaderRenderer	0	_volumeInc	02023953	
MUFaderRenderer	1	_volumeSteps	0202395e	
MUFaderRenderer	2	_filterArray	0202396b	
MUFaderRenderer	3	_filteredValuesArray	02023978	
MUFaderRenderer	4	_filterArraySize	0202398d	
MUFaderRenderer	5	_filteredValuesArraySize	0202399e	
MUFaderRenderer	6	_filterDoubleArray	020239b7	double *
MUFaderRenderer	7	_filteredValuesDoubleArray	020239d3	
MUFaderRenderer	8	_filterDoubleArraySize	020239ee	
MUFaderRenderer	9	_filteredValuesDoubleArraySize	02023a05	
MUFilterEngine	0	_sampleFramesToNextUpdate	02021a7c	
MUFilterEngine	1	_lastSampleFramesToNextUpdate	02021a96	
MUFilterEngine	2	_isFirstComponentInQueue	02021ab4	
MUFilterEngine	3	_allowPeriodBasedPhaseReset	02021acd	
MUFilterEngine	4	_isSibilant	02021ae9	
MUFilterEngine	5	_previousElementStartInPerformanceTime	02021af5	
MUFilterEngine	6	_sourceComponentFadeOutSamplePositionInSource	02021b1c	
MUFilterEngine	7	_outputReadBufferOfChannel	02021b4a	
MUFilterEngine	8	_outputReadBufferSize	02021b65	
MUFilterEngine	9	_processingBufferSize	02021b7b	
MUFilterEngine	10	_processedChannelCount	02021b91	
MUFilterEngine	11	_sampleRateReductionForOutputReadBuffer	02021ba8	
MUFilterEngine	12	_sampleRateReductionForFourierProcessing	02021bd0	
MUFilterEngine	13	_sampleRateReductionsRatio	02021bf9	
MUFilterEngine	14	_currentPhasesOfChannel	02021c14	fcomplex **
MUFilterEngine	15	_currentPhaseIncrementsOfChannel	02021c38	
MUFilterEngine	16	_currentSpectrumOfChannel	02021c59	
MUFilterEngine	17	_accumulatedPhasesOfChannel	02021c73	
MUFilterEngine	18	_previousPhasesOfChannel	02021c8f	
MUFilterEngine	19	_currentAmpsOfChannel	02021ca8	
MUFilterEngine	20	_previousAmpsOfChannel	02021cbe	
MUFilterEngine	21	_binPhaseProcessingCount	02021cd5	char *
MUFilterEngine	22	_fourierTransformer	02021cf5	
MUFilterEngine	23	_magnitudeValues	02021d09	
MUFilterEngine	24	_spectrumMagnitudeFactors	02021d1a	
MUFilterEngine	25	_calcAuxBuffer0	02021d34	
MUFilterEngine	26	_calcAuxBuffer1	02021d44	
MUFilterEngine	27	_prevPhaseIncrements	02021d54	fcomplex *
MUFilterEngine	28	_processingBuffersOfChannel	02021d74	
MUFilterEngine	29	_complexSpectrumOfChannel	02021d90	
MUFilterEngine	30	_outputValues	02021daa	
MUFilterEngine	31	_sourceReadBufferOfChannel	02021db8	
MUFilterEngine	32	_fadeBufferOfChannel	02021dd3	
MUFilterEngine	33	_positionInOutputReadBuffer	02021de8	
MUFilterEngine	34	_outputReadBufferValidRegionEndIndex	02021e04	
MUFilterEngine	35	_currentBlockStepSizeInOutputReadBuffer	02021e29	
MUFilterEngine	36	_constantProcessBlockSize	02021e51	
MUFilterEngine	37	_outputReadBufferValidRegionEndIndexDouble	02021e6b	
MUFilterEngine	38	_sourceSampleIndexForOutputReadBufferStart	02021e96	
MUFilterEngine	39	_currentSourcePeriod	02021ec1	
MUFilterEngine	40	_bufferStartTime	02021ed6	
MUFilterEngine	41	_bufferEndTime	02021ee7	
MUFilterEngine	42	_sourceSamplePositionIncrementForOriginalTempo	02021ef6	
MUFilterEngine	43	_invSourceSamplePositionIncrementForOriginalTempo	02021f25	
MUFilterEngine	44	_useCubicInterpolation	02021f57	
MUFilterEngine	45	_sumStereoToMono	02021f6e	
MUFilterEngine	46	_processStereoChannelsSeparately	02021f7f	
MUFilterEngine	47	_shouldUseMidAndSideSignal	02021fa0	
MUFilterEngine	48	_useMidAndSideSignal	02021fbb	
MUFilterEngine	49	_isFadingIn	02021fd0	
MUFilterEngine	50	_isFadingOut	02021fdc	
MUFilterEngine	51	_outputReadBufferIsFaded	02021fe9	
MUFollowCursorState	0	_followCursorState	01fa6bd9	
MUFollowCursorState	1	_isPlayingBack	01fa6bec	
MUFollowCursorState	2	_cursorWasVisible	01fa6bfb	
MUFollowCursorState	3	_cursorXCoord	01fa6c0d	
MUFollowCursorState	4	_displayedItems	01fa6c1b	
MUFollowCursorState	5	_itemStorage	01fa6c2b	
MUFollowCursorState	6	_lastSelectedItem	01fa6c38	
MUFollowCursorState	7	_performance	01fa6c4a	
MUFormant	0	_frequency	01fb282d	
MUFormant	1	_amplitude	01fb2838	
MUFormant	2	_bandwidth	01fb2843	
MUFretInstrument	0	_openStringPitchIndexes	02029b39	
MUFretInstrument	1	_pitchIndexes	02029b51	
MUFretInstrument	2	_startQuarterCache	02029b5f	
MUFretInstrument	3	_endQuarterCache	02029b72	
MUFretInstrument	4	_partCache	02029b83	
MUFretInstrumentVoicing	0	_playability	02029ba6	
MUFretInstrumentVoicing	1	_fretDisplayOffset	02029bb3	
MUFretInstrumentVoicing	2	_fingersOnStrings	02029bc6	
MUFunctionPolarity	0	_polarity	0202123f	
MUFunctionPolarity	1	_cachesDerivedFunctions	02021249	
MUFunctionPolarity	2	_isCacheMember	02021261	
MUFunctionPolarity	3	_xDistanceResolutionForLinearApproximation	02021270	
MUFunctionPolarity	4	_yDistanceResolutionForLinearApproximation	0202129b	
MUFunctionPolarity	5	_cachedLinearApproximation	020212c6	
MUFunctionPolarity	6	_cachedInverseLinearApproximation	020212e1	
MUFunctionPolarity	7	_didRequestCacheValidation	02021303	
MUFunctionView	0	_maxLocation	01fb0e9a	
MUFunctionView	1	_minLocation	01fb0ea7	
MUFunctionView	2	_maxDisplayValue	01fb0eb4	
MUFunctionView	3	_minDisplayValue	01fb0ec5	
MUFunctionView	4	_function	01fb0ed6	
MUFunctionView	5	_selectedPoints	01fb0ee0	
MUGrooveBasedGrooveAssignment	0	_deviationOffset	020296ed	
MUGrooveBasedGrooveAssignment	1	_grooveItemIndex	020296fe	
MUGrooveBasedGrooveAssignment	2	_maximumIndex	0202970f	
MUGrooveBasedGrooveAssignment	3	_relDeviation	0202971d	
MUGrooveBasedGrooveAssignment	4	_quarterDeviation	0202972b	
MUGrooveBasedGrooveAssignmentEntry	0	_barSignature	0202967b	
MUGrooveBasedGrooveAssignmentEntry	1	_grooveSignal	02029689	
MUGrooveBasedGrooveAssignmentEntry	2	_maxima	02029697	
MUGrooveBasedGrooveAssignmentEntry	3	_targetQuarters	0202969f	
MUGrooveBasedGrooveAssignmentEntry	4	_targetTimes	020296af	
MUGrooveBasedGrooveAssignmentEntry	5	_grooveAssignments	020296bc	
MUHeaderViewAssoc	0	_isDirty	02030cdc	
MUHeaderViewAssoc	1	_isInsert	02030ce5	
MUHeaderViewAssoc	2	_drawPaths	02030cef	
MUIncrementedFloatValue	0	_amplitudeFactor	02021a34	
MUIncrementedFloatValue	1	_sourcePeriodLastLeftPointIndex	02021a45	
MUIncrementedFloatValue	2	_filter	02021a65	
MUJobCompletionLock	0	_araPendingJobsLock	01fabb28	
MUJobCompletionLock	1	_insertGroup	01fabb3c	
MUJobCompletionLock	2	_recordingAmplitudeAnalyzer	01fabb49	
MULSSComponentRenderer	0	_currentComponent	02021984	
MULSSComponentRenderer	1	_components	02021996	
MULSSComponentRenderer	2	_lastRightAdjacentItem	020219a2	
MULSSComponentRenderer	3	_sourceSamplePosition	020219b9	
MULSSElementRenderRequest	0	_componentRenderers	02024840	
MULSSElementRenderRequest	1	_performanceTimeOffset	02024854	
MULSSElementRenderRequest	2	_resetsPerformanceTimeOffsetOnNextJump	0202486b	
MULSSElementRenderRequest	3	_renderStartSampleIndex	02024892	
MULSSElementRenderRequest	4	_elementTime	020248aa	
MULSSElementRenderRequest	5	_isPlaying	020248b7	
MULSSElementRenderRequest	6	_activeComponents	020248c2	
MULSSElementRenderRequest	7	_pitchOffset	020248d4	
MULSSElementRenderRequest	8	_spectrumShaperParameterSet	020248e1	
MULSSElementRenderRequest	9	_skipsResidualElements	020248fd	
MULSSElementRenderRequest	10	_sourcePlaybackAmplitudeFactor	02024914	
MULSSElementRenderRequest	11	_spectrumPlaybackAmplitudeFactor	02024933	
MULSSElementRenderRequest	12	_testValue1	02024954	
MULSSElementRenderRequest	13	_testFlag1	02024960	
MULSSElementRenderRequest	14	_testFlag2	0202496b	
MULSSElementRenderRequest	15	_refersToSpectrumShaperParameterSet	02024976	
MULSSElementRenderRequest	16	_activeElementRenderers	0202499a	
MULSSElementRenderRequest	17	_elementRendererPool	020249b2	
MULSSElementRenderRequest	18	_assembledElementRendererCount	020249c7	
MULSSElementRenderRequest	19	_preallocationPoolKeys	020249e6	
MULSSElementRenderRequest	20	_componentRendererPool	020249fd	
MULSSElementRenderRequest	21	_componentSpectrumRendererPool	02024a14	
MULSSElementRenderRequest	22	_displayInfoBuffers	02024a33	
MULibraryFileKind	0	_lastModifiedCache	02023b9a	
MULibraryFileKind	1	_localFilePathCache	02023bad	
MULibraryFileKind	2	_ownerCache	02023bc1	
MULoop	0	_isPlaceholder	02023cdb	
MULoop	1	_loopId	02023cea	
MULoop	2	_tagSet	02023cf2	
MULoopAssetPresentationType	0	_presentationType	02024685	
MULoopAssetPresentationType	1	_focusRect	02024697	
MULoopAssetPresentationType	2	_referredFile	020246a2	
MULoopAssetPresentationType	3	_videoPreviewImage	020246b0	
MULoopAssetPresentationType	4	_covers	020246c3	
MULoopAttributeAspect	0	_userTitle	020272be	
MULoopAttributeAspect	1	_layoutHint	020272c9	
MULoopAttributeAspect	2	_universalMatchInfo	020272d5	
MULoopAttributeAspect	3	_layoutHintCache	020272e9	
MULoopAttributeAspect	4	_requiredOptions	020272fa	
MULoopCollectionDesignType	0	_designType	02024550	
MULoopCollectionDesignType	1	_qualifierText	0202455c	
MULoopCollectionDesignType	2	_topLoops	0202456b	
MULoopCollectionDesignType	3	_topLoopsCache	02024575	
MULoopCollectionDesignType	4	_subtitle	02024584	
MULoopCollectionDesignType	5	_description	0202458e	
MULoopCollectionDesignType	6	_billboardDescription	0202459b	
MULoopCollectionDesignType	7	_externalLink	020245b1	
MULoopCollectionDesignType	8	_showInSearch	020245bf	
MULoopCollectionDesignType	9	_collectionAssets	020245cd	
MULoopComponentId	0	_loopArrangementDocument	02020d8d	
MULoopComponentId	1	_superAudioSourceDescription	02020da6	
MULoopComponentId	2	_isPitchToChordAdaptionEnabled	02020dc3	
MULoopCoverRowLayoutType	0	_layoutType	0202470b	
MULoopCoverRowLayoutType	1	_maxCovers	02024717	
MULoopCoverRowLayoutType	2	_seeAll	02024722	
MULoopCoverRowLayoutType	3	_randomizeOrder	0202472a	
MULoopCoverRowLayoutType	4	_video	0202473a	
MULoopInstrumentTypeMask	0	_spellings	02027482	
MULoopInstrumentTypeMask	1	_mainSpelling	0202748d	
MULoopInstrumentTypeMask	2	_isHierarchical	0202749b	
MULoopInstrumentTypeMask	3	_virtualOptions	020274ab	
MULoopInstrumentTypeMask	4	_optionsByTitleCache	020274bb	
MULoopLibraryController	0	_rootFilePath	020243e4	
MULoopLibraryController	1	_consumerRootFilePath	020243f2	
MULoopLibraryController	2	_placeholderAssets	02024408	
MULoopLibraryController	3	_fileNamesMovedToRecyclerAfterLastDownsync	0202441b	
MULoopLibraryController	4	_recentLoops	02024446	
MULoopLibraryController	5	_loopIdsToReflectClientMediaChangesAfterDelete	02024453	
MULoopLibraryController	6	_contracts	02024482	
MULoopLibraryController	7	_musician	0202448d	
MULoopLibraryController	8	_wikipediaPageId	02024497	
MULoopLibraryController	9	_musicianContracts	020244a8	
MULoopMusicianContract	0	_creator	02023e8f	
MULoopMusicianContract	1	_lastEditor	02023e98	
MULoopMusicianContract	2	_mainOperator	02023ea4	
MULoopMusicianContract	3	_grooveReferenceIsNone	02023eb2	
MULoopMusicianContract	4	_prelistenAccompanyIsNone	02023ec9	
MULoopMusicianContract	5	_prelistenDrumsIsNone	02023ee3	
MULoopMusicianContract	6	_isTestLoop	02023ef9	
MULoopMusicianContract	7	_isCreated	02023f05	
MULoopProducerContract	0	_producer	020244d2	
MULoopProducerContract	1	_date	020244dc	
MULoopProducerContract	2	_loopIdsCache	020244e2	
MULoopProducerContract	3	_projectTitlesCache	020244f0	
MULoopProducerContract	4	_producerTitleCache	02024504	
MULoopProducerContract	5	_producerContract	02024518	
MULoopProducerContract	6	_operators	0202452a	
MULoopRelation	0	_sourceLoop	02023d58	
MULoopRelation	1	_destinatedLoopRelations	02023d64	
MULoopRelation	2	_destinationLoop	02023d7d	
MULoopRelation	3	_grooveReferenceLoop	02023d8e	
MULoopRelation	4	_prelistenAccompanyLoop	02023da3	
MULoopRelation	5	_prelistenDrumsLoop	02023dbb	
MULoopRelation	6	_tempGrooveReferenceLoop	02023dcf	
MULoopRelation	7	_tempPrelistenAccompanyLoop	02023de8	
MULoopRelation	8	_tempPrelistenDrumsLoop	02023e04	
MULoopRelation	9	_project	02023e1c	
MULoopRelationType	0	_relationType	02024754	
MULoopRelationType	1	_username	02024762	
MULoopRelationType	2	_roleMask	0202476c	
MULoopTrackTypeMask	0	_playGrooveReference	020240d7	
MULoopTrackTypeMask	1	_mpdLocked	020240ec	
MULoopTrackTypeMask	2	_tagsLocked	020240f7	
MULoopTrackTypeMask	3	_recognizableEffectTypeMask	02024103	
MULoopUserRoleMask	0	_email	02024789	
MULoopUserRoleMask	1	_password	02024790	
MULoopUserRoleMask	2	_salt	0202479a	
MULoopUserRoleMask	3	_newPassword	020247a0	
MULoopUserRoleMask	4	_repeatedNewPassword	020247ad	
MULoopUserRoleMask	5	_resultStates	020247c2	
MULoopWorkflowStep	0	_workflowStep	02023d16	
MULoopWorkflowStep	1	_referredFiles	02023d24	
MULoopWorkflowStep	2	_sourcedLoopRelations	02023d33	
MULoopWorkflowValue	0	_loop	02023f6e	
MULoopWorkflowValue	1	_workflowValuesForSearch	02023f74	
MULoopWorkflowValue	2	_loopComponents	02023f8d	
MULyricLine	0	_wordSequence	02029c23	
MULyricLine	1	_lyricLines	02029c31	
MULyricLine	2	_refersToModeAndTuning	02029c3d	
MULyricLine	3	_keySignature	02029c54	
MULyricLine	4	_weightedPitchOffsetFromStandard	02029c62	
MULyricLine	5	_startPulse	02029cf4	
MULyricLine	6	_scope	02029d00	
MULyricLine	7	_beatsPerBar	02029d07	
MULyricLine	8	_pulseAnchor	02029d14	
MULyricLine	9	_pulsesPerQuarter	02029d21	
MULyricLine	10	_beatsPerQuarter	02029d33	
MULyricLine	11	_quarterAtPulseAnchor	02029d44	
MULyricLine	12	_beatAtPulseAnchor	02029d5a	
MULyricLine	13	_barAtPulseAnchor	02029d6d	
MUMDDReader	0	_startTimeOffset	01faed74	
MUMDDReader	1	_extendedKeyboardSupportSwitchButton	01faed85	
MUMDDReader	2	_detectAfterTransferSwitchButton	01faedaa	
MUMDDReader	3	_araEnabled	01faedcb	
MUMDDReader	4	_initialTabCount	01faedd7	
MUMDDReader	5	_freezed	01faede8	
MUMDDReader	6	_endRecordingOnUndo	01faeff5	
MUMappingStorage	0	_sectionIndex	02025697	
MUMappingStorage	1	_entersNextSection	020256a5	
MUMappingStorage	2	_sectionStartQuarter	020256b8	
MUMappingStorage	3	_sectionEndQuarter	020256cd	
MUMappingStorage	4	_extendsTargetChordBySourceChord	020256e0	
MUMappingStorage	5	_playedPitchClasses	02025701	
MUMappingStorage	6	_targetPitchIndexMap	02025715	
MUMeterMode	0	_showsStereo	01fb0dbf	
MUMeterMode	1	_timerRegistered	01fb0dcc	
MUMeterMode	2	_left	01fb0ddd	
MUMeterMode	3	_right	01fb0de3	
MUMeterMode	4	_leftTime	01fb0dea	
MUMeterMode	5	_rightTime	01fb0df4	
MUMeterStyle	0	_pitchIndexeselection	01fb0e0c	
MUMeterStyle	1	_pitchSystem	01fb0e22	
MUMeterStyle	2	_labelFont	01fb0e2f	
MUMeterStyle	3	_labelFontHeight	01fb0e3a	
MUMeterView	0	_titleTextField	01fa7143	
MUMeterView	1	_volumeSlider	01fa7153	
MUMeterView	2	_soloButton	01fa7161	
MUMeterView	3	_muteButton	01fa716d	
MUMeterView	4	_recordButton	01fa7179	
MUMeterView	5	_expandButton	01fa7187	
MUMeterView	6	_onIOChangedObserver	01fa7195	
MUMeterView	7	_savedTrackValues	01fa71aa	
MUMeterView	8	_trackChangedObserver	01fa71bc	
MUMeterView	9	_recordObserver	01fa71d2	
MUMeterView	10	_elementStorage	01fa71e2	
MUMeterView	11	_selectedElements	01fa71f2	
MUMeterView	12	_multiTrackView	01fa7204	
MUMeterView	13	_trackView	01fa7214	
MUMidiSynthesizerRendererPressedKey	0	_releasedKeys	020238d0	
MUMidiSynthesizerRendererPressedKey	1	_synthesizer	020238de	
MUMidiSynthesizerRendererPressedKey	2	_amplitudeLevelToVelocityConversion	020238eb	
MUMidiSynthesizerRendererPressedKey	3	_externalMidiSynthesizer	0202390f	
MUMidiSynthesizerRendererPressedKey	4	_amplitudeModulationTarget	02023928	
MUModulationTarget	0	_audioSourceDescriptions	0201fd05	
MUModulationTarget	1	_effectiveAudioSourceDescription	0201fd1e	
MUModulationTarget	2	_analyzers	0201fd3f	
MUModulationTarget	3	_audioRecorderLock	0201fd4a	
MUModulationTarget	4	_audioRecorder	0201fd5d	
MUModulationTarget	5	_isAudioAccessible	0201fd6c	
MUModulationTarget	6	_startSampleIndex	0201fd7f	
MUModulationTarget	7	_sampleOffset	0201fd91	
MUModulationTarget	8	_generator	0201fd9f	
MUModulationValueMapping	0	_sourceMinValue	02024cca	
MUModulationValueMapping	1	_sourceMaxValue	02024cda	
MUModulationValueMapping	2	_targetMinValue	02024cea	
MUModulationValueMapping	3	_targetMaxValue	02024cfa	
MUModulationValueMapping	4	_clipsMinValue	02024d0a	
MUModulationValueMapping	5	_clipsMaxValue	02024d19	
MUModulationValueMapping	6	_mddFilePath	02024d28	
MUModulationValueMapping	7	_soundFilePath	02024d35	
MUModulationValueMapping	8	_xmlChunk	02024d44	
MUModulationValueMapping	9	_xmlArchive	02024d4e	
MUMultiTrackDisplayMode	0	_displayMode	01fa6d2c	
MUMultiTrackDisplayMode	1	_cursorTime	01fa6d39	
MUMultiTrackDisplayMode	2	_ignoreTimeMapperChanges	01fa6d45	
MUMultiTrackDisplayMode	3	_headerWidth	01fa6d5e	
MUMultiTrackDisplayMode	4	_dividerWidth	01fa6d6b	
MUMultiTrackDisplayMode	5	_canReorderItems	01fa6d79	
MUMultiTrackDisplayMode	6	_showsSnapTimes	01fa6d8a	
MUMultiTrackDisplayMode	7	_snapTimes	01fa6d9a	
MUMultiTrackDisplayMode	8	_highlightColor	01fa6da5	
MUMultiTrackDisplayMode	9	_cursorMovedObserver	01fa6db5	
MUMultiTrackDisplayMode	10	_detectionStateDidChangeObserver	01fa6dca	
MUMultiTrackDisplayMode	11	_observerHorizontalRulerDoubleClicked	01fa6deb	
MUMultiTrackDisplayMode	12	_timeGridSetter	01fa6e11	
MUMultiTrackDisplayMode	13	_trackHeaderWidth	01fa6e21	
MUMultiTrackDisplayMode	14	_primaryBackgroundColor	01fa6e33	
MUMultiTrackDisplayMode	15	_secondaryBackroundColor	01fa6e4b	
MUMultiTrackDisplayMode	16	_startTimeRange	01fa6e64	
MUMultiTrackDisplayMode	17	_destTimeRange	01fa6e74	
MUMultiTrackDisplayMode	18	_animateZoomToTimeProgress	01fa6e83	
MUMultiTrackDisplayMode	19	_delayedItemDoubleCkickedObserver	01fa6e9e	
MUMultiTrackDisplayMode	20	_startEditingDetectionObserver	01fa6ec0	
MUMultiTrackDisplayMode	21	_endEditingDetectionObserver	01fa6edf	
MUMultiTrackDisplayMode	22	_elementObserver	01fa6efc	
MUMultiTrackDisplayMode	23	_transferHelper	01fa6f0d	
MUMultiTrackDropTargets	0	_documentViewController	01fa69ed	
MUMultiTrackDropTargets	1	_isBeatGrid	01fa6a05	
MUMultiTrackDropTargets	2	_showSecondsToo	01fa6a11	
MUMultiTrackDropTargets	3	_preferenceKey	01fa6a21	
MUMultiTrackDropTargets	4	_displayBeatGrid	01fa6a30	
MUMultiTrackDropTargets	5	_nudgeBeatGrid	01fa6a41	
MUMultiTrackDropTargets	6	_araRulerDisplayBeatGrid	01fa6a50	
MUMultiTrackDropTargets	7	_araRulerDisplaySecondGrid	01fa6a69	
MUMultiTrackDropTargets	8	_displaySecondGrid	01fa6a84	
MUMultiTrackDropTargets	9	_editSecondGrid	01fa6a97	
MUMultiTrackDropTargets	10	_fineTuneGrid	01fa6aa7	
MUMultiTrackDropTargets	11	_nudgeSecondGrid	01fa6ab5	
MUMultiTrackDropTargets	12	_displayPerformanceTimeMapper	01fa6ac6	
MUMultiTrackTrackView	0	_headerViewController	01fa7235	
MUMultiTrackTrackView	1	_isSelected	01fa724b	
MUMultiTrackTrackView	2	_trackObjectCount	01fa7257	
MUMultiTrackTrackView	3	_fader	01fa7269	
MUMultimicEngine	0	_tracksCount	02024d83	
MUMultimicEngine	1	_origSampleRate	02024d90	
MUMultimicEngine	2	_sampleRateReduction	02024da0	
MUMultimicEngine	3	_origSampleCount	02024db5	
MUMultimicEngine	4	_fourierSize	02024dc6	
MUMultimicEngine	5	_binCount	02024dd3	
MUMultimicEngine	6	_overlapCompensationFactor	02024ddd	
MUMultimicEngine	7	_timeSliceSampleCount	02024df8	
MUMultimicEngine	8	_freqPerBin	02024e0e	
MUMultimicEngine	9	_trackTitles	02024e1a	
MUMultimicEngine	10	_crosstalkFactors	02024e27	
MUMultimicEngine	11	_trackReductions	02024e39	
MUMultimicEngine	12	_trackNormalizingFactors	02024e4a	
MUMultimicEngine	13	_trackContributionsToSum	02024e63	
MUMultimicEngine	14	_origMagnitudesAtTimeSlicesOfTracks	02024e7c	
MUMultimicEngine	15	_processedMagnitudesAtTimeSlicesOfTracks	02024ea0	
MUMultimicEngine	16	_phasesAtTimeSlicesOfTracks	02024ec9	
MUMultimicEngine	17	_decomposedMagnitudesAtTimeSlicesOfTracks	02024ee5	
MUMultimicEngine	18	_magnitudeRanksAtTimeSlicesOfTracks	02024f0f	
MUMultimicEngine	19	_useFactorsAtTimeSlicesOfTracks	02024f33	
MUMultimicEngine	20	_timeSignal	02024f53	float*
MUMultimicEngine	21	_spectrum	02024f66	
MUMultimicEngine	22	_hannWindowSqrt	02024f70	
MUMultimicEngine	23	_swapBuffer	02024f80	
MUMultimicEngine	24	_aMatrix0	02024f8c	
MUMultimicEngine	25	_aMatrix	02024f96	
MUMultimicEngine	26	_bVector	02024f9f	
MUMultimicEngine	27	_indxVector	02024fa8	GNInt*
MUMultimicEngine	28	_testValue2	02024fbb	
MUMultimicEngine	29	_doTest	02024fc7	
MUNoiseMapper	0	_realizations	02024fdd	
MUNoiseMapper	1	_pitchIndex	02024feb	
MUNoiseMapper	2	_notes	02024ff7	
MUNoiseMapper	3	_noteMappingCache	02024ffe	
MUNoiseRange	0	_startFadeDuration	01fb288e	
MUNoiseRange	1	_endFadeDuration	01fb28a1	
MUNoiseRange	2	_preAttenuation	01fb28b2	
MUNoiseRange	3	_postAttenuation	01fb28c2	
MUNoiseRange	4	_noiseType	01fb28d3	
MUNoiseType	0	_multiArrangeButton	01fb28f9	
MUNoiseType	1	_editorButton	01fb290d	
MUNoiseType	2	_volumeChanged	01fb291b	
MUNoiseType	3	_playButton	01fb292a	
MUNoiseType	4	_stopButton	01fb2936	
MUNoiseType	5	_cycleButton	01fb2942	
MUNoiseType	6	_timeridChangedObsever	01fb294f	
MUNoiseType	7	_beatFormatter	01fb2966	
MUNoiseType	8	_lastStartCall	01fb2975	
MUNoiseType	9	_tempoTextField	01fb2984	
MUNoiseType	10	_tempoKindLabel	01fb2994	
MUNoiseType	11	_signatureTextField	01fb29a4	
MUNoiseType	12	_tempoEditorButton	01fb29b8	
MUNoiseType	13	_autoStretchButton	01fb29cb	
MUNoiseType	14	_userLocaleChangedObserver	01fb29de	
MUNoiseType	15	_audioDeviceChangedObserver	01fb29f9	
MUNoiseType	16	_tempoEditorObserver	01fb2a15	
MUNoiseType	17	_startPlayBackAtTimeInHeartBeatHandler	01fb2a2a	
MUNoiseType	18	_rightInspectorController	01fb2a51	
MUNoiseType	19	_logoView	01fb2a6b	
MUNoiseType	20	_comboBox	01fb2a75	
MUNoiseType	21	_timeGridSetterChangedObserver	01fb2a7f	
MUNoiseType	22	_localeUserLocaleChangedObserver	01fb2a9e	
MUNote	0	_drawPath	01fb0a02	
MUNote	1	_visibleRect	01fb0a0c	
MUNote	2	_connected	01fb0a19	
MUNote	3	_elementASC	01fb0a24	
MUNote	4	_showsLeftSeparator	01fb0a30	
MUNote	5	_feedbacksEditing	01fb0a44	
MUNote	6	_showsLeftDisjoinArrows	01fb0a56	
MUNote	7	_showsRightDisjoinArrows	01fb0a6e	
MUNote	8	_selected	01fb0a87	
MUNote	9	_feedbackDisconnected	01fb0a91	
MUNote	10	_flagsDirty	01fb0aa7	
MUNoteAnticipationMode	0	_anticipationMode	02025108	
MUNoteAnticipationMode	1	_picksNextChord	0202511a	
MUNoteAnticipationMode	2	_isExcludedFromVoicing	0202512a	
MUNoteAnticipationMode	3	_slaveMappingAssignmentCache	02025141	
MUNoteAnticipationMode	4	_noteMappingGroups	0202515e	
MUNoteAnticipationMode	5	_pitchedNoteMappingsCache	02025171	
MUNoteAnticipationMode	6	_voiceIndex	0202518b	
MUNoteAnticipationMode	7	_addressedDiatonicDegree	02025197	
MUNoteAnticipationMode	8	_addressedPitchIndex	020251b0	
MUNoteAnticipationMode	9	_minChordPitchIndexCache	020251c5	
MUNoteAnticipationMode	10	_maxChordPitchIndexCache	020251de	
MUNoteMapping	0	_noteMappingId	0202501e	
MUNoteMapping	1	_sourcePitchIndexCache	0202502d	
MUNoteMapping	2	_partMapping	02025044	
MUNoteMapping	3	_noteMappings	02025051	
MUNoteMapping	4	_noteMappingLines	0202505f	
MUNoteMappingState	0	_sourceKey	0202520a	
MUNoteMappingState	1	_sourceChord	02025215	
MUNoteMappingState	2	_currentKey	02025222	
MUNoteMappingState	3	_currentChord	0202522e	
MUNoteMappingState	4	_targetKey	0202523c	
MUNoteMappingState	5	_targetChord	02025247	
MUNoteMappingState	6	_transposedTargetChord	02025254	
MUNoteMappingState	7	_transposedCurrentChord	0202526b	
MUNoteMappingState	8	_chordContext	02025283	
MUNoteMappingState	9	_nextSourceChord	02025291	
MUNoteMappingState	10	_nextSectionTargetChord	020252a2	
MUNoteMappingState	11	_nextSequenceTargetChord	020252ba	
MUNoteMappingState	12	_partMappingState	020252d3	
MUObjectSet	0	_titleSuffix	0202e32c	
MUObjectSet	1	_fret	0202e339	
MUObjectSet	2	_finger	0202e33f	
MUObjectSet	3	_pitchMapperStorage	0202e347	
MUOpenStringMapper	0	_movesCapo	02025466	
MUOpenStringMapper	1	_sourceCapoFretIndex	02025471	
MUOpenStringMapper	2	_subparts	02025486	
MUOpenStringMapper	3	_superpart	02025490	
MUOpenStringMapper	4	_instrument	0202549b	
MUOverviewScroller	0	_zoomCursor	01fb0d31	
MUOverviewScroller	1	_defaultCursor	01fb0d3d	
MUOverviewScroller	2	_overview	01fb0d4c	
MUOverviewScroller	3	_runLoopObserverToInvalidateOnMouseUp	01fb0d56	
MUOverviewScroller	4	_minX	01fb0d7c	
MUOverviewScroller	5	_maxX	01fb0d82	
MUOverviewScroller	6	_alternativeCalcModeActive	01fb0d88	
MUPanner	0	_audioSourceDescriptionTypeChangeObserver	01fa8f4f	
MUPanner	1	_editorViewContentDidChangeObserver	01fa8f79	
MUPanner	2	_scaleRulerViewChangedObserver	01fa8f9d	
MUPanner	3	_localeChangedObserver	01fa8fbc	
MUPartMapper	0	_reservesPitchRange	02023be7	
MUPartMapper	1	_limitsHighestPitchIndex	02023bfb	
MUPartMapper	2	_limitsLowestPitchIndex	02023c14	
MUPartMapper	3	_isQuarterAssignmentIrrelevant	02023c2c	
MUPartMapper	4	_isPitchAssignmentIrrelevant	02023c4b	
MUPartMapper	5	_noteMappingGroup	02023c68	
MUPartMappingState	0	_minSourcePitchIndex	020252f8	
MUPartMappingState	1	_maxSourcePitchIndex	0202530d	
MUPartMappingState	2	_relatesToChord	02025322	
MUPartMappingState	3	_relatesToKey	02025332	
MUPartMappingState	4	_relatesToNextNote	02025340	
MUPasteboardElementsItem	0	_elementsGroupedBySequenceTrack	020314fd	
MUPasteboardElementsItem	1	_sourceElement	0203151d	
MUPasteboardElementsItem	2	_editAspect	020315e5	
MUPasteboardElementsItem	3	_editValueTransformerName	020315f1	
MUPasteboardElementsItem	4	_editDisplayGroup	0203160b	
MUPasteboardHandler	0	_drawingLayer	01fab082	
MUPasteboardHandler	1	_isResizingDueToExceededBounds	01fab090	
MUPasteboardHandler	2	_isUpdatingDisplay	01fab0af	
MUPasteboardHandler	3	_showsAttackItemAnchors	01fab0c2	
MUPasteboardHandler	4	_hideBackground	01fab0da	
MUPasteboardHandler	5	_maxAmplitude	01fab0ea	
MUPasteboardHandler	6	_editingFeedbackPitchCenters	01fab0f8	
MUPasteboardHandler	7	_editingFeedbackSeparatorStartTime	01fab115	
MUPasteboardHandler	8	_editingFeedbackSeparatorStartTimeElements	01fab138	
MUPasteboardHandler	9	_editingFeedbackSeparatorEndTime	01fab163	
MUPasteboardHandler	10	_editingFeedbackSeparatorEndTimeElements	01fab184	
MUPasteboardHandler	11	_zoomTool	01fab1ad	
MUPerformance	0	_nudgeGrid	01fa6c65	
MUPerformance	1	_editGrid	01fa6c70	
MUPerformance	2	_displayGrid	01fa6c7a	
MUPerformance	3	_quantizationGrid	01fa6c87	
MUPerformance	4	_displayTimeMapper	01fa6c99	
MUPerformance	5	_tracksView	01fa6cac	
MUPerformance	6	_timelineRulerView	01fa6cb8	
MUPerformance	7	_cornerViewController	01fa6ccb	
MUPerformance	8	_a1	01fa6ce1	
MUPerformance	9	_a2	01fa6ce5	
MUPerformance	10	_a3	01fa6ce9	
MUPerformance	11	_scroller	01fa6ced	
MUPerformanceRenderer	0	_soundFile	01fa1723	
MUPerformanceRenderer	1	_buffers	01fa172e	float**
MUPerformanceRenderer	2	_samples	01fa173f	
MUPerformanceRenderer	3	_proceededSamples	01fa1748	
MUPerformanceRenderer	4	_exportSetup	01fa175a	
MUPerformanceRenderer	5	_isReRunningExport	01fa1767	
MUPerformanceRenderer	6	_rerunExportOnClip	01fa177a	
MUPerformanceRenderer	7	_askOnClip	01fa178d	
MUPerformanceRenderer	8	_send	01fa1798	
MUPerformanceRenderer	9	_isCanceled	01fa179e	
MUPerformanceRenderer	10	_failed	01fa17aa	
MUPerformanceRenderer	11	_currentIndex	01fa17b2	
MUPerformanceRenderer	12	_originalFaderVolume	01fa17c0	
MUPerformanceRenderer	13	_volumeScale	01fa17d5	
MUPerformanceRenderer	14	_runsAlertPanel	01fa17e2	
MUPerformanceRenderer	15	_isExportingMix	01fa17f2	
MUPerformanceRenderer	16	_includeTails	01fa1802	
MUPerformanceRendererSetPerformanceRequest	0	_renderTracks	020259bb	
MUPerformanceRendererSetPerformanceRequest	1	_wasPlayingBack	020259c9	
MUPerformanceRendererSetPerformanceRequest	2	_shouldMeshNotesOnTimeJump	020259d9	
MUPitchMapper	0	_minInterval	02025e12	
MUPitchMapper	1	_maxInterval	02025e1f	
MUPitchMapper	2	_minPitchIndex	02025e2c	
MUPitchMapper	3	_maxPitchIndex	02025e3b	
MUPitchMapper	4	_maxTranspositionInterval	02025e4a	
MUPitchMapper	5	_lowestIntervalShouldMatchForthOrFifth	02025e64	
MUPitchMapper	6	_omitsUnplayedDegrees	02025e8b	
MUPitchMapper	7	_degreeMaskMatchesGender	02025ea1	
MUPitchMapper	8	_redirectsOnDominants	02025eba	
MUPitchMapper	9	_lowestPitchDegreeMask	02025ed0	
MUPitchMapperCriterion	0	_criterion	0202e6f0	
MUPitchMapperCriterion	1	_isHard	0202e6fb	
MUPitchMapperCriterion	2	_grade	0202e788	
MUPitchMapperCriterion	3	_option	0202e78f	
MUPitchMapperWeight	0	_path	0202e447	
MUPitchMapperWeight	1	_chordCoverage	0202e44d	
MUPitchMapperWeight	2	_doubleCount	0202e45c	
MUPitchMapperWeight	3	_targetScaleMatchCount	0202e469	
MUPitchMapperWeight	4	_totalDistance	0202e480	
MUPitchMapperWeight	5	_averageDistance	0202e48f	
MUPitchMapperWeight	6	_maxDistance	0202e4a0	
MUPitchMapperWeight	7	_weightedDistance	0202e4ad	
MUPitchMapperWeight	8	_transposition	0202e4bf	
MUPitchMapperWeight	9	_voicingMatch	0202e4ce	
MUPitchMapperWeight	10	_suspensionsExtensionQuality	0202e4dc	
MUPitchMapperWeight	11	_hasCrossings	0202e4f9	
MUPitchMapperWeight	12	_exceedsLimits	0202e507	
MUPitchMapperWeight	13	_lowestPitchIndexMatchesMask	0202e516	
MUPitchMapperWeight	14	_hitsBorder	0202e533	
MUPitchMapperWeight	15	_lowestIntervalMatchesForthOrFifth	0202e53f	
MUPitchMapperWeight	16	_highestPitchIndexMatchesMask	0202e562	
MUPitchMapperWeight	17	_upperVoiceDistance	0202e580	
MUPitchMapperWeight	18	_debugMappingDescription	0202e594	
MUPitchMapperWeight	19	_sourcePitchIndex	0202e5ad	
MUPitchMapperWeight	20	_targetPitchIndexOptions	0202e5bf	
MUPitchMapperWeight	21	_belongsToChord	0202e5d8	
MUPitchMapperWeight	22	_targetPitchIndex	0202e5e8	
MUPitchMapperWeight	23	_lowestPitchMustMatch	0202e6ac	
MUPitchMapperWeight	24	_highestPitchMustMatch	0202e6c2	
MUPitchRelationSystem	0	_relationSystem	02025369	
MUPitchRelationSystem	1	_role	02025379	
MUPitchRelationSystem	2	_nextNote	0202537f	
MUPitchRelationSystem	3	_originalAnchorTime	02025389	
MUPitchRelationSystem	4	_timeQuantization	0202539d	
MUPitchRelationSystem	5	_originalPitchDeviation	020253af	
MUPitchRelationSystem	6	_pitchQuantization	020253c7	
MUPitchRelationSystem	7	_pitchWasSetManually	020253da	
MUPitchRelationSystem	8	_timeWasSetManually	020253ef	
MUPitchRelationSystem	9	_manuallySetAmpFactor	02025403	
MUPitchRelationSystem	10	_pitchDriftWasSetManually	02025419	
MUPitchRelationSystem	11	_westernStandardScaleSnapOffset	02025433	
MUPitchTitleDisplayMode	0	_pitchRulerTitleDisplayMode	01faadde	
MUPitchTitleDisplayMode	1	_pitchSnapModeToneScaleAndTuningMenu	01faadfa	
MUPitchTitleDisplayMode	2	_scaleEditorMenuItem	01faae1f	
MUPitchTitleDisplayMode	3	_algorithmMenu	01faae34	
MUPitchTitleDisplayMode	4	_draggingFeedbackRect	01faae43	
MUPitchTitleDisplayMode	5	_selectionStack	01faae59	
MUPlaybackStopRequest	0	_stopPreservingTailsRequest	02025b46	
MUPlaybackStopRequest	1	_currentTimeJump	02025b62	
MUPlaybackStopRequest	2	_skipsPlaybackRequests	02025b73	
MUPlaybackStopRequest	3	_skipsPlaybackRequestQueue	02025b8a	
MUPlaybackStopRequest	4	_isDisplayRenderer	02025ba5	
MUPlaybackStopRequest	5	_needsPreallocateRenderGraph	02025bb8	
MUPlaybackStopRequest	6	_displayInfos	02025bd5	
MUPlaybackStopRequest	7	_addedDisplayInfos	02025be3	
MUPlaybackStopRequest	8	_removedDisplayInfos	02025bf6	
MUPlaybackStopRequest	9	_isIgnoringIOConfiguration	02025c0b	
MUPlaybackStopRequest	10	_effectTempo	02025c26	
MUPlaybackStopRequest	11	_fadesCroppedRegionBorders	02025c33	
MUPlaybackStopRequest	12	_multithreadedTrackRenderersCount	02025c4e	
MUPlaybackStopRequest	13	_multithreadedRenderSampleIndexTarget	02025c70	
MUPlaybackStopRequest	14	_multithreadedTrackRenderersDone	02025c96	
MUPlayingElementsMode	0	_playingElementsMode	01fab2b0	
MUPlayingElementsMode	1	_trackInfo	01fab2c5	
MUPlayingElementsMode	2	_lastSelectedElement	01fab2d0	
MUPlayingElementsMode	3	_selectedElementsCache	01fab2e5	
MUPlayingElementsMode	4	_editedMasterElementsCache	01fab2fc	
MUPlayingElementsMode	5	_editedSlaveElementsCache	01fab317	
MUPlayingElementsMode	6	_isRotatingToolsOnSelect	01fab331	
MUPlayingElementsMode	7	_anchorTime	01fab34a	
MUPlayingElementsMode	8	_timeAnchorAlphaValue	01fab356	
MUPlayingElementsMode	9	_feedbackElementsOnTrack	01fab36c	
MUPlayingElementsMode	10	_animatedElementOnTrackViews	01fab385	
MUPlayingElementsMode	11	_spreadsUnisono	01fab3a2	
MUPlayingElementsMode	12	_spreadUnisonoIntensity	01fab3b2	
MUPlayingElementsMode	13	_showsAlternatingKeyMap	01fab3ca	
MUPlayingElementsMode	14	_isBlobMonitoringEnabled	01fab3e2	
MUPlayingElementsMode	15	_scaleRulerMode	01fab3fb	
MUPlayingElementsMode	16	_performanceTimeBeatGrid	01fab40b	
MUPlayingElementsMode	17	_trackOrder	01fab424	
MUPlayingElementsMode	18	_showsElementsOutsideOfRegion	01fab430	
MUPlayingElementsMode	19	_needToRestoreSelectionOnPlaybackChange	01fab44e	
MUPlayingElementsMode	20	_correctPitchRange	01fab476	
MUPlayingElementsMode	21	_showsNoteDisplacement	01fab489	
MUPlayingElementsMode	22	_showsPitchRelevancePoint	01fab4a0	
MUPlayingElementsMode	23	_showsSibilants	01fab4ba	
MUPlayingElementsMode	24	_showsElementFades	01fab4ca	
MUPlayingElementsMode	25	_showsElementFadeKnob	01fab4dd	
MUPlayingElementsMode	26	_showsWaveforms	01fab4f3	
MUPlayingElementsMode	27	_waveformChannelIndex	01fab503	
MUPlayingElementsMode	28	_waveformScaleFactor	01fab519	
MUPlayingElementsMode	29	_showsVibratoDecoration	01fab52e	
MUPlayingElementsMode	30	_pitchSystemCache	01fab546	
MUPotentialPathConnectionType	0	_pathConnectionType	020288bf	
MUPotentialPathConnectionType	1	_connectingPoint	020288d3	
MUPotentialPathConnectionType	2	_allPeaks	020288e4	
MUPotentialPathConnectionType	3	_allPeaksIndices	020288ee	
MUPotentialPathConnectionType	4	_allXSlicesMaxPeakYIndex	020288ff	
MUPotentialPathConnectionType	5	_xSize	02028918	
MUPotentialPathConnectionType	6	_origMatrixYSize	0202891f	
MUPotentialPathConnectionType	7	_usedYSize	02028930	
MUPotentialPathConnectionType	8	_currentXIndex	0202893b	
MUProducerMix	0	_soloTracks	0202609a	
MUProducerMix	1	_mutedTracks	020260a6	
MUProducerMix	2	_alternative1Pitch	020260b3	
MUProducerMix	3	_alternative2Pitch	020260c6	
MUProducerMix	4	_alternative1Weight	020260d9	
MUProducerMix	5	_alternative2Weight	020260ed	
MUProgressView	0	_amplitudeZoomSlider	01fabf29	
MUProgressView	1	_progressViewStart	01fabf3e	
MUProgressView	2	_spreadUnisonBtn	01fabf51	
MUProgressView	3	_horizontalSyncedView	01fabf62	
MUProgressView	4	_slideRuleView	01fabf78	
MUPropertyPointPitchAlternative	0	_pitchWithoutVibrato	02021090	
MUPropertyPointPitchAlternative	1	_pitchHorizontality	020210a5	
MUPropertyPointPitchAlternative	2	_pitchHarmonicQuality	020210b9	
MUPropertyPointPitchAlternative	3	_pitchByHarmonics	020210cf	
MUPropertyPointPitchAlternative	4	_centPosIndex	020210e1	
MUPropertyPointPitchAlternative	5	_propertyPointNumber	020210ef	
MUPropertyPointPitchAlternative	6	_relevanceFromDetectionMatrix	02021104	
MUPropertyPointPitchAlternative	7	_temporaryAuxFloatValue1	02021122	
MUPropertyPointPitchAlternative	8	_temporaryAuxFloatValue2	0202113b	
MUPulseBasedQuarterAssignmentAnalyzer	0	_subPulsesFor2	02026167	
MUPulseBasedQuarterAssignmentAnalyzer	1	_subPulsesFor3	02026176	
MUPulseBasedQuarterAssignmentAnalyzer	2	_quarterTimeline	02026185	
MUPulseDefinition	0	_leftPulseDefinitions	0202d221	
MUPulseDefinition	1	_pulseSegmentSize	0202d237	
MUPulseDefinition	2	_rightPulseSegments	0202d249	
MUPulseDefinition	3	_leftPulseSegments	0202d25d	
MUPulseDefinition	4	_timeSegmentSize	0202d270	
MUPulseDefinition	5	_rightTimeSegments	0202d281	
MUPulseDefinition	6	_leftTimeSegments	0202d294	
MUPulseDefinition	7	_isDefaultDivisionTriplets	0202d2a6	
MUPulseDefinition	8	_defaultPulseMultiple	0202d2c1	
MUPulseDefinition	9	_defaultSubPulseDuration	0202d2d7	
MUPulseDefinition	10	_trackSet	0202d2fc	
MUPulseDefinition	11	_loopSets	0202d306	
MUPulseTimeline	0	_microtonalPart	0202063f	
MUPulseTimeline	1	_lowerSuggestedPitchRangeLimit	0202064f	
MUPulseTimeline	2	_upperSuggestedPitchRangeLimit	0202066e	
MUPulseTimeline	3	_itemDetectionQualityLimit	0202068d	
MUPulseTimeline	4	_attackItemDetectionQualityLimit	020206a8	
MUPulseTimeline	5	_attackItemDefaultDetectionQualityLimit	020206c9	
MUPulseTimeline	6	_propertyPointsMagnitudeToEnvelopeAmplitudeFactor	020206f1	
MUPulseTimeline	7	_timeSliceCount	02020723	
MUPulseTimeline	8	_itemDetectionVisualQualityLimit	02020733	
MUPulseTimeline	9	_attackItemDetectionVisualQualityLimit	02020754	
MUPulseTimeline	10	_windowOverlapForTimeSlices	0202077b	
MUPulseTimeline	11	_explicitTimeSliceTimeDistance	02020797	
MUPulseTimeline	12	_parameterValuesPerSecond	020207b6	
MUPulseTimeline	13	_parameterDataSize	020207d0	
MUPulseTimeline	14	_modelSpectra	020207e3	
MUPulseTimeline	15	_modelSpectrumSize	020207f1	
MUPulseTimeline	16	_modelSpectraSemitoneCount	02020804	
MUPulseTimeline	17	_decomposedAudioSignalsAreLoaded	0202081f	
MUPulseTimeline	18	_audioSourcePrincipalItems	02020840	
MUPulseTimeline	19	_audioSourceAttackItems	0202085b	
MUPulseTimeline	20	_audioSourceSibilantItems	02020873	
MUPulseTimeline	21	_audioSourceSequentialItems	0202088d	
MUPulseTimeline	22	_audioSourcePotentialItems	020208a9	
MUPulseTimeline	23	_explicitlyDeactivatedItems	020208c4	
MUPulseTimeline	24	_explicitlyActivatedSourceElements	020208e0	
MUPulseTimeline	25	_audioSourcePotentialAttackItems	02020903	
MUPulseTimeline	26	_explicitlyDeactivatedAttackItems	02020924	
MUPulseTimeline	27	_explicitlyActivatedAttackItems	02020946	
MUPulseTimeline	28	_overallResidualItem	02020966	
MUPulseTimeline	29	_overallOverlapAtItemMarginsItem	0202097b	
MUPulseTimeline	30	_overallAttacksItem	0202099c	
MUPulseTimeline	31	_itemsAreNonAdjacentAtAttacks	020209b0	
MUQuarterAssignmentResolution	0	_pulsesPerBeat	02028c63	
MUQuarterAssignmentResolution	1	_optionsPerPulse	02028c72	
MUQuarterAssignmentResolution	2	_relativeDistance	02028c83	
MUQuarterAssignmentResolution	3	_multipleEventsPerPulse	02028c95	
MUQuarterAssignmentResolution	4	_isBest	02028cad	
MUQuarterSequence	0	_editBeatGrid	01fa5d7d	
MUQuarterSequence	1	_coarseBeatGrid	01fa5d8b	
MUQuarterSequence	2	_selectedRangeStart	01fa5d9b	
MUQuarterSequence	3	_selectedRangeEnd	01fa5daf	
MUQuarterSequence	4	_lastSelectedRangeStart	01fa5dc1	
MUQuarterSequence	5	_lastSelectedRangeEnd	01fa5dd9	
MUQuarterSequence	6	_highlightQuarter	01fa5def	
MUQuarterSequence	7	_highlightsBarsOnly	01fa5e01	
MUQuarterSequence	8	_highlightAlpha	01fa5e15	
MUQuarterSequence	9	_highlightAnimation	01fa5e25	
MURawCustomAudioSubSource	0	_resultAudioSourceDescription	02026262	
MURawCustomAudioSubSource	1	_allSourcesSpectrogramTimeSlices	02026280	
MURawCustomAudioSubSource	2	_audioSourceDescriptionsOfSummedTracks	020262a1	
MURawCustomAudioSubSource	3	_audioSourceDescriptionsOfReferenceTracks	020262c8	
MURawCustomAudioSubSource	4	_referenceTracksInfo	020262f2	
MURawCustomAudioSubSource	5	_polyPitchCentMatrixForSum	02026307	
MURawCustomAudioSubSource	6	_polyPitchCentMatricesForRawTracks	02026322	
MURawCustomAudioSubSource	7	_spectrogramAmpEnvelopesForRawTracks	02026345	
MURawCustomAudioSubSource	8	_filteredSpectrogramAmpEnvelopesForRawTracks	0202636a	
MURawCustomAudioSubSource	9	_ampNormalizingReference	02026397	
MURawCustomAudioSubSource	10	_averageAmpNormalizingReference	020263b0	
MURawCustomAudioSubSource	11	_polyPitchCentMatrixForDisplay	020263d0	
MURawCustomAudioSubSource	12	_previousRenderedBackgroundAudioSourceIndex	020263ef	
MURawCustomAudioSubSource	13	_previousOtherAudioSourceIndex	0202641b	
MURawCustomAudioSubSource	14	_stereoMixMode	0202643a	
MURawCustomAudioSubSource	15	_performanceTimeRef	02026449	
MURawCustomAudioSubSource	16	_renderSampleIndexRef	0202645d	
MURawCustomAudioSubSource	17	_lastTempoFactor	02026473	
MURawNoteSeparation	0	_renderers	020225de	
MURawNoteSeparation	1	_renderersToBeAdded	020225e9	
MURawNoteSeparation	2	_renderersToBeRemoved	020225fd	
MURawNoteSeparation	3	_enquededRenderersPending	02022613	
MURawNoteSeparation	4	_deviceSampleIndex	0202262d	
MURawNoteSeparation	5	_requestedDeviceSampleIndex	02022640	
MURawNoteSeparation	6	_audioDevice	0202265c	
MURawNoteSeparation	7	_inputMeterProcessor	02022669	
MURawNoteSeparation	8	_outputMeterProcessor	0202267e	
MURawNoteSeparation	9	_audioOutputBuffer	02022694	
MURawNoteSeparation	10	_audioInputSimulation	020226a7	
MURawNoteSeparation	11	_audioInputSimulationPreload	020226bd	
MURecordingAnalyzer	0	_recordingAnalyzerAudioSourceIndex	01fa9eaa	
MURecordingAnalyzer	1	_currentImage	01fa9ecd	
MURecordingAnalyzer	2	_imageHeight	01fa9edb	
MURecordingAnalyzer	3	_pixPerSecond	01fa9ee8	
MURecordingAnalyzer	4	_pixPerCent	01fa9ef6	
MURecordingAnalyzer	5	_displayedDuration	01fa9f02	
MURecordingAnalyzer	6	_currentTimePosition	01fa9f15	
MURecordingAnalyzer	7	_currentPeriod	01fa9f2a	
MURecordingAnalyzer	8	_lastPos	01fa9f39	
MURecordingAnalyzer	9	_shouldTakeCenterAsCurrentPosition	01fa9f42	
MURecordingAnalyzer	10	_externalValuesDidChange	01fa9f65	
MURecordingAnalyzer	11	_isUpdateTimeEnabled	01fa9f7e	
MURecordingAnalyzer	12	_updateTimer	01fa9f93	
MURecordingAnalyzer	13	_iCent	01fa9fa0	
MURecordingAnalyzer	14	_currentPos	01fa9fa7	
MURecordingAnalyzer	15	_currentCent	01fa9fb3	
MURecordingAnalyzer	16	_midiNoteNumber	01fa9fc0	
MURecordingAnalyzer	17	_newNoteCoordinates	01fa9fd0	
MURecordingAnalyzerTrackType	0	_recordingAnalyzerTrackType	02027d6a	
MURecordingAnalyzerTrackType	1	_updateSpectrumShaperDisabled	02027d86	
MURecordingAnalyzerTrackType	2	_elementsCache	02027da4	
MURenderCacheSegment	0	_renderCacheSegments	020264be	
MURenderCacheSegment	1	_generatorOutputData	020264d3	
MURenderCacheSegment	2	_effectChainOutputData	020264e8	
MURenderCacheSegment	3	_modulationSourceDatas	020264ff	
MURenderCacheSegment	4	_isRecording	02026516	
MURenderCacheSegment	5	_timeJumps	02026523	
MURenderCacheSegment	6	_clickLevel	0202652e	
MURenderCacheSegment	7	_isClicking	0202653a	
MURenderCacheSegment	8	_isMutingAllTracks	02026546	
MURenderCacheSegment	9	_isIgnoringSourceTimeForElementTimeFunction	02026559	
MURenderCacheSegment	10	_releaseDuration	02026585	
MURenderCacheSegment	11	_preplayDuration	02026596	
MURenderCacheSegment	12	_clickResolution	020265a7	
MURenderCacheSegment	13	_clickFrequency	020265b8	
MURenderCacheSegment	14	_floatData	020265c8	
MURenderParameter	0	_muDocument	01fa9341	
MURenderParameter	1	_muTrack	01fa934d	
MURenderParameter	2	_muPart	01fa9356	
MURenderParameter	3	_audioSources	01fa935e	
MURenderParameter	4	_recordingDirectory	01fa936c	
MURenderParameter	5	_trackIndex	01fa9380	
MURenderer	0	_targetProcessor	01faca88	
MURenderer	1	_transformingAraAudioPlaybackRegion	01faca99	
MURenderer	2	_controlsLocalPlayback	01facabd	
MURenderer	3	_distributedLocalPlayback	01facad4	
MURenderer	4	_lastPendingHostCycleUpdateRequestTime	01facaee	
MURenderer	5	_transferStartTime	01facb15	
MURenderer	6	_transferEndTime	01facb28	
MURenderer	7	_userStartTime	01facb39	
MURenderer	8	_userEndTime	01facb48	
MURenderer	9	_nextPerformanceTime	01facb55	
MURenderer	10	_nextRenderSampleIndex	01facb6a	
MURenderer	11	_toolbarRightPluginConfigCtrl	01facb81	
MURenderer	12	_toolbarTempoPluginCtrl	01facb9f	
MURenderer	13	_toolbarPluginTransferCtrl	01facbb7	
MURenderer	14	_toolbarSpaceCtrl	01facbd2	
MURenderer	15	_toolbarAraEditModeCtrl	01facbe4	
MURenderer	16	_toolbarLeftPluginConfigCtrl	01facbfc	
MURenderer	17	_toolbarActivityCtrl	01facc19	
MURenderer	18	_toolbarAraClickCtrl	01facc2e	
MURenderer	19	_toolbarAraDebugCtrl	01facc43	
MURenderer	20	_toolbarScaleModeCtrl	01facc58	
MURenderer	21	_fillsBackGround	01facc6e	
MURenderer	22	_handlesMouseEvents	01facc7f	
MURenderer	23	_drawsIcons	01facc93	
MURenderer	24	_projectAudioSources	01facc9f	
MURenderer	25	_observedDocumentController	01faccb4	
MURenderer	26	_fileSourcesDisplayGroup	01faccd0	
MURenderer	27	_projectDirLabel	01facce9	
MURenderer	28	_setProjectDirButton	01faccfa	
MURenderer	29	_projectDirGroup	01facd0f	
MURenderer	30	_filePathLabel	01facd20	
MURenderer	31	_sortByStatus	01facd2f	
MURenderer	32	_windowDidBecomeKeyObserver	01facd3d	
MURenderer	33	_audioSourcesChangedObserver	01facd59	
MURenderer	34	_emptyProjectHintView	01facd76	
MURenderer	35	_centerSlider	01facd8c	
MURenderer	36	_driftSlider	01facd9a	
MURenderer	37	_centerLabel	01facda7	
MURenderer	38	_driftLabel	01facdb4	
MURenderer	39	_applyToAllButton	01facdc0	
MURenderer	40	_editedCenterFloatValue	01facdd2	
MURenderer	41	_editedDriftFloatValue	01facdea	
MURenderer	42	_snapToTonaltyButton	01face01	
MURenderer	43	_snapToTonality	01face16	
MURenderer	44	_grooveReferenceMatrix	01face26	
MURenderer	45	_quantizationSlider	01face3d	
MURenderer	46	_quantizationLabel	01face51	
MURenderer	47	_customLabel	01face64	
MURenderer	48	_reflectGrooveButton	01face71	
MURenderer	49	_referenceTrackMenu	01face86	
MURenderer	50	_referencePerformance	01face9a	
MURenderer	51	_didChooseQuantization	01faceb0	
MURenderer	52	_pluginListObserver	01facec7	
MURenderer	53	_custom	01facedb	
MUSamplerComponentRenderer	0	_sampler	020265f8	
MUSamplerComponentRenderer	1	_sourceTime	02026601	
MUSamplerComponentRenderer	2	_functionHint	0202660d	
MUSamplerElementRenderer	0	_nextElementTime	02026634	
MUSamplerElementRenderer	1	_elementStartTime	02026645	
MUSamplerElementRenderer	2	_playingComponentRenderers	02026657	
MUScaleBrowser	0	_allowsInividualColumnWidths	01fb0f29	
MUScaleBrowser	1	_autotileEnabled	01fb0f46	
MUScaleBrowser	2	_showsHeaderView	01fb0f57	
MUScaleCreationData	0	_cycleSize	01fb111f	
MUScaleCreationData	1	_degrees	01fb112a	
MUScaleCreationData	2	_degreesDistance	01fb1133	
MUScaleCreationData	3	_degreesAbove	01fb1144	
MUScaleCreationData	4	_degreesBelow	01fb1152	
MUScaleCreationData	5	_scaleName	01fb1160	
MUScaleCreationData	6	_isCyclic	01fb116b	
MUScaleCreationData	7	_isNonCyclic	01fb1175	
MUScaleCycleSizeFormatter	0	_comment	020266b7	
MUScaleCycleSizeFormatter	1	_tuningIsSuggestedRelevant	020266c0	
MUScaleCycleSizeFormatter	2	_modeIsSuggestedRelevant	020266db	
MUScaleCycleSizeFormatter	3	_tuningPitchAnchorIsSuggestedRelevant	020266f4	
MUScaleCycleSizeFormatter	4	_modeFundamentalOffsetIsSuggestedRelevant	0202671a	
MUScaleCycleSizeFormatter	5	_stretchingIsSuggestedRelevant	02026744	
MUScaleCycleSizeFormatter	6	_sortHint	02026763	
MUScaleDistribution	0	_openedPitchSystem	01fb12a6	
MUScaleDistribution	1	_openedPitchSystemWithInsertedIntervals	01fb12b9	
MUScaleDistribution	2	_modeIsUsedFromOpenedPitchSystem	01fb12e1	
MUScaleDistribution	3	_tuningIsUsedFromOpenedPitchSystem	01fb1302	
MUScaleDistribution	4	_modeFundamentalOffsetIsUsedFromOpenedPitchSystem	01fb1325	
MUScaleDistribution	5	_tuningPitchAnchorIsUsedFromOpenedPitchSystem	01fb1357	
MUScaleDistribution	6	_tuningPitchAnchorOption	01fb1385	
MUScaleDistribution	7	_stretchingOption	01fb139e	
MUScaleDistribution	8	_modeIsUsedFromOpenedPitchSystemCanBeChanged	01fb13b0	
MUScaleDistribution	9	_tuningIsUsedFromOpenedPitchSystemCanBeChanged	01fb13dd	
MUScaleDistribution	10	_modeFundamentalOffsetIsUsedFromOpenedPitchSystemCanBeChanged	01fb140c	
MUScaleDistribution	11	_tuningPitchAnchorIsUsedFromOpenedPitchSystemCanBeChanged	01fb144a	
MUScaleDistribution	12	_stretchingIsUsedFromOpenedPitchSystemCanBeChanged	01fb1484	
MUScaleDistribution	13	_preferredUserModeOption	01fb14b7	
MUScaleDistribution	14	_preferredUserTuningOption	01fb14d0	
MUScaleDistribution	15	_preferredUserFundamentalOption	01fb14eb	
MUScaleDistribution	16	_preferredUserPitchAnchorOption	01fb150b	
MUScaleDistribution	17	_preferredUserStretchingOption	01fb152b	
MUScaleDistribution	18	_lastPlaybackFile	01fb154a	
MUScaleDistribution	19	_lastSelectedScaleFile	01fb155c	
MUScaleModeDegree	0	_closestPitchIndex	01fb17b5	
MUScaleModeDegree	1	_closestPitch	01fb17c8	
MUScaleModeDegree	2	_detectedPitchSystem	01fb17d6	
MUScaleModeDegree	3	_detectionIsCyclic	01fb17eb	
MUScaleModeDegree	4	_detectionCycleSizeCent	01fb17fe	
MUScaleModeDegree	5	_detectionMinPitchCent	01fb1816	
MUScaleModeDegree	6	_detectionMaxPitchCent	01fb182d	
MUScaleModeDegree	7	_detectedCentArray	01fb1844	
MUScaleModeDegree	8	_originallyDetectedModeDegrees	01fb1857	
MUScaleModeDegree	9	_applyDetectionToScale	01fb1876	
MUScaleModeDegree	10	_detectionInsertsChromaticIntervals	01fb188d	
MUScaleModeDegree	11	_scaleWasJustDetected	01fb18b1	
MUScaleModeDegree	12	_preferredFundamentalPitchForDetection	01fb18c7	
MUScaleModeDegree	13	_movingTuningPitchAnchor	01fb18ee	
MUScaleModeDegree	14	_setTuningPitchAnchor	01fb1907	
MUScaleModeDegree	15	_tuningPitchAnchorAnimationOffset	01fb191d	
MUScaleModeDegree	16	_scaleSelectionAnimationImage	01fb193f	
MUScaleModeDegree	17	_hertzScaleAnimationImage	01fb195d	
MUScaleModeDegree	18	_hertzScaleInAnimationLevel	01fb1977	
MUScaleModeDegree	19	_hertzScaleOutAnimationLevel	01fb1993	
MUScaleModeDegree	20	_movingScaleIndicatorDisplayDelay	01fb19b0	
MUScaleModeDegree	21	_movingScaleTuning	01fb19d2	
MUScaleModeDegree	22	_movingScaleMode	01fb19e5	
MUScaleModeDegree	23	_movingDetectedScale	01fb19f6	
MUScaleModeDegree	24	_movingTuningOffset	01fb1a0b	
MUScaleModeDegree	25	_movingTuningRect	01fb1a1f	
MUScaleModeDegree	26	_tuningTitelField	01fb1a31	
MUScaleModeDegree	27	_scaleTitleField	01fb1a43	
MUScaleModeDegree	28	_scaleTitleLabel	01fb1a54	
MUScaleModeDegree	29	_modeTitleLabel	01fb1a65	
MUScaleModeDegree	30	_modeTitleField	01fb1a75	
MUScaleModeDegree	31	_filterLabel	01fb1a85	
MUScaleModeDegree	32	_tuningTitleLabel	01fb1a92	
MUScaleModeDegree	33	_filterSlider	01fb1aa4	
MUScaleModeDegree	34	_diapasonLabel	01fb1ab2	
MUScaleModeDegree	35	_diapasonTextField	01fb1ac1	
MUScaleModeDegree	36	_slideRuleAnchorOffset	01fb1ad4	
MUScaleModeDegree	37	_intervalMonitoring	01fb1aeb	
MUScaleModeDegree	38	_noteSelectionColumnWidth	01fb1aff	
MUScaleModeDegree	39	_noteSelectionPlusScaleSelectionColumnWidth	01fb1b19	
MUScaleModeDegree	40	_previousPitchSystem	01fb1b45	
MUScaleModeDegree	41	_previousElementsProperties	01fb1b5a	
MUScaleModeDegree	42	_callUpdateElementsForNewPitchSystemInSetPitchSystem	01fb1b76	
MUScaleModeDegree	43	_equivalentScaleDistributionForDegrees	01fb1bab	
MUScaleModeDegree	44	_explicitlySetMode	01fb1bd2	
MUScaleModeDegree	45	_stringXOrigins	01fb1be5	
MUScaleModeDegree	46	_handlePreviewByHeartbeat	01fb1bf5	
MUScaleModeDegree	47	_previewController	01fb1c0f	
MUScaleModeDegree	48	_previewProcessButton	01fb1c22	
MUScaleModeDegree	49	_currentPitchSystemBeforeRunningOpenPanel	01fb1c38	
MUScaleModeDegree	50	_clickedPitchIndexBeforeRunningOpenPanel	01fb1c62	
MUScaleModeDegree	51	_methodsEditingPitchSystem	01fb1c8b	
MUScaleModeDegree	52	_boxLabelFont	01fb1ca6	
MUScaleModeDegree	53	_boxLabelFontHeight	01fb1cb4	
MUScaleModeDegree	54	_isScaleSelectionAvailable	01fb1cc8	
MUScaleModeDegree	55	_previousPitchIndex	01fb1ce3	
MUScaleModeDegree	56	_canExecuteDynamicJustTuning	01fb1cf7	
MUScaleModeDegree	57	_registeredAtEC	01fb1d14	
MUScaleModeSequence	0	_scaleMode	01fa86fa	
MUScaleModeSequence	1	_endTime	01fa8705	
MUScaleModeSequence	2	_startQuarter	01fa870e	
MUScaleModeSequence	3	_endQuarter	01fa871c	
MUScaleModeSequence	4	_doUpdate	01fa8728	
MUScaleOpenPanel	0	_modeMatrix	01fb121f	
MUScaleOpenPanel	1	_tuningMatrix	01fb122b	
MUScaleOpenPanel	2	_fundamentalPopUp	01fb1239	
MUScaleOpenPanel	3	_pitchPopUp	01fb124b	
MUScaleOpenPanel	4	_stretchingPopUp	01fb1257	
MUScaleOpenPanel	5	_externalScalesButton	01fb1268	
MUScaleOpenPanel	6	_openedDistribution	01fb127e	
MUScalePanel	0	_scaleRulerView	01fb10c5	
MUScalePanel	1	_cycleSizeField	01fb10d5	
MUScalePanel	2	_degreesDistanceField	01fb10e5	
MUScalePanel	3	_scaleNameField	01fb10fb	
MUScalePitchSystemSequence	0	_derivedKeySequenceCache	0202551e	
MUScalePitchSystemSequence	1	_isPitchSystemCacheValid	02025537	
MUScalePitchSystemSequence	2	_isDerivedKeySequenceCacheValid	02025550	
MUScalePitchSystemSequence	3	_noteMappingsPerQuarterRangeCache	02025570	
MUScalePitchSystemSequence	4	_isVoicingValid	02025592	
MUScalePitchSystemSequence	5	_weightedPitchDelta	020255a2	
MUScalePitchSystemSequence	6	_reservedMinPitchIndex	020255b6	
MUScalePitchSystemSequence	7	_reservedMaxPitchIndex	020255cd	
MUScalePitchSystemSequence	8	_playedSourceDegrees	020255e4	
MUScalePitchSystemSequence	9	_playedSourcePitchClasses	020255f9	
MUScalePitchSystemSequence	10	_addressedTargetPitchIndexes	02025613	
MUScalePitchSystemSequence	11	_addressedTargetPitchClasses	02025630	
MUScalePitchSystemSequence	12	_targetPitchIndexesMatchingSourceVoicing	0202564d	
MUScalePitchSystemSequence	13	_mappingStorage	02025676	
MUScalePreviewController	0	_outputChannelIndex	01fb158c	
MUScalePreviewController	1	_scalePreviewFileType	01fb15a0	
MUScalePreviewController	2	_melodyElement	01fb15b6	
MUScalePreviewController	3	_bassElement	01fb15c5	
MUScalePreviewController	4	_intervalPreviewReferenceElement	01fb15d2	
MUScalePreviewController	5	_intervalPreviewSelectedElement	01fb15f3	
MUScalePreviewController	6	_intervalPreviewStartDelay	01fb1613	
MUScalePreviewController	7	_referencePitchIndex	01fb162e	
MUScalePreviewController	8	_selectedPitchIndex	01fb1643	
MUScalePreviewController	9	_testTrack	01fb1657	
MUScaleRulerViewDisplayMode	0	_scaleRulerViewDisplayMode	01fa9aed	
MUScaleRulerViewDisplayMode	1	_scaleRulerViewNADisplayMode	01fa9b08	
MUScaleRulerViewDisplayMode	2	_pitchModesDescription	01fa9b25	
MUScaleSavePanel	0	_titleField	01fb1d6c	
MUScaleSavePanel	1	_titleLabel	01fb1d78	
MUScaleSavePanel	2	_newFolderButton	01fb1d84	
MUScaleSavePanel	3	_lastSelectedColumnIndex	01fb1d95	
MUScaleSavePanel	4	_lastSelectedRowIndex	01fb1dae	
MUScaleSavePanel	5	_handleSelectCellInProgress	01fb1dc4	
MUScaleSavePanel	6	_modeSwitch	01fb1de0	
MUScaleSavePanel	7	_tuningSwitch	01fb1dec	
MUScaleSavePanel	8	_fundamentalSwitch	01fb1dfa	
MUScaleSavePanel	9	_pitchSwitch	01fb1e0d	
MUScaleSavePanel	10	_stretchingSwitch	01fb1e1a	
MUScaleSavePanel	11	_slideRuleSensitiveRects	01fb1e2c	
MUScaleSavePanel	12	_slideRuleSensitiveRectsCents	01fb1e45	
MUScaleSavePanel	13	_showRatios	01fb1e63	
MUScaleSavePanel	14	_showAllRatios	01fb1e6f	
MUScaleSavePanel	15	_showRatioModeButton	01fb1e7e	
MUScaleSlideRuleView	0	_scaleHeaderCtrl	01fabf9c	
MUScaleSlideRuleView	1	_animationDidFinishDocumentOffset	01fabfad	
MUScaleSlideRuleView	2	_showSlideRuleViewAimationIsRunning	01fabfcf	
MUScaleSlideRuleView	3	_hideSlideRuleViewAimationIsRunning	01fabff3	
MUScaleSlideRuleViewDelegate	0	_scaleArrayFilterFactor	01fb170c	
MUScaleSlideRuleViewDelegate	1	_centDisplayReferencePitchIndex	01fb1724	
MUScaleSlideRuleViewDelegate	2	_centDisplayModePlusMinus	01fb1744	
MUScaleSlideRuleViewDelegate	3	_clickedPitchIndex	01fb175e	
MUScaleSlideRuleViewDelegate	4	_clickedPitch	01fb1771	
MUScaleSlideRuleViewDelegate	5	_pitchIndexIsHit	01fb177f	
MUScaleSlideRuleViewDelegate	6	_clickedModeDegree	01fb1790	
MUScaleSlideRuleViewMoveMode	0	_moveMode	01fb1eb0	
MUScaleSlideRuleViewMoveMode	1	_lastAnchorOffsetChangeRatio	01fb1eba	
MUScaleSlideRuleViewMoveMode	2	_slideRuleAnchorOffsetMinRatio	01fb1ed7	
MUScaleSlideRuleViewMoveMode	3	_slideRuleAnchorOffsetMaxRatio	01fb1ef6	
MUScaleSlideRuleViewMoveMode	4	_movingResolutionRatio	01fb1f15	
MUScaleSlideRuleViewMoveMode	5	_movingFineResolutionRatio	01fb1f2c	
MUScaleStretchTuningView	0	_verticalRangePopUp	01fb1f8c	
MUScaleStretchTuningView	1	_verticalRanges	01fb1fa0	
MUScaleStretchTuningView	2	_stretchingFunction	01fb1fb0	
MUScaleStretchTuningView	3	_smoothedFunction	01fb1fc4	
MUScaleStretchTuningView	4	_verticalCentRange	01fb1fd6	
MUScaleStretchTuningView	5	_infoPosition	01fb1fe9	
MUScaleStretchTuningView	6	_infoTextFadeoutIntervall	01fb1ff7	
MUScaleTuningInterval	0	_cent	020267fd	
MUScaleTuningInterval	1	_westernStandardPitchIndexOffset	02026803	
MUScaleTuningInterval	2	_intervals	02026824	
MUScaleTuningInterval	3	_degreeIndex	0202682f	
MUScaleTuningInterval	4	_upperFifthIndex	0202683c	
MUScaleTuningInterval	5	_lowerFifthIndex	0202684d	
MUScaleTuningInterval	6	_fifthChainIndex	0202685e	
MUScaleTuningInterval	7	_belongsToMainFifthChain	0202686f	
MUScaleTuningInterval	8	_belongsToMainNotes	02026888	
MUScaleTuningInterval	9	_qualityInFifthChain	0202689c	
MUScaleTuningInterval	10	_qualityForModeEvaluation	020268b1	
MUScaleTuningInterval	11	_detectedPitch	020268cb	
MUScaleTuningInterval	12	_scrubTargetTime	020268da	
MUScaleTuningInterval	13	_filteredScrubTargetTime	020268eb	
MUScaleTuningInterval	14	_filteredPerformanceTimeDelta	02026904	
MUScaleTuningInterval	15	_maxTempoFactor	02026922	
MUScrollerSlider	0	_linesPerSecond	01fb2031	
MUScrollerSlider	1	_secondsPerGrid	01fb2041	
MUScrollerSlider	2	_cachedSecondGridLines	01fb2051	
MUScrollerSlider	3	_internalDisplayGrid	01fb2068	
MUScrollerSlider	4	_signatureEditorRulerView	01fb207d	
MUSignatureEditorRulerView	0	_primaryGridColor	01fb20b2	
MUSignatureEditorRulerView	1	_secondaryGridColor	01fb20c4	
MUSignatureEditorRulerView	2	_currentlyEditedSignatureStartQuarter	01fb20d8	
MUSignatureEditorRulerView	3	_currentGrid	01fb20fe	
MUSignatureEditorRulerView	4	_showDestinationGrid	01fb210b	
MUSignatureEditorRulerView	5	_destinationGrid	01fb2120	
MUSignatureEditorRulerView	6	_destinationAlpha	01fb2131	
MUSignatureEditorRulerView	7	_editTimelineMode	01fb2143	
MUSignatureEditorRulerView	8	_timelineHelper	01fb2155	
MUSignatureEditorRulerView	9	_runloopObserver	01fb2165	
MUSignatureEditorRulerView	10	_targetEditor	01fb2176	
MUSignatureEditorRulerView	11	_reassignsScalesAndChords	01fb2184	
MUSignatureEditorRulerView	12	_audioSourceElements	01fb219e	
MUSignatureEditorRulerView	13	_tempoEditorRulerView	01fb21b3	
MUSlaveTrackStartAndEndFadeMode	0	_slaveTrackStartFadeMode	02025a14	
MUSlaveTrackStartAndEndFadeMode	1	_slaveTrackEndFadeMode	02025a2d	
MUSlaveTrackStartAndEndFadeMode	2	_defaultTimeProgressor	02025a44	
MUSlaveTrackStartAndEndFadeMode	3	_isPlayingBackFirstCycle	02025a5b	
MUSlaveTrackStartAndEndFadeMode	4	_isPlayingBackLastCycle	02025a74	
MUSlaveTrackStartAndEndFadeMode	5	_isPlayingBackRequested	02025a8c	
MUSlaveTrackStartAndEndFadeMode	6	_willJump	02025aa4	
MUSlaveTrackStartAndEndFadeMode	7	_didJump	02025aae	
MUSlaveTrackStartAndEndFadeMode	8	_isStopRequested	02025ab7	
MUSlaveTrackStartAndEndFadeMode	9	_usesReadCopies	02025ac8	
MUSlaveTrackStartAndEndFadeMode	10	_didFailToAccessSamples	02025ad8	
MUSlaveTrackStartAndEndFadeMode	11	_playbackRequestQueue	02025af0	
MUSlaveTrackStartAndEndFadeMode	12	_pendingPlaybackRequests	02025b06	
MUSlaveTrackStartAndEndFadeMode	13	_nextStopRequest	02025b1f	
MUSoloMuteSwitch	0	_isMute	02026943	
MUSoloMuteSwitch	1	_complexSpectrum	0202694b	
MUSoloMuteSwitch	2	_magnitudeData	0202695c	
MUSoloMuteSwitch	3	_phaseData	0202696b	
MUSoloMuteSwitch	4	_trueFreqData	02026976	
MUSoloMuteSwitch	5	_tonalityData	02026984	
MUSoloMuteSwitch	6	_trueTimeSampleOffsetData	02026992	
MUSoloMuteSwitch	7	_transiencyData	020269ac	
MUSoloMuteSwitch	8	_vectorData	020269bc	GNPoint *
MUSoloMuteSwitch	9	_testData	020269d2	
MUSoloMuteSwitch	10	_slice	020269f0	
MUSoloMuteSwitch	11	_bin	020269f7	
MUSoloMuteSwitch	12	_magnitude	020269fc	
MUSoloMuteSwitch	13	_magnitude1	02026a07	
MUSoloMuteSwitch	14	_assignVector	02026a13	
MUSoloMuteSwitch	15	_assignVectorAngle	02026a21	
MUSoloMuteSwitch	16	_horizontalPathQuality	02026a34	
MUSoloMuteSwitch	17	_verticalPathQuality	02026a4b	
MUSoloMuteSwitch	18	_smoothedBinRegionMagnitude	02026a60	
MUSoloMuteSwitch	19	_isVerticalMaximum	02026a7c	
MUSoloMuteSwitch	20	_isHorizontalMaximum	02026a8f	
MUSoloMuteSwitch	21	_isUsed	02026aa4	
MUSoloMuteSwitch	22	_isHorizontalAvailable	02026aac	
MUSoloMuteSwitch	23	_isVerticalAvailable	02026ac3	
MUSoloMuteSwitch	24	_horizontalPath	02026ad8	
MUSoloMuteSwitch	25	_verticalPath	02026ae8	
MUSpectralTimeSlice	0	_rightSpectrogramTimeSlices	020231c9	
MUSpectralTimeSlice	1	_attackItems	020231e5	
MUSpectralTimeSlice	2	_allFoundPropertyPoints	020231f2	
MUSpectralTimeSlice	3	_audioSourceItems	0202320a	
MUSpectralTimeSlice	4	_usedTonalPaths	0202321c	
MUSpectrumShaperController	0	_spectrumShaperModuleController	01fac934	
MUSpectrumShaperController	1	_editorSpectrumShaperContainer	01fac954	
MUSpectrumShaperController	2	_requiresCheckForTabs	01fac973	
MUSpectrumShaperController	3	_blockLayout	01fac989	
MUSpectrumShaperController	4	_dialogController	01fac996	
MUSpectrumShaperController	5	_isConfiguringViews	01fac9a8	
MUSpectrumShaperController	6	_lastCopyDocumentController	01fac9bc	
MUSpectrumShaperController	7	_menuBar	01fac9d8	
MUSpectrumShaperDisplayInfoBuffer	0	_documentPath	02024a77	
MUSpectrumShaperDisplayInfoBuffer	1	_runsDialogForMissingSoundFiles	02024a85	
MUSpectrumShaperDisplayInfoBuffer	2	_forcesStereoTracks	02024aa5	
MUSpectrumShaperDisplayInfoBuffer	3	_missingSourceWavePaths	02024ab9	
MUSpectrumShaperDisplayInfoBuffer	4	_missingMDDFilePaths	02024ad1	
MUSpectrumShaperDisplayInfoBuffer	5	_dictsToCleanUp	02024ae6	
MUSpectrumShaperDisplayInfoBuffer	6	_possibleAudioDirectories	02024af6	
MUSpectrumShaperEditType	0	_spectrumEditType	020309e2	
MUSpectrumShaperEditType	1	_maxDisplayedHarmonic	020309f4	
MUSpectrumShaperEditType	2	_zoomToWholeSpectrum	02030a0a	
MUSpectrumShaperEditType	3	_toolTipPosition	02030a1f	
MUSpectrumShaperEditType	4	_hitHarmonic	02030a30	
MUSpectrumShaperEnvelopeType	0	_envelopeType	02026b2c	
MUSpectrumShaperEnvelopeType	1	_startValue	02026b3a	
MUSpectrumShaperEnvelopeType	2	_riseDuration	02026b46	
MUSpectrumShaperEnvelopeType	3	_riseEndValue	02026b54	
MUSpectrumShaperEnvelopeType	4	_decayStartTime	02026b62	
MUSpectrumShaperEnvelopeType	5	_decayEndTime	02026b72	
MUSpectrumShaperEnvelopeType	6	_decayFactor	02026b80	
MUSpectrumShaperEnvelopeType	7	_endValue	02026b8d	
MUSpectrumShaperEnvelopeType	8	_isBypassed	02026b97	
MUSpectrumShaperEnvelopeType	9	_needsProcessEnvelope	02026ba3	
MUSpectrumShaperEnvelopeType	10	_needsProcessEnvelopeIsValid	02026bb9	
MUSpectrumShaperEnvelopeType	11	_commonSpectrum	02026bd6	
MUSpectrumShaperEnvelopeView	0	_envelope	02030a5a	
MUSpectrumShaperEnvelopeView	1	_riseEndValueRect	02030a64	
MUSpectrumShaperEnvelopeView	2	_decayStartValueRect	02030a76	
MUSpectrumShaperEnvelopeView	3	_decayEndValueRect	02030a8b	
MUSpectrumShaperEnvelopeView	4	_startValueControlSelected	02030a9e	
MUSpectrumShaperEnvelopeView	5	_riseEndValueValueControlSelected	02030ab9	
MUSpectrumShaperEnvelopeView	6	_decayStartValueControlSelected	02030adb	
MUSpectrumShaperEnvelopeView	7	_decayEndValueControlSelected	02030afb	
MUSpectrumShaperEnvelopeView	8	_displayedEnvelopeDuration	02030b19	
MUSpectrumShaperEnvelopeView	9	_adjustmentColumnIndex	02030b34	
MUSpectrumShaperEnvelopeView	10	_snapValues	02030b4b	
MUSpectrumShaperEnvelopeView	11	_intendedSize	02030b57	
MUSpectrumShaperEnvelopeView	12	_rightSizeLimiter	02030b65	
MUSpectrumShaperParameterSet	0	_midiTimeline	01faed44	
MUSpectrumShaperParameterSet	1	_mpdReader	01faed52	
MUSpectrumShaperParameterSet	2	_mddReader	01faed5d	
MUSpectrumShaperSpectrum	0	_lowerSpectrum	02026bff	
MUSpectrumShaperSpectrum	1	_upperSpectrum	02026c0e	
MUSpectrumShaperSpectrum	2	_equalizerBandsSpectrum	02026c1d	
MUSpectrumShaperSpectrum	3	_ampEnvelope	02026c35	
MUSpectrumShaperSpectrum	4	_spectrumDiffPowEnvelope	02026c42	
MUSpectrumShaperSpectrum	5	_formantEnvelope	02026c5b	
MUSpectrumShaperSpectrum	6	_processEqualizer	02026c6c	
MUSpectrumShaperSpectrum	7	_processLowerSpectrum	02026c7e	
MUSpectrumShaperSpectrum	8	_processUpperSpectrum	02026c94	
MUSpectrumShaperSpectrum	9	_referenceElements	02026caa	
MUSpectrumShaperSpectrum	10	_overallSpectrum	02026cbd	
MUSpectrumShaperSpectrum	11	_appliedEqualizerFactors	02026cce	
MUSpectrumShaperSpectrum	12	_appliedEqualizerFormantFactors	02026ce7	
MUSpectrumShaperSpectrum	13	_equalizerBandsPitchOffset	02026d07	
MUSpectrumShaperSpectrum	14	_overallSpectrumFundamentalPitchIndex	02026d22	
MUSpectrumShaperSpectrum	15	_overallSpectrumFreqPerBin	02026d48	
MUSpectrumShaperSpectrum	16	_referenceMagnitudeSum	02026d63	
MUSpectrumShaperSpectrum	17	_maximumMagnitudeSum	02026d7a	
MUSpectrumShaperSpectrum	18	_synthAmps	02026d8f	
MUSpectrumShaperSpectrum	19	_synthPhases	02026d9a	
MUSpectrumShaperSpectrum	20	_emphasizePow	02026da7	
MUSpectrumShaperSpectrum	21	_allGain	02026db5	
MUSpectrumShaperSpectrum	22	_ampDifferencePow	02026dbe	
MUSpectrumShaperSpectrum	23	_clipLimit	02026dd0	
MUSpectrumShaperSpectrum	24	_referenceDescriptionGrade	02026ddb	
MUSpectrumShaperSpectrum	25	_appliedEqualizerFactorsAreValid	02026df6	
MUSpectrumShaperSpectrum	26	_appliedEqualizerFormantFactorsAreValid	02026e17	
MUSpectrumShaperSpectrum	27	_processSpectrumShaperIsValid	02026e3f	
MUSpectrumShaperSpectrumCtrl	0	_spectrumDisplayGroup	02030bf1	
MUSpectrumShaperSpectrumCtrl	1	_combWidthStartButton	02030c07	
MUSpectrumShaperSpectrumCtrl	2	_combWidthEndButton	02030c1d	
MUSpectrumShaperSpectrumCtrl	3	_spectrumView	02030c31	
MUSpectrumShaperSpectrumCtrl	4	_averageGenerator	02030c3f	
MUSpectrumShaperSpectrumCtrl	5	_averageGeneratorOriginal	02030c51	
MUSpectrumShaperSpectrumCtrl	6	_generators	02030c6b	
MUSpectrumShaperSpectrumCtrl	7	_generatorOriginals	02030c77	
MUSpectrumShaperSpectrumType	0	_spectrumType	02026e96	
MUSpectrumShaperSpectrumType	1	_displayInfo	02026ea4	
MUSpectrumShaperSpectrumType	2	_readIndex	02026eb1	
MUSpectrumShaperSpectrumType	3	_writeIndex	02026ebc	
MUSpectrumShaperSpectrumType	4	_needsProcessSpectrumShaper	02026ec8	
MUSpectrumShaperSpectrumType	5	_needsProcessFormants	02026ee4	
MUSpectrumShaperSpectrumType	6	_needsProcessFormantsIsValid	02026efa	
MUSpectrumShaperSpectrumType	7	_baseTargetMagnitudes	02026f17	
MUSpectrumShaperSpectrumType	8	_referenceMagnitudes	02026f2d	
MUSpectrumShaperSpectrumType	9	_unreducedMagnitudeFactors	02026f42	
MUSpectrumShaperSpectrumType	10	_formantFactors	02026f5d	
MUSpectrumShaperSpectrumType	11	_appliedSpectrumFactors	02026f6d	
MUSpectrumShaperSpectrumType	12	_appliedSpectrumFactorsAreValid	02026f85	
MUSpectrumShaperSpectrumType	13	_combFactors	02026fa5	
MUSpectrumShaperSpectrumType	14	_combFactorsAreValid	02026fb2	
MUSpectrumShaperSpectrumType	15	_referenceFrequency	02026fc7	
MUSpectrumShaperSpectrumType	16	_oneByFTiltPow	02026fdb	
MUSpectrumShaperSpectrumType	17	_oneByFDiffPow	02026fea	
MUSpectrumShaperSpectrumType	18	_oneByFDecayPow	02026ff9	
MUSpectrumShaperSpectrumView	0	_displayInfoPlaybackRenderers	02030912	
MUSpectrumShaperSpectrumView	1	_displayInfoGenerators	02030930	
MUSpectrumShaperSpectrumView	2	_displayInfoBuffer	02030947	
MUSpectrumShaperSpectrumView	3	_harmonicIsSelected	0203095a	
MUSpectrumShaperSpectrumView	4	_xForHarmonic	0203096e	
MUSpectrumShaperSpectrumView	5	_yHeightForHarmonic	0203097c	
MUSpectrumShaperSpectrumView	6	_yHeightForReferenceHarmonic	02030990	
MUSpectrumShaperSpectrumView	7	_animatedYHeightForHarmonic	020309ad	
MUSpectrumShaperSynthCtrl	0	_ampEnvelopeView	02030b91	
MUSpectrumShaperSynthCtrl	1	_spectrumDiffPowEnvelopeView	02030ba2	
MUSpectrumShaperSynthCtrl	2	_formantEnvelopeView	02030bbf	
MUStereoPannerRenderer	0	_panoramaInc	02027064	
MUStereoPannerRenderer	1	_panoramaSteps	02027071	
MUStereoPannerRenderer	2	_joinsPitches	02027080	
MUStereoPannerRenderer	3	_joinsPhases	0202708e	
MUStereoPannerRenderer	4	_joinsAmplitudes	0202709b	
MUStereoPannerRenderer	5	_joinsTempoMapAngles	020270ac	
MUStereoPannerRenderer	6	_joinsFormants	020270c1	
MUStereoPannerRenderer	7	_pitchTransitionDuration	020270d0	
MUStereoPannerRenderer	8	_amplitudeTransitionDuration	020270e9	
MUStereoPannerRenderer	9	_formantTransitionDuration	02027106	
MUSurroundPanner	0	_diversity	02027132	
MUSurroundPanner	1	_spread	0202713d	
MUSurroundPanner	2	_frontSeparation	02027145	
MUSurroundPanner	3	_rearSeparation	02027156	
MUSurroundPanner	4	_depthSeparation	02027166	
MUTagAttribute	0	_isMandatory	02027186	
MUTagAttribute	1	_isSearchable	02027193	
MUTagAttribute	2	_isCopyable	020271a1	
MUTagAttribute	3	_searchConfigIndex	020271ad	
MUTagAttribute	4	_searchAllConfigIndex	020271c0	
MUTagAttribute	5	_isExportable	020271d6	
MUTagAttribute	6	_isUsableByAsset	020271e4	
MUTagAttribute	7	_layerDerivesItFromMaster	020271f5	
MUTagAttribute	8	_layerDerivesItFromAllLoops	0202720f	
MUTagAttribute	9	_layerMaintainsItManually	0202722b	
MUTagAttribute	10	_layerIgnoresIt	02027245	
MUTagAttribute	11	_rehashDerivesItFromMaster	02027255	
MUTagAttribute	12	_rehashMaintainsItManually	02027270	
MUTagAttribute	13	_rehashIgnoresIt	0202728b	
MUTagAttribute	14	_similarity	0202729c	
MUTagAttributeOption	0	_tagsetDescription	02027320	
MUTagAttributeOption	1	_indexInDescription	02027333	
MUTagAttributeOption	2	_usageCount	02027347	
MUTagAttributeOption	3	_searchTitle	02027353	
MUTagAttributeOption	4	_titlePath	02027360	
MUTagAttributeOption	5	_subOptions	0202736b	
MUTagAttributeOption	6	_superOption	02027377	
MUTagAttributeOption	7	_optionType	02027384	
MUTagAttributeOption	8	_options	02027390	
MUTagAttributeOption	9	_requiredByOptions	02027399	
MUTagAttributeOption	10	_searchOptions	020273ac	
MUTagAttributeOption	11	_virtualSearchOptions	020273bb	
MUTagAttributeOption	12	_availableLoopComponents	020273d1	
MUTagAttributeOption	13	_availableLoopComponentsQualifier	020273ea	
MUTagAttributeOption	14	_consumerSearchQualifier	0202740c	
MUTagAttributeOption	15	_substitutions	02027425	
MUTagOptionAttribute	0	_allowsMultipleOptions	02027621	
MUTagOptionAttribute	1	_allOptionsCache	02027638	
MUTagOptionAttribute	2	_virtualOptionType	02027649	
MUTagOptionAttribute	3	_isInstrumentTypeSeparated	0202765c	
MUTagOptionAttribute	4	_titleRenamings	02027677	
MUTagOptionAttribute	5	_virtualParent	02027687	
MUTagOptionAttribute	6	_virtualRoot	02027696	
MUTagOptionAttribute	7	_virtualChilds	020276a3	
MUTagOptionAttributeValue	0	_attributeDescription	020276cc	
MUTagOptionAttributeValue	1	_attributeValuesByAttributeIndex	020276e2	
MUTagOptionAttributeValue	2	_virtualAttributeValues	02027703	
MUTagOptionAttributeValue	3	_destinationClass	0202771b	
MUTagOptionAttributeValue	4	_attributesByTitle	0202772d	
MUTagOptionAttributeValue	5	_wasAwaken	02027740	
MUTagSetPatternStructure	0	_patternStructure	0202e266	
MUTagSetPatternStructure	1	_rhythmicPattern	0202e278	
MUTagSetPatternStructure	2	_averagePitchIndex	0202e289	
MUTagSetPatternStructure	3	_densityIndex	0202e29c	
MUTempoAnalyzerEvent	0	_elementTempoEvents	020277cb	
MUTempoAnalyzerEvent	1	_mergedTimeline	020277df	
MUTempoAnalyzerEvent	2	_elementAnalyzer	020277ef	
MUTempoAnalyzerEvent	3	_sourceDuration	02027800	
MUTempoAnalyzerEvent	4	_maxUsedPeriod	02027810	
MUTempoAnalyzerEvent	5	_elementsAreTonal	0202781f	
MUTempoDetectionRange	0	_subdivision	02027913	
MUTempoDetectionRange	1	_tempoRegion	02027920	
MUTempoDetectionRange	2	_tempoCourse	0202792d	
MUTempoDetectionRange	3	_rightAdjacentRegion	0202793a	
MUTempoDetectionRange	4	_leftAdjacentRegion	0202794f	
MUTempoDetectionRange	5	_firstValidBeat	02027963	
MUTempoDetectionRange	6	_lastValidBeat	02027973	
MUTempoDetectionRange	7	_beatSequence	02027982	
MUTempoDetectionRange	8	_rightContinuationIsConsistent	02027990	
MUTempoDetectionRange	9	_leftContinuationIsConsistent	020279af	
MUTempoDetectionRange	10	_bestSequencesRatio	020279cd	
MUTempoDetectionRange	11	_quality	020279e1	
MUTempoDetectionRange	12	_testDisplayString	020279ea	
MUTempoDetectionRange	13	_targetTime	020279fd	
MUTempoDetectionRange	14	_windowOverlapForTrueFreqs	02027a09	
MUTempoDetectionRange	15	_timeSliceTimeDistance	02027a24	
MUTempoDetectionRange	16	_monoPitchMatrixTimeSliceSampleCount	02027a3b	
MUTempoDetectionRange	17	_monoPitchMatrixTimeSliceTimeDistance	02027a60	
MUTempoDetectionRange	18	_tonalityWeightTableSize	02027a86	
MUTempoDetectionRange	19	_useTonalityWeightTable	02027a9f	
MUTempoDetectionRange	20	_expectedPhaseOffsets	02027ab7	
MUTempoDetectionRange	21	_binFrequencies	02027acd	
MUTempoDetectionRange	22	_centIndexDistancePerBinAtCentIndex	02027add	
MUTempoDetectionRange	23	_tonalityWeightTable	02027b01	
MUTempoDetectionRange	24	_regionTracks	02027b16	
MUTempoDetectionRange	25	_sequenceTrack	02027b24	
MUTempoDetectionRegion	0	_descriptionType	0201f94e	
MUTempoDetectionRegion	1	_useAutomaticDetection	0201f95f	
MUTempoDetectionRegion	2	_percussiveSeparation	0201f976	
MUTempoDetectionRegion	3	_hasDistinctAttacks	0201f98c	
MUTempoDetectionRegion	4	_findSibilantPointsAutomatically	0201f9a0	
MUTempoDetectionRegion	5	_isPreliminary	0201f9c1	
MUTempoDetectionRegion	6	_isTonalicOnly	0201f9d0	
MUTempoDetectionRegion	7	_allowAutomaticPolyphonicDetection	0201f9df	
MUTempoDetectionRegion	8	_usedRanges	0201fa02	
MUTempoEditorChangeHelper	0	_displayTempoRatioRange	01fb2432	
MUTempoEditorChangeHelper	1	_affectedElements	01fb244a	
MUTempoEditorChangeHelper	2	_oldStartTimesForNotes	01fb245c	
MUTempoEditorChangeHelper	3	_oldEndTimesForNotes	01fb2473	
MUTempoEditorChangeHelper	4	_tempoAnalyzer	01fb2488	
MUTempoEditorChangeHelper	5	_tempoAnalyzerDialog	01fb2497	
MUTempoEditorDelegate	0	_documentViewControllers	01fabda5	
MUTempoEditorDelegate	1	_asyncDocumentAdder	01fabdbe	
MUTempoEditorDelegate	2	_tempoEditorView	01fabdd2	
MUTempoEditorDelegate	3	_signatureEditorView	01fabde3	
MUTempoEditorDelegate	4	_startResizingHeight	01fabdf8	
MUTempoEditorDelegate	5	_syncMultiTrackAfterTicks	01fabe0d	
MUTempoEditorDelegate	6	_syncEditorAfterTicks	01fabe27	
MUTempoEditorDelegate	7	_tempoEditorHelper	01fabe3d	
MUTempoEditorSubview	0	_pos	0203127e	
MUTempoEditorSubview	1	_posOffset	02031283	
MUTempoEditorSubview	2	_hitRect	0203128e	
MUTempoEditorSubview	3	_isJump	02031297	
MUTempoEditorSubview	4	_superItem	0203129f	
MUTempoEditorSubview	5	_subItems	020312aa	
MUTempoEditorSubview	6	_anchor	020312b4	
MUTempoEditorSubview	7	_region	020312bc	
MUTempoEditorSubview	8	_bgColor	020312c4	
MUTempoEditorSubview	9	_bgColor2	020312cd	
MUTempoEditorSubview	10	_highlightedBPM	020312d7	
MUTempoEditorSubview	11	_bmpPerLine	020312e7	
MUTempoEditorSubview	12	_bgRect	020312f3	
MUTempoEditorSubview	13	_copiedTimeline	020312fb	
MUTempoEditorSubview	14	_oldTimeline	0203130b	
MUTempoEditorSubview	15	_replacedTimeGrid	02031318	
MUTempoEditorSubview	16	_newTimeGrid	0203132a	
MUTempoEditorSubview	17	_replacedTimeMapper	02031337	
MUTempoEditorSubview	18	_newTimeMapper	0203134b	
MUTempoEditorSubview	19	_c1	02031374	
MUTempoEditorSubview	20	_c2	02031378	
MUTempoEditorSubview	21	_x1	0203137c	
MUTempoEditorSubview	22	_x2	02031380	
MUTempoEditorSubview	23	_y0	02031384	
MUTempoEditorSubview	24	_y1	02031388	
MUTempoEditorSubview	25	_y2	0203138c	
MUTempoPeriod	0	_timeDistanceOfTempoPoints	0202785b	
MUTempoPeriod	1	_tempoCourseStartIndex	02027876	
MUTempoPeriod	2	_periodDuration	0202788d	
MUTempoPeriod	3	_beatMatchingQuality	0202789d	
MUTempoPeriod	4	_preferredTempoWeightedQuality	020278b2	
MUTempoPeriod	5	_isBestQuality	020278d1	
MUTempoPeriod	6	_displayValue	020278e0	
MUTempoPeriod	7	_testedQuality	020278ee	
MUTempoRegion	0	_dropDuration	01fb23cf	
MUTempoRegion	1	_dropTime	01fb23dd	
MUTempoRegion	2	_clickedAnchorTempo	01fb23e7	
MUTempoRegion	3	_dropTempoRect	01fb23fb	
MUTempoRegion	4	_changeHelper	01fb240a	
MUTestValueControl	0	_conttroller	0202ec0b	
MUTestValueControl	1	_registeredValue	0202ec18	
MUTestValueControl	2	_conttrollerClassName	0202ec29	
MUTestValueControl	3	_objectValue	0202ec3f	
MUTestViewController	0	_sampleFrames	01fad88b	
MUTestViewController	1	_inputChannelFormat	01fad899	
MUTestViewController	2	_outputChannelFormat	01fad8ad	
MUTestViewController	3	_secondsPerSampleFrame	01fad8c2	
MUTestViewController	4	_workgroup	01fad8d9	
MUTextFieldDragAndEditHandler	0	_heightMatrix	01fad16c	
MUTextFieldDragAndEditHandler	1	_applyOffsetsButton	01fad17a	
MUTextFieldDragAndEditHandler	2	_inputOutputGroup	01fad18e	
MUTextFieldDragAndEditHandler	3	_muteSoloGroup	01fad1a0	
MUTextFieldDragAndEditHandler	4	_removedTonalicGroup	01fad1af	
MUTextFieldDragAndEditHandler	5	_formantSlider	01fad1c4	
MUTextFieldDragAndEditHandler	6	_pitchSlider	01fad1d3	
MUTextFieldDragAndEditHandler	7	_panoramaSlider	01fad1e0	
MUTextFieldDragAndEditHandler	8	_defaultDetectionModePopup	01fad1f0	
MUTextFieldDragAndEditHandler	9	_mainIn	01fad20b	
MUTextFieldDragAndEditHandler	10	_mainOut	01fad213	
MUTextFieldDragAndEditHandler	11	_volumeField	01fad21c	
MUTextFieldDragAndEditHandler	12	_panoramaField	01fad229	
MUTextFieldDragAndEditHandler	13	_pitchField	01fad238	
MUTextFieldDragAndEditHandler	14	_formantField	01fad244	
MUTextFieldDragAndEditHandler	15	_trackTypePopup	01fad252	
MUTextFieldDragAndEditHandler	16	_trackTypeLabel	01fad262	
MUTextFieldDragAndEditHandler	17	_copyDetectionPullDown	01fad272	
MUTextFieldDragAndEditHandler	18	_generatorObserver	01fad289	
MUTextFieldDragAndEditHandler	19	_pannerObserver	01fad29c	
MUTextFieldDragAndEditHandler	20	_trackObserver	01fad2ac	
MUTextFieldDragAndEditHandler	21	_inDrag	01fad2bb	
MUTextFieldDragAndEditHandler	22	_dragAndEditHandler	01fad2c3	
MUTextFieldDragAndEditHandler	23	_behavesLikeAButton	01fad2d7	
MUTextFieldDragAndEditHandler	24	_glassEffectRect	01fad2eb	
MUTextFieldDragAndEditHandler	25	_glassEffectColor	01fad2fc	
MUTextFieldDragAndEditHandler	26	_charBitmap	01fad30e	
MUTextFieldDragAndEditHandler	27	_charRects	01fad31a	
MUThirdsCircle	0	_thirdsCircleValues	020289db	
MUThirdsCircle	1	_chordExtension	020289ef	
MUThirdsCircle	2	_fundamentalPitchClass	020289ff	
MUThirdsCircle	3	_matchQuality	02028a16	
MUTimeHandleTool	0	_tool	01fb25aa	
MUTimeHandleTool	1	_viewInfoDict	01fb25b0	
MUTimeHandleTool	2	_displayElement	01fb25be	
MUTimeHandleTool	3	_selectedEditFunctionPoints	01fb25ce	
MUTimeHandleToolViewInfo	0	_viewsWithSelection	0202fca3	
MUTimeHandleToolViewInfo	1	_editElement	0202fcb7	
MUTimeHandleToolViewInfo	2	_removedPredecessors	0202fcff	
MUTimeHandleToolViewInfo	3	_removedSuccessors	0202fd14	
MUTimeJump	0	_displayGrids	01fa907b	
MUTimeJump	1	_selectedTimeRange	01fa9089	
MUTimeJump	2	_highlightGuideTime	01fa909c	
MUTimeJump	3	_highlightLevel	01fa90b0	
MUTimeJump	4	_showsHighlightGuides	01fa90c0	
MUTimeJump	5	_showsReplaceRanges	01fa90d6	
MUTimeJump	6	_contextMenuCopy	01fa90ea	
MUTimeJump	7	_cycleChangedObserver	01fa90fb	
MUTimeJump	8	_isEditingDetection	01fa9111	
MUTimeJump	9	_scaleButton	01fa9125	
MUTimeJump	10	_chordButton	01fa9132	
MUTimeSliceParameterBuffer	0	_updateDecomposedAudioSignalsIsSuspended	02020c21	
MUTimeSliceParameterBuffer	1	_shouldHandleSibilants	02020c4a	
MUTimeSliceParameterBuffer	2	_didPerformBreathSeparation	02020c61	
MUTimeSliceParameterBuffer	3	_findMonophonicPitchInFrequencyDomain	02020c7d	
MUTimeSliceParameterBuffer	4	_referenceMidiDocument	02020ca3	
MUTimeSliceParameterBuffer	5	_changedAttackItems	02020cba	
MUTimeSliceParameterBuffer	6	_modifiedSourceElements	02020cce	
MUTimeSliceParameterBuffer	7	_noiseRanges	02020ce6	
MUTimeSliceParameterBuffer	8	_isSingleInstrument	02020cf3	
MUTimeSliceParameterBuffer	9	_recordingInfoString	02020d07	
MUTimeSliceParameterBuffer	10	_audioSourceInstrumentPortions	02020d1c	
MUTimeStretchTool	0	_timeStretchEndTool	01fb0631	
MUTimeStretchTool	1	_timeSeparationTool	01fb0645	
MUTimeStretchTool	2	_pitchTool	01fb0659	
MUTimelineToolMode	0	_toolMode	01fb2219	
MUTimelineToolMode	1	_rebuildItems	01fb2223	
MUTimelineToolMode	2	_tempoRegionViews	01fb2231	
MUTimelineToolMode	3	_regionItems	01fb2243	
MUTrackAutomation	0	_midiInSlot	02027d08	
MUTrackAutomation	1	_isRecordingEnabled	02027d14	
MUTrackAutomation	2	_defaultAnalyzerParameterSetIdenfier	02027d28	
MUTrackElementsCache	0	_effectTempoFactor	02027dc8	
MUTrackElementsCache	1	_startMargin	02027ddb	
MUTrackElementsCache	2	_endMargin	02027de8	
MUTrackElementsCache	3	_segmentSize	02027df3	
MUTrackElementsCache	4	_segmentOffset	02027e00	
MUTrackElementsCache	5	_timeSegments	02027e0f	
MUTrackOperationMode	0	_operationMode	02027b48	
MUTrackOperationMode	1	_slaveTracks	02027b57	
MUTrackOperationMode	2	_masterTrack	02027b64	
MUTrackOperationMode	3	_araAudioPlaybackRegion	02027b71	
MUTrackOperationMode	4	_plugInTrack	02027b89	
MUTrackOperationMode	5	_isSlaveTrackValid	02027b96	
MUTrackOperationMode	6	_isSlaveGeneratorValid	02027ba9	
MUTrackOperationMode	7	_areElementTimesValid	02027bc0	
MUTrackOperationMode	8	_areHeadAndTailDurationsValid	02027bd6	
MUTrackOperationMode	9	_signalChangeCount	02027bf4	
MUTrackOperationMode	10	_headDurationInSlaveTimeCache	02027c07	
MUTrackOperationMode	11	_tailDurationInSlaveTimeCache	02027c25	
MUTrackOperationMode	12	_isPreservingAudioSourceSignal	02027c43	
MUTrackOperationMode	13	_cachesGeneratorSignal	02027c62	
MUTrackOperationMode	14	_cachesEffectChainSignal	02027c79	
MUTrackOperationMode	15	_cachesModulationSources	02027c92	
MUTrackOperationMode	16	_supertrack	02027cab	
MUTrackOperationMode	17	_amplitudeModulationSource	02027cb7	
MUTrackOperationMode	18	_pitchModulationSource	02027cd2	
MUTrackOperationMode	19	_automations	02027ce9	
MUTrackPreloadRange	0	_cacheWarmUpLastCursorTime	01fada99	
MUTrackPreloadRange	1	_cacheLastCursorTimeRanges	01fadab4	
MUTrackPreloadRange	2	_cacheWarmUpLastLeftCycleQuarter	01fadacf	
MUTrackPreloadRange	3	_cachedLastLeftCycleRanges	01fadaf0	
MUTrackPreloadRange	4	_cachedARARegionStartRanges	01fadb0b	
MUTrackPreloadRange	5	_hostPlaybackRenderer	01fadb27	
MUTrackPreloadRange	6	_hostPlaybackTimeProgressor	01fadb3d	
MUTrackPreloadRange	7	_expectedNextAraHostSampleIndex	01fadb59	
MUTrackPreloadRange	8	_ringBuffer	01fadb79	
MUTrackRenderer	0	_renderThread	02020134	
MUTrackRenderer	1	_mask	02020142	
MUTrackRenderer	2	_protectedSampleCount	02020148	
MUTrackRenderer	3	_isContinuousDirectAppendingEnabled	0202015e	
MUTrackSet	0	_library	020242de	
MUTrackSet	1	_loopPool	020242e7	
MUTrackSet	2	_loopsByIdentifierCache	020242f1	
MUTrackSet	3	_loginUser	02024309	
MUTrackSet	4	_libraryFilesByChecksumCache	02024314	
MUTrackSet	5	_libraryFilesByChecksumCacheLock	02024331	
MUTrackSet	6	_consumerSearchAttributesCache	02024352	
MUTrackSet	7	_autotagsAttributesCache	02024371	
MUTrackSet	8	_availableLoopComponentsCache	0202438a	
MUTrackSet	9	_availableLoopComponentsByTypeCache	020243a8	
MUTrackTimeSegment	0	_changedElements	02027e30	
MUTrackTimeSegment	1	_maximumElementRendererCount	02027e41	
MUTrackTimeSegment	2	_maximumElementRendererCountIsValid	02027e5e	
MUTrackTimeSegment	3	_elementPreloadRanges	02027e82	
MUTrackTimeSegment	4	_timeRange	02027e98	
MUTrackTimeSegment	5	_subrenderers	02027ea3	
MUTrackTimeSegment	6	_audioGeneratorRenderer	02027eb1	
MUTrackTimeSegment	7	_audioEffectChainRenderer	02027ec9	
MUTrackTimeSegment	8	_midiInputQueue	02027ee3	
MUTrackTimeSegment	9	_audioInputRecorder	02027ef3	
MUTrackTimeSegment	10	_paAudioInputRecorder	02027f07	
MUTrackTimeSegment	11	_paStorage	02027f1d	
MUTrackTimeSegment	12	_paIndex	02027f28	
MUTrackTimeSegment	13	_playingRealtimeElements	02027f31	
MUTrackTimeSegment	14	_playingPerformanceElements	02027f4a	
MUTrackTimeSegment	15	_playbackPreload	02027f66	
MUTrackTimeSegment	16	_nextJumpTargetPreload	02027f77	
MUTrackTimeSegment	17	_audioOutputRecorder	02027f8e	
MUTrackTimeSegment	18	_isRecordingAudioInput	02027fa3	
MUTrackTimeSegment	19	_didRecordOutput	02027fba	
MUTrackTimeSegment	20	_isMutingAllElements	02027fcb	
MUTrackTimeSegment	21	_needsToRenderEffects	02027fe0	
MUTrackTimeSegment	22	_didRenderEffects	02027ff6	
MUTurkishPentachord	0	_baseCommaValue	020280cd	
MUTurkishPentachord	1	_validCommaValuesCount	020280dd	
MUTurkishPentachord	2	_pentachordCommaValues	020280f4	
MUVibratoRange	0	_analyzer	020204a0	
MUVibratoRange	1	_assignedAttackItem	020204aa	
MUVibratoRange	2	_isMarkedAsPreliminaryItem	020204be	
MUVibratoRange	3	_sortingValue	020204d9	
MUVibratoRange	4	_harmonicNumber	020204e7	
MUVibratoRange	5	_timePosIndexOfPitchCenterRelevanceStart	020204f7	
MUVibratoRange	6	_timePosIndexOfPitchCenterRelevanceEnd	02020520	
MUVibratoRange	7	_attackQuality	02020547	
MUVibratoRange	8	_weightForContinuedTonality	02020556	
MUVibratoRange	9	_phaseDiffusionAtAttack	02020572	
MUVibratoRange	10	_attackPhaseContinuingData	0202058a	
MUVoiceMapperVoiceOption	0	_transpositionInterval	02029dca	
MUVoiceMapperVoiceOption	1	_totalPitchDelta	02029de1	
MUVoiceMapperVoiceOption	2	_totalMoveDelta	02029df2	
MUVoiceMapperVoiceOption	3	_totalPitchCount	02029e02	
MUVoiceMapperVoiceOption	4	_totalMoveCount	02029e13	
MUVoiceMapperVoiceOption	5	_resetOnly	02029e23	
MUVoicePreTransposition	0	_voicePreTransposition	020281f6	
MUVoicePreTransposition	1	_dropFifthAndRootFirst	0202820d	
MUVoicePreTransposition	2	_minorSecondToUpperVoiceWeight	02028224	
MUVoicePreTransposition	3	_minorNinthToUpperVoiceWeight	02028243	
MUVoicePreTransposition	4	_targetNoteOmittedWeight	02028261	
MUVoicePreTransposition	5	_crossingWeight	0202827a	
MUVoicePreTransposition	6	_pitchDistanceWeight	0202828a	
MUVoicePreTransposition	7	_directionOmittedWeight	0202829f	
MUVoicePreTransposition	8	_missingThirdWeight	020282b7	
MUVoicePreTransposition	9	_missingSeventhWeight	020282cb	
MUVoicePreTransposition	10	_keepsDiatonicIntervals	020282e1	
MUVoicePreTransposition	11	_preferLessTranspositionWeight	020282f9	
MUVoicePreTransposition	12	_keepTransitionIntervalsWeight	02028318	
MUVoicePreTransposition	13	_preservesUpperVoiceMovement	02028337	
MUVoicePreTransposition	14	_preservesUpperVoiceMovementForRepetitionsOnly	02028354	
MUVoicing	0	_sourceVoicing	02025759	
MUVoicing	1	_isBlockChordsStructure	02025768	
MUVoicing	2	_isResolvingDominant	02025780	
MUVoicing	3	_hasCustomVoicing	02025795	
MUVoicing	4	_effectiveTargetChord	020257a7	
MUVoicing	5	_barIndex	020257bd	
MUVoicing	6	_targetPitchIndexes	020257c7	
MUVoicing	7	_weightedPitchDeltas	020257db	
MUVoicing	8	_targetPitcheCenters	020257f0	
MUVoicing	9	_isDetectionPerformance	02025805	
MUVoicing	10	_audioIOConfiguration	0202581d	
MUVowel	0	_formants	01fb2856	
MUVowel	1	_voiceTitle	01fb2860	
MUVowel	2	_vowelTitle	01fb286c	
MUWesternStandardPitchTitleSystem	0	_diatonicTitles	01fb26a5	
MUWesternStandardPitchTitleSystem	1	_capitalizedDiatonicTitles	01fb26b5	
MUWesternStandardPitchTitleSystem	2	_indicatesGermanHB	01fb26d0	
MUWesternStandardPitchTitleSystemPrefCtrl	0	_pitchLabelsPopUp	01fa95ba	
MUWesternStandardPitchTitleSystemPrefCtrl	1	_pixelsPerSecond	01fa95e2	
MUWesternStandardPitchTitleSystemPrefCtrl	2	_maxFormatter	01fa95f3	
MUWesternStandardPitchTitleSystemPrefCtrl	3	_lastIndex	01fa9601	
NAME	0	_ex	029cc488	
NAME	1	_nid	029cc7a7	
NAME	2	_sk	029cc7ee	
NAME	3	_nid	029cc8fc	
NID	0	_ctx	029cb13e	
NID	1	_ctx	029cb15b	
NID	2	_ctx	029cb171	
OAEP	0	_mgf1	029c79d7	
OAEP	1	_mgf1	029c7a6d	
OAEP	2	_mgf1	029c7a84	
OBJ	0	_cert	029ca726	
OBJ	1	_ex	029ca770	
OBJ	2	_data	029ca811	
OBJ	3	_depth	029ca839	
OBJ	4	_depth	029ca84a	
OBJ	5	_cb	029caa19	
OBJ	6	_cb	029caa2d	
OBJ	7	_asc	029cabed	
OINT	0	_discriminant	029bfa3a	
OINT	1	_key_gen	029bfbcf	
OINT	2	_affine_coordinates	029bfcc1	
PAddress	0	_arg	029c4415	
PAddress	1	_ctrl	029c4613	
PAddress	2	_ccm64	029c4793	
PAddress	3	_ccm64	029c47a4	
PAddress	4	_ctr32	029c4806	
PAddress	5	_ctr32	029c4886	
PAddress	6	_ctr32	029c4897	
PAddress	7	_pad	029c4a56	
PAddress	8	_pad	029c4a65	
PAddress	9	_sorted	029c4c3c	
PAddress	10	_objects	029c4d5a	
PMPrintSettings	0	_updateModifierFlags	0242571e	
PMPrintSettings	1	_weakRootView	02425745	
PMPrintSettings	2	_cleanupTrackingArea	024257e6	
PNGroovePattern	0	_targetPositions	02028a34	
PNGroovePattern	1	_quarterPositionsInCycle	02028a45	
PNGroovePattern	2	_grooveBeatProperties	02028a5e	
PNTestBinPath	0	_binPeaks	02028401	
PNTestBinPath	1	_peakCountQuality	0202840b	
PNTestBinPath	2	_averagePitchConsistency	0202841d	
PNTestBinPath	3	_averageMagnitude	02028436	
PNTestBinPeak	0	_binNumber	02028391	
PNTestBinPeak	1	_assignedSlicePosition	0202839c	
PNTestBinPeak	2	_assignedBinPosition	020283b3	
PNTestBinPeak	3	_pitchConsistency	020283c8	
PNTestBinPeak	4	_temporaryValue	020283da	
PNTestBinPeak	5	_binPath	020283ea	
PNTestChord	0	_fundamental	02028990	
PNTestChord	1	_third	0202899d	
PNTestChord	2	_fifth	020289a4	
PNTestChord	3	_seventh	020289ab	
PNTestChord	4	_intervalChainNoteCount	020289b4	
PNTestMatrixPath	0	_useDNA2ForPolyphonicDetection	0202323d	
PNTestMatrixPath	1	_foundPropertyPointCount	0202325c	
PNTestMatrixPath	2	_polyPitchEnergyMatrixExtracted	02023275	
PNTestMatrixPath	3	_polyPitchEnergyMatrixOriginal	02023295	
PNTestMatrixPath	4	_polyPitchRelevanceMatrixExtracted	020232b4	
PNTestMatrixPath	5	_polyPitchRelevanceMatrixOriginal	020232d7	
PNTestMatrixPath	6	_polyPitchCentMatrixForAdditionalDisplay	020232f9	
PNTestMatrixPath	7	_processedTimeSliceParameterBuffer	02023322	
PNTestMatrixPath	8	_processedTimeSliceCount	02023345	
PNTestMatrixPath	9	_polyPitchMatrixVectorsMagnitude	0202335e	
PNTestMatrixPath	10	_polyPitchMatrixVectorsY	0202337f	
PNTestMatrixPath	11	_originalTrueTimeAmplitudesMatrix	02023398	
PNTestMatrixPath	12	_smoothedOriginalAmplitudesMatrixForFundamentalInfluence	020233ba	
PNTestMatrixPath	13	_relevanceMatrix	020233f3	
PNTestMatrixPath	14	_relevancePeaks	02023404	
PNTestMatrixPathChain	0	_chainedPaths	02028803	
PNTestMatrixPathChain	1	_subharmonicChains	02028811	
PNTestMatrixPathChain	2	_pointsStartTimeSliceIndex	02028824	
PNTestMatrixPathChain	3	_pointsEndTimeSliceIndex	0202883f	
PNTestMatrixPathChain	4	_arrayStartTimeSliceIndex	02028858	
PNTestMatrixPathChain	5	_arrayEndTimeSliceIndex	02028872	
PNTestMatrixPathChain	6	_originalEnvelopeArray	0202888a	
PNTestMatrixPathRelation	0	_relationTemporaryValue	0202879b	
PNTestMatrixPathRelation	1	_lowerRelatedPoint	020287b3	
PNTestMatrixPathRelation	2	_upperRelatedPoint	020287c6	
PNTestMatrixPathRelation	3	_harmonicHitQuality	020287d9	
PNTestMatrixPeaksForFastSearch	0	_previousRenderedBackgroundDisplayType	02023433	
PNTestMatrixPeaksForFastSearch	1	_previousTestValue1	0202345a	
PNTestMatrixPeaksForFastSearch	2	_previousTestValue2	0202346e	
PNTestMatrixPeaksForFastSearch	3	_previousTestValue3	02023482	
PNTestMatrixPeaksForFastSearch	4	_previousTestValue4	02023496	
PNTestMatrixPeaksForFastSearch	5	_previousRelevanceRankLimit	020234aa	
PNTestMatrixPeaksForFastSearch	6	_previousRelevanceRankLimitForNewPaths	020234c6	
PNTestMatrixPeaksForFastSearch	7	_originalColumnEnergyOfPolyPitchEnergyMatrixInv	020234ed	
PNTestMatrixPeaksForFastSearch	8	_posNoiseEnergies	0202351d	
PNTestMatrixPeaksForFastSearch	9	_filteredSpectrogramMagnitudeSums	0202352f	
PNTestMatrixPeaksForFastSearch	10	_maxRelevancePropertyPointsOfCentMatrixColumns	02023551	int2FloatStruct *
PNTestMatrixPeaksForFastSearch	11	_allTransientsPaths	02023592	
PNTestMatrixPeaksForFastSearch	12	_testPoints	020235a6	
PNTestMatrixPeaksForFastSearch	13	_testPoints1	020235b2	
PNTestMatrixPeaksForFastSearch	14	_testPoints2	020235bf	
PNTestMatrixPeaksForFastSearch	15	_spectralPointsAtSlices	020235cc	
PNTestMatrixPeaksForFastSearch	16	_spectralPointsHorizontalQualitiesAtSlices	020235e4	
PNTestMatrixPeaksForFastSearch	17	_bestPointsHorizontalQualitiesAtSlices	0202360f	
PNTestMatrixPeaksForFastSearch	18	_bestPointsHorizontalIndicesAtSlices	02023636	
PNTestMatrixPeaksForFastSearch	19	_spectralPointsVerticalQualitiesAtBins	0202365b	
PNTestMatrixPeaksForFastSearch	20	_bestPointsVerticalQualitiesAtBins	02023682	
PNTestMatrixPeaksForFastSearch	21	_bestPointsVerticalIndicesAtBins	020236a5	
PNTestMatrixPeaksForFastSearch	22	_staticTablesRetainHelper	020236c6	
PNTestMatrixPoint	0	_floatCentPosIndex	0202845a	
PNTestMatrixPoint	1	_relevanceRank	0202846d	
PNTestMatrixPoint	2	_relevanceWeight	0202847c	
PNTestMatrixPoint	3	_relativeRelevanceRank	0202848d	
PNTestMatrixPoint	4	_vibratoQuality	020284a4	
PNTestMatrixPoint	5	_portamentoQuality	020284b4	
PNTestMatrixPoint	6	_pitchCurveSlope	020284c7	
PNTestMatrixPoint	7	_pitchCurveDeflection	020284d8	
PNTestMatrixPoint	8	_fundamentality	020284ee	
PNTestMatrixPoint	9	_combinedQuality	020284fe	
PNTestMatrixPoint	10	_beatingQuality	0202850f	
PNTestMatrixPoint	11	_beatingFrequency	0202851f	
PNTestMatrixPoint	12	_beatingPhase	02028531	
PNTestMatrixPoint	13	_separationQuality	0202853f	
PNTestMatrixPoint	14	_attackAssignmentQuality	02028552	
PNTestMatrixPoint	15	_forwardFilteredCentPosIndex	0202856b	
PNTestMatrixPoint	16	_backwardFilteredCentPosIndex	02028588	
PNTestMatrixPoint	17	_pointTemporaryValue	020285a6	
PNTestMatrixPoint	18	_pointTemporaryValue1	020285bb	
PNTestMatrixPoint	19	_pointTemporaryValue2	020285d1	
PNTestMatrixPoint	20	_pointTemporaryValue3	020285e7	
PNTestMatrixPoint	21	_harmonicMagnitudes	020285fd	
PNTestMatrixPoint	22	_potentialPathConnection	02028611	
PNTestMatrixPointRelation	0	_harmonicPaths	0202869e	
PNTestMatrixPointRelation	1	_subharmonicPaths	020286ad	
PNTestMatrixPointRelation	2	_harmonicRatioQuality	020286bf	
PNTestMatrixPointRelation	3	_envelopeRatioQuality	020286d5	
PNTestMatrixPointRelation	4	_pitchCommonFateDeviation	020286eb	
PNTestMatrixPointRelation	5	_attackCommonFateDeviation	02028705	
PNTestMatrixPointRelation	6	_assignedAttackQuality	02028720	
PNTestMatrixPointRelation	7	_sameAttackQuality	02028737	
PNTestMatrixPointRelation	8	_pathTemporaryValue	0202874a	
PNTestMatrixPointRelation	9	_pathTemporaryValue1	0202875e	
PNTestMatrixPointRelation	10	_pathRelations	02028773	
PNTestMatrixPotentialPathConnection	0	_matrixPath	0202864e	
PNTestMatrixPotentialPathConnection	1	_matrixPoints	0202865a	
PNTestMatrixPotentialPathConnection	2	_attackItem	02028668	
PNTestMatrixPotentialPathConnection	3	_pointRelations	02028674	
PUBKEY	0	_setup	029be776	
PUBKEY	1	_method	029be82f	
PUBKEY	2	_public_from_private	029bebb3	
PUBKEY	3	_public_from_private	029bee2f	
PUBKEY	4	_prehash	029beeab	
PUBKEY	5	_prehash	029beec5	
PUBKEY	6	_long	029beff5	
RSA	0	_init	029c38c8	
RSA	1	_init	029c3913	
RSA	2	_init	029c3930	
RSA	3	_init	029c394d	
RSA	4	_check	029c39a7	
RSA	5	_init	029c39b3	
RSA	6	_init	029c39d0	
RSA	7	_info	029c3b51	
RSA	8	_id	029c3b7a	
RSA	9	_check	029c3d4e	
RSA	10	_recover	029c3d7b	
RSA	11	_custom	029c3df6	
RSA	12	_check	029c3e62	
RSA	13	_recover	029c3e8f	
RSA	14	_custom	029c3f0a	
RSA	15	_ex_	029c3fee	
TODatabaseObject	0	_storageID	02023b55	
TODatabaseObject	1	_fileId	02023b60	
TODatabaseObject	2	_serverChecksum	02023b68	
TODatabaseObject	3	_clientChecksum	02023b78	
UBKEY	0	_ex	029c74c3	
UBKEY	1	_method	029c765c	
UBKEY	2	_ex	029c78d4	
YPE	0	_string	029b8604	
YPE	1	_string	029b8783	
YPE	2	_count	029b8978	
YPE	3	_info	029b8993	
YPE	4	_str	029b89b0	
YPE	5	_alias	029b89c4	
