# Address	Size	Class	StringRefs	CallCount
003c19b0	485284	Unknown	DECOMPILE_FAILED	0
0065f880	390766	Unknown	DECOMPILE_FAILED	0
004bd000	206391	Unknown	no strings	1
015cd2c0	103639	Unknown	DECOMPILE_FAILED	0
015592a0	100487	GNDictionary	DECOMPILE_FAILED	0
013a2780	75220	Unknown	DECOMPILE_FAILED	0
01447a70	71837	MUElementAnalyzer	DECOMPILE_FAILED	0
00722630	71063	Unknown	DECOMPILE_FAILED	0
007cc310	60902	Unknown	no strings	1
000c7ac0	58608	Unknown	DECOMPILE_FAILED	0
00162ad0	58160	Unknown	no strings	1
01433f60	57867	MUElementAnalyzer	DECOMPILE_FAILED	0
01895270	55091	Unknown	DECOMPILE_FAILED	0
012a8c90	45108	MULSSComponentRenderer	6 strings	348
01606530	43505	Unknown	DECOMPILE_FAILED	0
013c9530	41983	Unknown	no strings	1051
0159bec0	38432	GNFilePath	DECOMPILE_FAILED	0
0146c830	38131	MUElementAnalyzer	2 strings	726
014902f0	36910	Unknown	no strings	550
0158c060	34784	MUElementAnalyzer	4 strings	665
0133bd20	34174	MUAudioSourceDescription	3 strings	747
0120d5e0	31148	Unknown	no strings	639
00ba21f0	29958	Unknown	24 strings	917
00212cd0	29132	MDEditorViewController	80 strings	386
01544f10	27709	Unknown	no strings	621
01484bc0	26028	Unknown	no strings	468
01621ee0	25394	Unknown	no strings	409
01eea1b0	25376	Unknown	3 strings	465
01add020	25206	Unknown	1 strings	447
01af8560	24765	Unknown	8 strings	697
011f8900	24558	Unknown	no strings	694
00281c60	24482	Unknown	no strings	661
006122f0	23419	MUSpectrumShaper	65 strings	307
018f0ec0	22296	Unknown	6 strings	411
00d7e380	22235	Unknown	no strings	911
0141f4b0	22100	Unknown	no strings	564
018c8ac0	21900	Unknown	16 strings	975
0059ed40	20882	MUAudioSourceDescription	DECOMPILE_FAILED	0
0111f300	20762	MULSSComponentRenderer	1 strings	375
01463a60	20480	Unknown	no strings	478
0184b210	19999	Unknown	no strings	408
0137e3a0	19779	Unknown	no strings	427
018516f0	19056	Unknown	no strings	441
01f72160	18918	GNList	4 strings	412
001474b0	18752	Unknown	no strings	287
01cd2c30	18670	GNString	17 strings	449
012046b0	18628	Unknown	no strings	247
01ac0bd0	18564	Unknown	no strings	268
017ab350	18513	Unknown	2 strings	511
0186c0d0	18176	Unknown	no strings	359
012193d0	18065	Unknown	no strings	293
00b90f70	17739	Unknown	26 strings	548
0132f280	17702	MUAudioSourcePrincipalItem	3 strings	377
0129b6c0	17518	Unknown	no strings	481
00d5af30	17348	GNObject	5 strings	230
00767640	17225	MUElementAnalyzer	2 strings	481
017b3920	17189	GNList	3 strings	482
0135f200	17039	Unknown	no strings	368
0122b810	16977	Unknown	no strings	422
017c68a0	16919	GNList	75 strings	352
01806b70	16823	Unknown	no strings	287
0125f0b0	16690	MUSampledFunction	1 strings	231
0153e0c0	16414	Unknown	no strings	448
00393710	16399	Unknown	no strings	526
00ea47f0	16351	Unknown	3 strings	9
014c7490	16239	Unknown	no strings	222
00774db0	16232	GNList	1 strings	442
01553b80	16108	Unknown	no strings	418
016e0170	15910	Unknown	no strings	366
0139d310	15825	Unknown	no strings	269
01721000	15762	Unknown	9 strings	554
012216b0	15730	Unknown	no strings	313
00141fc0	15500	Unknown	no strings	254
0167bc80	15358	GNString	22 strings	408
01400f40	15147	Unknown	6 strings	439
016c4850	15112	Unknown	no strings	384
009c0d4c	15061	Unknown	no strings	574
01b31bc0	14986	Unknown	6 strings	402
018431f0	14689	Resynthesis	1 strings	428
0183dda0	14667	Unknown	no strings	360
00295c20	14575	Unknown	no strings	471
01cbadc0	14451	Unknown	no strings	269
00ea0e90	14403	Unknown	8 strings	13
0047a4c0	14402	MDDetectionAudioSourceInsp	40 strings	196
016e5250	14395	Unknown	no strings	437
014e36c0	14394	Unknown	no strings	338
0175f840	14292	Unknown	no strings	317
01af2520	14012	Unknown	no strings	324
00f37b90	13469	Unknown	no strings	1
0198aca0	13399	Unknown	88 strings	269
01336350	13387	MUAudioSourcePrincipalItem	1 strings	362
01300180	13222	Unknown	no strings	356
00714f50	13093	Unknown	no strings	465
0178c910	12994	Unknown	no strings	196
00631c50	12971	MDURLOpenedController	3 strings	417
01647910	12958	Unknown	no strings	113
009eb901	12555	Unknown	no strings	1
0028b3b0	12359	Unknown	no strings	329
019af4c0	12355	Unknown	no strings	262
01226cd0	12343	Unknown	no strings	308
01984dd0	12250	Unknown	7 strings	301
01617da0	12196	Unknown	no strings	258
013764e0	12143	MUSampledFunction	1 strings	252
01ae5410	12103	Unknown	no strings	307
0125a5f0	12017	MUAudioSourceAttackItem	1 strings	237
013bfbf0	11983	Unknown	no strings	205
00aff2e0	11911	GNInt	70 strings	221
00228b40	11889	Unknown	no strings	373
0093498e	11843	Unknown	29 strings	269
0179b9c0	11753	Unknown	no strings	448
0145f790	11747	Unknown	no strings	256
0161e440	11726	Unknown	no strings	165
01c46d90	11726	MUTempoEditorView	33 strings	130
01dd9800	11637	Unknown	no strings	186
01c9dc20	11620	GNValue	1 strings	293
01d3d7f0	11592	Unknown	3 strings	318
017ee2e0	11571	MUAudioSourcePrincipalItem	1 strings	165
0047dd70	11519	MUAudioFileSource	3 strings	264
0031f210	11450	Unknown	no strings	332
01278f90	11313	Unknown	no strings	245
01141790	11251	MUElementAnalyzer	73 strings	240
01372190	11250	Unknown	no strings	306
016dcbf0	11235	Unknown	no strings	294
01399490	11197	Unknown	no strings	233
006f07b0	11069	MDDocumentViewController	31 strings	147
00f3f590	10928	Unknown	11 strings	77
009a4112	10773	Unknown	59 strings	394
0195cb20	10769	MUAudioSourcePrincipalItem	1 strings	349
01b68f20	10768	Unknown	no strings	263
0181a1a0	10729	Unknown	no strings	409
006487e0	10654	Unknown	no strings	319
01ee0e80	10653	Unknown	no strings	293
017ba210	10520	Unknown	1 strings	284
006024d0	10476	MUAraDocumentController	68 strings	264
014ddc50	10440	Unknown	no strings	250
01c54470	10423	Unknown	no strings	247
00342300	10346	Unknown	no strings	338
0130b770	10333	Unknown	no strings	237
014d9720	10307	Unknown	no strings	198
0007cb70	10297	GNFilePath	5 strings	274
0024e680	10293	Unknown	no strings	305
01862050	10095	Unknown	no strings	165
0032d440	10036	MDMetaWindowController	2 strings	237
0084ee20	10003	GNView	62 strings	218
0148ced0	9979	Unknown	no strings	179
00194050	9938	GNTableView	1 strings	192
01838020	9934	Unknown	no strings	162
00f47d00	9931	Unknown	18 strings	22
01a38d30	9880	Unknown	no strings	234
012f0b60	9863	Unknown	no strings	289
01281db0	9842	Unknown	no strings	233
01532cf0	9782	Unknown	no strings	263
0093bd8e	9762	Unknown	29 strings	219
013c4cd0	9704	Unknown	no strings	82
01103ee0	9650	MUElementAnalyzer	62 strings	258
012bd760	9630	Unknown	no strings	34
00c1aae0	9593	Unknown	no strings	392
01a26560	9578	MUScalePitchSystem	1 strings	196
0079f9e0	9493	MUSampledFunction	5 strings	227
01960580	9438	MUAudioSourcePrincipalItem	1 strings	291
00947d1c	9433	Unknown	44 strings	363
01a4b680	9338	Unknown	no strings	232
014d6590	9328	Unknown	no strings	254
01759fb0	9301	Unknown	no strings	218
0153a4c0	9292	Unknown	no strings	254
01b47100	9173	Unknown	3 strings	231
018d36c0	9159	Unknown	no strings	416
0108a3a0	9112	Unknown	no strings	1
01e94020	9044	GNList	1 strings	233
0107e160	9035	Unknown	no strings	1
01f5bf10	8960	GNList	2 strings	195
016ecb60	8953	Unknown	no strings	294
01924a10	8862	MUDetectionEditorView	2 strings	212
01139490	8849	MUElementAnalyzer	1 strings	148
01b0adb0	8838	Unknown	2 strings	240
01994460	8836	MUScalePitchSystem	1 strings	143
00a02082	8823	Unknown	no strings	1
01b84980	8719	Unknown	1 strings	195
0085e050	8713	GNRunLoopObserverDelegate	3 strings	154
01ab7b20	8688	Unknown	1 strings	155
009eea0c	8620	Unknown	no strings	1
01356870	8589	MUAudioSourcePrincipalItem	1 strings	141
00ca2870	8571	GNDictionaryImpl	22 strings	227
007dd720	8569	GNData	3 strings	259
01aaa300	8559	Unknown	no strings	214
0107c000	8510	Unknown	no strings	1
00f3d240	8490	Unknown	no strings	1
00f274b9	8458	Unknown	no strings	12
00f3b0f0	8431	Unknown	no strings	8
009fdd9c	8428	Unknown	no strings	55
00459eb0	8414	Unknown	no strings	269
00f7dd90	8387	Unknown	no strings	1
010882a0	8384	Unknown	no strings	1
014c4af0	8276	Unknown	no strings	107
014f0c40	8250	Unknown	no strings	120
017f7200	8250	GNData	1 strings	166
01a52960	8248	Unknown	no strings	228
00c7c740	8215	GNList	21 strings	108
006d4ca0	8208	Unknown	4 strings	192
01b88cd0	8187	Unknown	no strings	201
01135410	8173	PitchDetection	60 strings	197
017551c0	8144	Unknown	no strings	207
01a2b2e0	8137	MUPercussivePitchSystem	2 strings	187
01385600	8049	Unknown	no strings	222
00e9af00	8033	Unknown	6 strings	10
00528fe0	8031	GNData	3 strings	231
013e2c20	8031	Unknown	no strings	192
017517b0	7971	Unknown	no strings	175
006decb0	7923	GNList	3 strings	185
012912a0	7923	Unknown	no strings	183
0134d090	7901	Unknown	no strings	215
014c03f0	7885	MUSampledFunction	1 strings	137
0095eacc	7884	Unknown	no strings	1
0182afb0	7862	Unknown	no strings	109
00eff8fb	7861	Unknown	no strings	4
012850c0	7854	Unknown	no strings	162
01e978e0	7846	GNList	3 strings	208
01ef3fd0	7840	Unknown	1 strings	151
01b2b5e0	7839	Unknown	1 strings	120
0120b150	7835	Unknown	no strings	82
01c3d0f0	7812	Unknown	no strings	216
00d4d060	7782	GNList	23 strings	68
012fd540	7728	Unknown	no strings	205
016f7150	7725	Unknown	no strings	219
01268f00	7699	Unknown	no strings	157
018f9710	7693	Unknown	no strings	185
01973150	7673	Unknown	no strings	173
00157780	7660	MUAudioFileSource	2 strings	237
00960998	7636	Unknown	no strings	1
01a68ad0	7627	Unknown	no strings	267
0168b410	7607	GNAudioProcessor	2 strings	204
00254fb0	7598	GNString	1 strings	212
0035e960	7583	Unknown	no strings	218
00f03899	7545	Unknown	no strings	1
0182d7c0	7544	Unknown	no strings	87
0185fab0	7539	Unknown	no strings	156
0136e4c0	7521	Unknown	no strings	192
0136bb10	7520	Unknown	no strings	202
00ca65b0	7511	GNList	20 strings	203
019d6f50	7495	GNList	1 strings	202
00bc7ea0	7489	Unknown	no strings	19
012bafd0	7453	Unknown	no strings	95
0130f550	7432	Unknown	no strings	135
00fca170	7413	Unknown	no strings	1
00f80080	7395	Unknown	no strings	1
0191ec80	7368	Unknown	no strings	218
0074ea80	7348	MUElementAnalyzer	1 strings	196
01418c90	7302	Unknown	no strings	241
015f4250	7271	Unknown	no strings	106
019eca30	7250	Unknown	no strings	171
01867a80	7234	Unknown	no strings	131
01879680	7188	Unknown	no strings	76
01324620	7178	MUPercussivePitchSystem	6 strings	171
017e87c0	7158	Unknown	no strings	195
01bae3c0	7121	GNList	1 strings	180
0063ffb0	7102	Unknown	no strings	224
01832fb0	7077	Unknown	no strings	99
01ac7020	7048	MUSpectrumShaper	1 strings	184
006c76c0	7022	MDTrackInsp	20 strings	96
01c67d80	7019	Unknown	no strings	169
01a78ad0	7003	Unknown	no strings	182
01877200	6948	Unknown	no strings	28
00c0f280	6947	GNOverloudMutronIIIWah	5 strings	187
0175d1d0	6878	MUSampledFunction	2 strings	132
003a94d0	6865	MDMetaWindowController	1 strings	179
00d18390	6843	GNData	4 strings	165
01a8cc40	6835	Unknown	no strings	190
00bb06e0	6834	GNData	2 strings	206
016feca0	6821	Unknown	no strings	187
01f0dcf0	6819	Unknown	1 strings	217
016f2c50	6815	Unknown	no strings	206
0127f970	6814	Unknown	no strings	155
018598b0	6789	Unknown	no strings	228
00c99930	6750	Unknown	no strings	142
00f54d40	6739	Unknown	no strings	1
0013f900	6716	Unknown	1 strings	122
01aecf20	6707	Unknown	2 strings	122
00dc6010	6675	GNList	4 strings	175
01c6ada0	6675	Unknown	no strings	218
015985f0	6672	GNStorage	1 strings	161
00b1e0d0	6657	Unknown	4 strings	125
01816ee0	6624	Unknown	no strings	196
0015b0f0	6622	MULSSGenerator	1 strings	184
01e3cf70	6524	Unknown	1 strings	117
01ec5810	6506	GNList	3 strings	180
018ec910	6499	GNString	1 strings	162
01dd7350	6499	Unknown	no strings	145
00d33a10	6488	GNList	15 strings	150
016d23e0	6484	Unknown	no strings	176
0176a9c0	6462	Unknown	no strings	130
01a9b030	6458	Unknown	no strings	142
01243e50	6452	Unknown	no strings	179
0014e540	6418	Unknown	no strings	131
01b92cc0	6370	Unknown	no strings	223
010834f0	6367	Unknown	no strings	1
01cdb6a0	6355	GNDictionary	3 strings	194
01d9af40	6351	GNMultiRulerView	1 strings	67
01adaf60	6337	Unknown	no strings	114
0174e250	6334	Unknown	1 strings	151
0070c1e0	6318	MUElementAnalyzer	2 strings	151
01931100	6302	GNEvent	1 strings	201
01642e50	6284	Unknown	no strings	139
00be1550	6264	Unknown	12 strings	163
0048d550	6259	MUAraAudioSource	3 strings	141
019d05b0	6243	Unknown	no strings	168
00350830	6238	Unknown	1 strings	143
0075a190	6234	MUAudioFileSource	1 strings	172
001fc440	6225	GNTextView	1 strings	117
01827040	6207	Unknown	no strings	124
01836220	6198	Unknown	no strings	80
01c99560	6187	GNData	2 strings	145
00a0c35b	6179	Unknown	no strings	1
00f33a70	6170	Unknown	no strings	79
01b12970	6120	GNString	1 strings	177
01b66e10	6107	MUQuarterSequenceView	19 strings	77
0035c550	6103	Unknown	no strings	153
0118be50	6059	GNEditingContextReadCopySyncObserver	3 strings	122
01246e50	6034	Unknown	no strings	193
01745eb0	6022	Unknown	1 strings	139
000b8680	6004	Unknown	no strings	110
013903d0	5999	MUElementAnalyzer	1 strings	116
0127c8a0	5981	Unknown	no strings	138
01a1e750	5981	MUScalePitchSystem	1 strings	134
0095d2b2	5980	Unknown	no strings	1
01b0f0d0	5979	Unknown	no strings	219
01a4f320	5975	Unknown	no strings	163
00e19950	5970	GNString	3 strings	186
01b1e790	5963	Unknown	no strings	186
007e6670	5958	Unknown	no strings	149
0021f1f0	5945	Unknown	no strings	165
01369cd0	5928	Unknown	no strings	111
0128a630	5901	Unknown	no strings	178
01966600	5893	Unknown	no strings	166
00a0ed08	5867	Unknown	no strings	1
01095980	5866	Unknown	no strings	1
00b8a050	5837	Unknown	2 strings	123
0170d420	5816	Unknown	no strings	167
014f4330	5803	Unknown	no strings	111
017fb9d0	5785	Unknown	no strings	153
01b725b0	5782	Unknown	no strings	156
0199f480	5781	Unknown	no strings	174
012bfef0	5773	Unknown	no strings	46
0199c1c0	5772	Unknown	no strings	134
00380dd0	5766	GNFilePath	2 strings	154
00932ac6	5763	Unknown	13 strings	136
009dada4	5760	Unknown	9 strings	48
014b7960	5759	Unknown	no strings	51
005b1e40	5742	MUAudioSourceDescription	45 strings	170
007651c0	5742	Unknown	no strings	167
0095ae22	5736	Unknown	no strings	1
00236ad0	5735	Unknown	no strings	184
014a8cc0	5728	Unknown	no strings	66
01bab160	5703	MUPercussivePitchSystem	1 strings	113
00e7ebe0	5702	GNList	1 strings	120
00f29ac8	5682	Unknown	no strings	8
0178a800	5681	Unknown	no strings	166
01f1c940	5681	Unknown	2 strings	102
01174240	5659	MUMultimicEngine	1 strings	112
012d70d0	5657	Unknown	no strings	92
0022ee90	5656	Unknown	no strings	184
0074b300	5654	Unknown	1 strings	193
009101fc	5644	Unknown	no strings	21
011db220	5643	Unknown	1 strings	107
01e30e20	5642	GNList	15 strings	76
01294af0	5638	Unknown	no strings	163
011c8690	5621	MUSpectrumShaper	45 strings	153
012c35a0	5601	Unknown	no strings	109
002b59d0	5585	Unknown	no strings	146
00f43ef0	5565	Unknown	2 strings	34
002c07c0	5558	GNImage	14 strings	69
0011fca0	5556	Unknown	2 strings	163
01800c00	5553	GNList	3 strings	148
01daa9c0	5552	Unknown	no strings	175
014b5bc0	5540	Unknown	no strings	9
001177c0	5535	Unknown	no strings	147
015513a0	5531	Unknown	no strings	55
0062e2d0	5520	Unknown	no strings	187
00f12d89	5515	Unknown	no strings	1
00375aa0	5507	MDFileBrowserInsp	16 strings	63
014f7360	5506	Unknown	no strings	100
00ae139a	5501	Unknown	no strings	47
00dc3440	5487	GNList	5 strings	117
00704d30	5485	MDMetaWindowController	1 strings	178
000a32b0	5474	GNResponder	40 strings	131
00075c20	5472	Unknown	no strings	193
012b5260	5471	MULSSComponentRenderer	3 strings	37
0196e070	5450	Unknown	no strings	165
019f95e0	5442	Unknown	no strings	127
014b0a60	5433	Unknown	no strings	60
01153590	5423	GNUni	42 strings	164
01cb0670	5422	GNList	7 strings	121
019d51d0	5390	MUScalePitchSystem	1 strings	142
01062340	5374	Unknown	no strings	5
01351de0	5370	MUAudioSourceDescription	2 strings	129
0171c800	5337	Unknown	1 strings	155
01d5f100	5334	Unknown	no strings	129
00803100	5326	Unknown	no strings	144
014abf60	5325	Unknown	no strings	65
0141d330	5300	Unknown	no strings	54
00a042f9	5298	Unknown	no strings	1
00d0e040	5284	GNList	3 strings	144
0161c3f0	5283	Unknown	no strings	109
01abaae0	5282	Unknown	1 strings	78
00dfe080	5281	GNString	1 strings	130
018292b0	5277	Unknown	no strings	85
01dec860	5271	GNList	1 strings	152
01dd11e0	5267	Unknown	no strings	91
010ae7c0	5261	Unknown	1 strings	7
01ebcc70	5259	GNList	3 strings	141
012f56c0	5254	Unknown	no strings	140
01588e90	5253	GNList	3 strings	104
00a0a2c1	5242	Unknown	no strings	1
00eb0307	5236	Unknown	no strings	1
00e600c0	5227	GNString	1 strings	64
01662bd0	5221	MUElementAnalyzer	1 strings	156
00483ff0	5214	Unknown	1 strings	194
007e3560	5213	Unknown	no strings	174
01f5f6d0	5211	GNClassDescription	6 strings	115
01b4ed20	5208	MUScaleBrowserItem	2 strings	170
019a1c30	5172	Unknown	no strings	157
00eac76a	5160	Unknown	no strings	11
00127790	5152	MUAudioFileSource	1 strings	157
00d2a650	5151	Unknown	1 strings	141
004aa180	5150	Unknown	no strings	169
0093f7b2	5148	Unknown	3 strings	50
01e35b40	5147	Unknown	no strings	145
01090740	5135	Unknown	no strings	1
00eab35d	5120	Unknown	no strings	11
00c27bd0	5114	Unknown	no strings	54
01d17670	5114	Unknown	no strings	143
01bc2250	5113	Unknown	no strings	142
009b654c	5102	Unknown	21 strings	171
01c9b940	5097	MUAudioFileSource	1 strings	120
015bf6e0	5094	Unknown	no strings	9
01abc630	5077	Unknown	no strings	77
00ae80c0	5040	Unknown	no strings	4
01c936e0	5039	Unknown	no strings	160
0135b460	5036	Unknown	no strings	27
00a06a44	5027	Unknown	no strings	1
00dfb1b0	5022	GNString	1 strings	142
0093a766	5019	Unknown	5 strings	65
00800160	4998	GNString	3 strings	112
00a07de7	4997	Unknown	no strings	1
01f04a00	4997	GNList	1 strings	112
0092e810	4995	Unknown	14 strings	138
01ec2d30	4995	GNMultipleValue	3 strings	113
00c5af10	4989	Unknown	32 strings	131
0186a3a0	4988	Unknown	no strings	68
014bd8e0	4956	Unknown	no strings	69
01d9e7d0	4954	Unknown	no strings	150
01942ac0	4953	Unknown	no strings	165
01f2c5e0	4930	Unknown	2 strings	170
0194b390	4927	Unknown	no strings	150
000067e0	4919	GNLocaleDataProvider	36 strings	135
001227e0	4917	Unknown	1 strings	151
01a43090	4916	Unknown	no strings	147
00546e20	4912	Unknown	no strings	130
01a495b0	4909	Unknown	no strings	130
00a11378	4901	Unknown	no strings	1
01c82c20	4898	Unknown	3 strings	105
00221970	4885	MUAraMusicalContext	3 strings	153
00c66a40	4885	Unknown	no strings	65
01948fc0	4884	QualityScoring	5 strings	161
008e4f74	4878	Unknown	141 strings	1
01ad0ca0	4878	Unknown	32 strings	98
01b391e0	4877	MUScaleBrowserItem	1 strings	122
0007a0d0	4875	GNFilePath	5 strings	115
013593a0	4873	Unknown	no strings	68
0096e692	4848	Unknown	1 strings	57
01be8850	4835	Unknown	no strings	162
01687020	4834	Unknown	no strings	138
012b7100	4833	Unknown	no strings	10
01699090	4823	MUAraAudioSource	1 strings	83
0183b3e0	4818	Unknown	no strings	94
000870e0	4785	MDToolbarTempoCtrl	15 strings	71
00f01810	4765	Unknown	no strings	4
00a057ab	4761	Unknown	no strings	1
0027f1f0	4760	MDURLOpenedController	1 strings	143
017e22f0	4758	Unknown	no strings	168
00bfcee0	4757	Unknown	2 strings	103
014a2170	4750	Unknown	no strings	25
00b85120	4747	Unknown	1 strings	62
00becd50	4742	Unknown	3 strings	110
00959b2f	4741	Unknown	no strings	1
00e23db0	4731	GNList	14 strings	56
01481db0	4729	Unknown	no strings	34
01ef7e40	4729	Unknown	no strings	137
01389e90	4727	Unknown	no strings	125
00be4190	4713	Unknown	17 strings	139
00e09be0	4704	Unknown	no strings	103
017f55a0	4704	GNData	1 strings	90
017402f0	4696	Unknown	no strings	41
01ae9a50	4653	Unknown	no strings	121
005a97a0	4650	MUDetectionEditorView	1 strings	81
00a1269d	4642	Unknown	no strings	1
01028400	4642	Unknown	no strings	1
017484c0	4631	Unknown	no strings	30
011d59f0	4618	MUVoiceMapper	1 strings	86
00f05e00	4605	Unknown	no strings	1
002e5a30	4599	MUMultiTrackItem	1 strings	109
01766120	4598	Unknown	no strings	101
012da6f0	4596	Unknown	no strings	99
00a83b5e	4590	Unknown	43 strings	166
013f70b0	4590	Unknown	no strings	45
01d89290	4589	Unknown	1 strings	117
01313b30	4588	Unknown	no strings	111
00111ab0	4582	GNList	4 strings	114
014ea7b0	4578	Unknown	no strings	99
01e0f330	4566	GNFont	15 strings	66
01dc82c0	4560	GNTableView	14 strings	69
001305f0	4559	MDExportAudioController	1 strings	79
0039c9d0	4558	MDEditorViewController	1 strings	140
0097a7fa	4555	Unknown	3 strings	58
0015fd00	4548	MUAudioFileSource	1 strings	103
00e65ef0	4545	GNString	2 strings	117
0193a890	4538	Unknown	no strings	139
0166b8c0	4536	Unknown	no strings	125
01d4f920	4534	Unknown	2 strings	124
00eb48f1	4533	Unknown	no strings	1
01dc2170	4530	Unknown	no strings	148
00d07ad0	4521	Unknown	no strings	132
00c94a50	4509	Unknown	7 strings	99
002cf230	4507	Unknown	no strings	116
00faec50	4505	Unknown	5 strings	5
01710690	4502	Unknown	no strings	126
011afb50	4495	MUSpectrumShaper	28 strings	102
0147a0a0	4495	Unknown	no strings	92
00292f50	4491	GNString	2 strings	159
0166dcf0	4491	Unknown	no strings	119
006ee080	4490	GNString	1 strings	156
00a0db7e	4490	Unknown	no strings	1
0075cbd0	4489	Unknown	no strings	146
002c59e0	4475	Unknown	no strings	127
01a29bc0	4474	MUScalePitchSystem	1 strings	112
010947c0	4470	Unknown	no strings	1
016f5b80	4463	Unknown	no strings	138
00524820	4455	Unknown	no strings	108
00dc8890	4453	GNDictionary	1 strings	129
01026130	4453	Unknown	no strings	1
01f94cb0	4453	GNList	2 strings	93
00f50000	4449	Unknown	no strings	1
00d93870	4443	Unknown	6 strings	95
012e1a00	4441	MUAudioFileSource	1 strings	138
01f83dc0	4440	Unknown	no strings	143
00a0916c	4437	Unknown	no strings	1
01515040	4434	Unknown	no strings	85
01b7e1b0	4430	Unknown	no strings	115
00d1c6d0	4427	GNList	3 strings	89
01b5e5b0	4424	MUSpectrumShaper	1 strings	139
018753f0	4418	Unknown	no strings	87
014a0df0	4416	Unknown	no strings	33
0048ba10	4413	MUAraAudioSource	4 strings	120
00d7bac0	4411	GNList	3 strings	66
01b19f60	4402	Unknown	no strings	152
00f53c00	4396	Unknown	no strings	1
015c4e40	4396	MUSpectralTimeSlice	3 strings	88
01c8b7d0	4387	Unknown	no strings	89
01c056e0	4385	GNList	1 strings	125
00f51180	4375	Unknown	no strings	1
006d16c0	4373	MDMetaWindowController	1 strings	114
00258910	4361	MDEditorScrollView	1 strings	141
0026cd40	4361	GNPropertyObserver	3 strings	83
0127e4d0	4361	Unknown	no strings	85
00adb8e0	4355	TSocket	11 strings	44
01dfa400	4352	Unknown	no strings	124
01e601f0	4346	Unknown	no strings	134
00dd9520	4345	Unknown	6 strings	139
0169d230	4345	MUAraAudioSource	3 strings	82
006f6a20	4339	Unknown	no strings	142
017120c0	4339	Unknown	no strings	120
00383510	4330	Unknown	no strings	139
00985776	4327	Unknown	11 strings	59
00e0e4c0	4325	Unknown	no strings	107
014a74b0	4322	Unknown	no strings	59
01682950	4311	Unknown	2 strings	113
0147cf10	4305	Unknown	no strings	96
01b779e0	4298	Unknown	no strings	128
00eb177b	4296	Unknown	no strings	1
017921e0	4292	Unknown	no strings	111
007fbe30	4270	Unknown	no strings	116
002323f0	4263	MDEditorScrollView	1 strings	134
01b07460	4255	Unknown	no strings	110
01744580	4243	Unknown	no strings	87
01aefa80	4237	Unknown	no strings	104
009ea5a3	4236	Unknown	no strings	1
00465c80	4224	MDMetaWindowController	1 strings	176
00e74220	4219	GNHTTPRequest	1 strings	78
01c89c70	4215	Unknown	no strings	116
009bdaee	4201	Unknown	7 strings	13
01411410	4194	Unknown	no strings	151
00c2c8f0	4192	Unknown	3 strings	115
016c11a0	4191	Unknown	no strings	101
00e9ecb0	4186	Unknown	3 strings	3
00eb2843	4183	Unknown	no strings	1
00eb389a	4183	Unknown	no strings	1
00a82adc	4179	Unknown	42 strings	33
00209e70	4174	GNKeyValueUnarchiverDelegate	21 strings	100
0058deb0	4173	GNPropertyObserver	2 strings	99
007e8ac0	4168	Unknown	1 strings	124
0021cc80	4167	Unknown	no strings	119
0011c470	4164	Unknown	no strings	131
00b72b50	4157	Unknown	no strings	1
006ce3a0	4153	GNList	2 strings	125
012cce00	4151	MULSSGenerator	1 strings	116
003bcea0	4142	MDMetaWindowController	1 strings	121
0146aec0	4141	Unknown	no strings	110
00a819be	4122	Unknown	1 strings	40
00527740	4120	GNString	1 strings	120
0055b680	4114	Unknown	no strings	124
003b4560	4112	MDWorkspaceView	1 strings	93
018e21b0	4101	Unknown	no strings	153
01bccd60	4097	Unknown	no strings	74
00039a90	4091	GNUni	31 strings	120
01b755e0	4087	Unknown	no strings	85
0077b140	4086	Unknown	no strings	122
01f52050	4073	Unknown	2 strings	78
002c3530	4070	MDProjectInsp	12 strings	56
018dd490	4067	Unknown	5 strings	110
00847230	4054	GNHeartbeatHandler	2 strings	80
016fc1e0	4054	Unknown	no strings	125
01d5b760	4052	Unknown	6 strings	102
004fca20	4037	MDEditorScrollView	12 strings	45
0121f1d0	4010	Unknown	no strings	43
014e8b20	4006	Unknown	no strings	78
00bb2c20	4003	GNData	1 strings	109
01e2b0c0	4000	GNUIDesignerDoc	1 strings	119
007c11c0	3996	GNSoundFileWAVEReader	1 strings	83
01c97b90	3987	Unknown	no strings	125
0110d1c0	3984	MUAudioSourcePropertyPoint	1 strings	76
01ccfbf0	3983	Unknown	no strings	155
01027470	3980	Unknown	no strings	1
00a103f3	3973	Unknown	no strings	1
0061b570	3972	Unknown	no strings	126
00eb69ba	3972	Unknown	no strings	1
00eb793e	3972	Unknown	no strings	1
01f33b60	3965	Unknown	no strings	134
00e9cf20	3964	Unknown	4 strings	3
01586cb0	3963	Unknown	no strings	102
01b791a0	3940	Unknown	no strings	97
00707bf0	3927	MDMetaWindowController	1 strings	122
0147b980	3915	Unknown	no strings	87
0029bdc0	3914	Unknown	no strings	127
01b22af0	3913	Unknown	no strings	130
00f352c0	3907	Unknown	no strings	69
002aa8c0	3894	Unknown	no strings	110
0078e820	3891	MUElementAnalyzer	1 strings	116
00cd3a20	3891	Unknown	no strings	87
00b22cb0	3878	Unknown	2 strings	91
0119def0	3878	MUElementAnalyzer	30 strings	85
009658a9	3877	Unknown	no strings	1
013e1740	3873	Unknown	no strings	90
0182fa50	3873	Unknown	no strings	48
00eb5aa6	3860	Unknown	no strings	1
00366040	3857	MDMetaDocumentController	1 strings	132
01684680	3854	Unknown	8 strings	79
00f1c767	3846	Unknown	no strings	1
00095750	3845	GNRootView	2 strings	128
001256c0	3844	Unknown	no strings	110
01516720	3844	Unknown	no strings	79
0088ff40	3842	Unknown	7 strings	1
00b2c870	3838	Unknown	1 strings	91
00153530	3837	MUPercussivePitchSystem	4 strings	106
001c36b0	3837	GNObject	26 strings	105
0147f490	3837	Unknown	1 strings	114
01c08690	3829	GNString	1 strings	141
0075edc0	3824	Unknown	no strings	103
01825ca0	3824	Unknown	no strings	95
00444210	3820	Unknown	no strings	125
00709640	3820	Unknown	no strings	118
016464d0	3818	Unknown	no strings	93
019f48d0	3816	Unknown	no strings	118
00581680	3815	GNSlider	17 strings	121
0108f840	3814	Unknown	no strings	1
007860e0	3801	MUAraAudioSource	2 strings	94
017891f0	3801	Unknown	no strings	121
0037d660	3797	MDAudioTrackItem	2 strings	92
019bb770	3782	MUEditorElementView	1 strings	73
0034ed60	3775	Unknown	no strings	130
012649d0	3774	Unknown	no strings	85
00e3fb50	3770	Unknown	2 strings	91
0108e980	3768	Unknown	no strings	1
016d9380	3768	Unknown	no strings	126
011ac170	3766	MUSpectralPointDNA	1 strings	72
00e14140	3765	Unknown	4 strings	127
01865730	3762	Unknown	no strings	82
009119ce	3761	Unknown	34 strings	2
012502a0	3760	Unknown	no strings	83
01908480	3758	Unknown	no strings	125
01c42b30	3758	Unknown	no strings	115
002fb9c0	3756	MUMultiTrackView	2 strings	73
00df8bf0	3755	GNFormatter	4 strings	90
00538a80	3754	Unknown	no strings	103
0198e770	3751	Unknown	no strings	132
0180d2e0	3748	MUPitchMapper	1 strings	72
00f1fe8c	3743	Unknown	no strings	1
00f1e6e7	3742	Unknown	no strings	2
00d72c70	3739	GNList	12 strings	51
00efa099	3738	Unknown	4 strings	3
01d0d660	3738	GNControl	12 strings	48
01c12c10	3736	Unknown	no strings	67
00a6d4b2	3734	Unknown	no strings	12
01355320	3734	Unknown	no strings	79
014a42b0	3734	Unknown	no strings	52
015ba5e0	3734	Unknown	no strings	60
0140f990	3732	Unknown	no strings	111
0150aa70	3731	MUPercussivePitchSystem	5 strings	100
01b302d0	3729	MUScaleOpenPanel	12 strings	45
012886e0	3719	Unknown	no strings	74
019c3840	3717	Unknown	no strings	105
01b25670	3713	MUScalePitchSystem	1 strings	127
00bb43f0	3710	GNData	2 strings	109
0159aa90	3710	GNData	1 strings	104
00f46bc0	3706	Unknown	3 strings	1
01eb7cc0	3706	Unknown	1 strings	101
01e2d210	3705	Unknown	no strings	79
00912c00	3693	Unknown	35 strings	134
010252c0	3687	Unknown	no strings	1
01ba6160	3678	MUAudioSourcePrincipalItem	1 strings	89
002d3da0	3677	GNFilePath	1 strings	93
011f4f10	3676	MUPulseAssignmentTarget	1 strings	60
00793a50	3673	MUElementAnalyzer	1 strings	102
00e6dc80	3669	GNString	2 strings	98
003375f0	3668	GNString	1 strings	83
01a22d80	3667	Unknown	no strings	101
00cd1020	3665	GNString	2 strings	89
00b9e090	3664	Unknown	4 strings	90
013469e0	3662	Unknown	no strings	82
00bc9d30	3657	Unknown	no strings	33
01184690	3653	MUPartMappingState	1 strings	77
01ee7b90	3638	Unknown	no strings	83
009f8d14	3636	Unknown	no strings	28
000f62d0	3635	GNControl	1 strings	72
01081920	3627	Unknown	no strings	1
00bce900	3626	GNPlugInWrapperDelegate	1 strings	118
00464580	3623	MDMetaWindowController	1 strings	97
01d01400	3618	Unknown	no strings	104
001f8d00	3614	GNUni	24 strings	79
01677b30	3614	Unknown	no strings	99
012771c0	3613	Unknown	no strings	100
01d13d80	3612	Unknown	no strings	100
00a6271c	3611	Unknown	1 strings	23
007549f0	3610	MUAudioIOSlot	1 strings	105
00e63f20	3609	Unknown	no strings	121
01d494d0	3603	Unknown	no strings	7
0044dc30	3599	Unknown	2 strings	111
00cb58e0	3598	Unknown	1 strings	76
014e2330	3596	Unknown	no strings	72
01c13e80	3595	Unknown	no strings	85
0062bd30	3589	Unknown	no strings	127
01f56790	3589	Unknown	no strings	12
008877d0	3588	Unknown	no strings	76
01c5ab50	3579	Unknown	no strings	73
004b61e0	3578	Unknown	no strings	113
00253c20	3576	MUDetectionSeparationTool	1 strings	97
01956f50	3576	Unknown	no strings	98
007586e0	3572	Unknown	no strings	56
00cde3f0	3571	GNFilePath	10 strings	41
00e67a40	3570	Unknown	3 strings	135
00103050	3569	MDURLOpenedController	1 strings	101
018312d0	3567	Unknown	no strings	63
01368510	3566	Unknown	no strings	86
01305350	3562	Unknown	no strings	109
00520990	3560	Unknown	no strings	94
01b3b230	3558	Unknown	no strings	102
018df0d0	3556	Unknown	no strings	96
00481b90	3553	GNString	2 strings	100
01e3fdf0	3550	Unknown	1 strings	49
002600f0	3549	Unknown	no strings	94
01ab04a0	3548	MUScaleBrowserItem	1 strings	113
00518a80	3543	Unknown	no strings	116
00b8cce0	3538	GNString	2 strings	98
0138df30	3537	Unknown	no strings	83
0137c3f0	3527	Unknown	no strings	95
005c0400	3526	MDEditorViewController	3 strings	78
01f38870	3523	Unknown	no strings	105
00c251f0	3521	GNOverloudConvolver	2 strings	92
017a5880	3520	GNString	2 strings	90
0020e5b0	3515	GNResponder	27 strings	77
0191dac0	3513	Unknown	no strings	95
005d1b20	3509	MDMetaWindowController	3 strings	72
016dbc00	3506	Unknown	no strings	99
016effc0	3505	Unknown	no strings	107
014b3ce0	3503	Unknown	no strings	53
01615660	3500	Unknown	no strings	57
01e65670	3492	Unknown	no strings	70
0036a8d0	3486	MUPreviewController	2 strings	107
018daf60	3485	Unknown	no strings	72
019040e0	3484	Unknown	no strings	84
01a10ee0	3479	Unknown	no strings	71
01e08aa0	3479	Unknown	no strings	99
01271d60	3478	Unknown	no strings	95
0149c330	3475	Unknown	no strings	57
01114900	3471	QualityScoring	23 strings	73
01641e90	3466	Unknown	no strings	42
005228a0	3465	MULSSGenerator	1 strings	64
008fd68e	3461	Unknown	32 strings	125
01b96de0	3459	GNValue	1 strings	105
00a6f7e6	3456	Unknown	33 strings	126
00d39150	3454	Unknown	7 strings	81
01b80890	3453	Unknown	no strings	119
00e70a20	3450	GNString	2 strings	89
01082760	3445	Unknown	no strings	1
01397bb0	3442	Unknown	no strings	75
00e9ff20	3434	Unknown	3 strings	5
004f83c0	3428	MULSSGenerator	1 strings	100
00b834c0	3428	Unknown	6 strings	105
00fc6310	3424	Unknown	no strings	1
000e95a0	3421	MDToolbarTransportCtrl	11 strings	51
01cf2570	3421	GNClipView	11 strings	51
0008b6c0	3420	Unknown	no strings	105
01970060	3415	Unknown	no strings	73
00241d80	3411	Unknown	1 strings	93
0140ae70	3408	Unknown	no strings	79
0138b6e0	3407	Unknown	no strings	95
011b5fd0	3405	GNUni	25 strings	72
01408cd0	3402	Unknown	2 strings	97
004631e0	3401	Unknown	no strings	118
018c0160	3401	GNString	5 strings	68
01f634e0	3398	GNString	3 strings	91
00aed030	3394	Unknown	no strings	137
00c6b580	3393	Unknown	no strings	1
01da6520	3392	GNString	2 strings	81
00513640	3389	GNTextView	6 strings	104
01f65830	3389	GNString	4 strings	95
00782ec0	3385	Unknown	no strings	102
01f68250	3384	Unknown	no strings	17
01933c70	3382	Unknown	no strings	126
00e10bc0	3374	Unknown	2 strings	94
00dcd0a0	3370	GNString	2 strings	98
000781f0	3369	Unknown	no strings	115
011c5bb0	3369	MUTimeSliceParameterBuffer	1 strings	65
00113760	3368	Unknown	no strings	96
00aa33e8	3366	Unknown	32 strings	122
0052d7d0	3365	Unknown	no strings	120
0010db00	3362	GNSoundFile	1 strings	104
014afb20	3362	Unknown	no strings	30
01bf7370	3361	Unknown	no strings	92
00eda878	3354	Unknown	no strings	1
00edb592	3354	Unknown	no strings	1
00e6b740	3353	GNString	2 strings	88
01f47fa0	3352	Unknown	no strings	83
00626ed0	3343	Unknown	no strings	99
001001a0	3335	MUSampledFunction	1 strings	90
0032c700	3332	MDElementInsp	10 strings	46
00ed9b75	3331	Unknown	no strings	1
01f89e00	3331	GNActionGroup	2 strings	102
00772ab0	3327	MUElementAnalyzer	2 strings	80
01616770	3322	Unknown	no strings	12
01a2e7e0	3318	Unknown	no strings	82
01604f80	3317	Unknown	1 strings	56
00a6e442	3314	Unknown	32 strings	3
011f3be0	3313	MUPulseAssignmentTarget	1 strings	64
015cabc0	3309	Unknown	no strings	64
00955aff	3308	Unknown	11 strings	49
00de96c0	3299	Unknown	1 strings	98
014d0690	3296	Unknown	no strings	72
00559ea0	3295	MDAudioTrackItem	1 strings	138
013924d0	3295	Unknown	no strings	31
00c02550	3294	Unknown	no strings	122
00c14e80	3294	Unknown	no strings	122
00eef3fe	3293	Unknown	no strings	1
00ef19f2	3293	Unknown	no strings	1
006fe880	3290	Unknown	no strings	111
01becf90	3288	Unknown	no strings	104
01886fe0	3282	MUAlignmentAnchor	1 strings	67
019452a0	3282	Unknown	no strings	68
004f3eb0	3281	Unknown	no strings	106
01bc6fe0	3281	Unknown	no strings	98
00625a00	3280	Unknown	no strings	86
00eee72e	3280	Unknown	no strings	1
00ef0d22	3280	Unknown	no strings	1
002c9a70	3256	MUAudioFileSource	1 strings	107
00bfa660	3252	Unknown	no strings	129
014e1210	3251	Unknown	no strings	62
00ce1b00	3243	Unknown	3 strings	93
00150a00	3241	Unknown	no strings	88
009c8006	3229	Unknown	120 strings	1
00c69340	3223	Unknown	1 strings	47
007abdb0	3221	GNAudioProcessorTimeInfo	1 strings	54
0132a0a0	3214	Unknown	no strings	93
00eece5a	3213	Unknown	no strings	1
01a85710	3211	Unknown	no strings	78
01f62050	3209	Unknown	no strings	86
0052fb60	3208	GNList	1 strings	76
00d31a90	3207	GNString	3 strings	73
01c4c1c0	3207	Unknown	no strings	86
009a23b8	3205	Unknown	3 strings	7
00373de0	3195	Unknown	no strings	97
00637c40	3194	Unknown	no strings	122
01e6ff40	3188	Unknown	no strings	94
010ff5d0	3187	MUAudioSourceDescription	29 strings	74
000c49f0	3184	GNRootView	2 strings	90
00246260	3181	GNFilePath	4 strings	78
01ad71a0	3181	Unknown	no strings	81
01d53c90	3177	Unknown	no strings	5
01309f00	3176	Unknown	no strings	71
016c3770	3175	Unknown	no strings	87
0009b2d0	3171	Unknown	no strings	98
00227060	3171	Unknown	no strings	109
00eec1fd	3165	Unknown	no strings	1
0191b980	3165	Unknown	no strings	99
0137a290	3162	Unknown	no strings	59
00223fa0	3159	Unknown	no strings	101
01718c10	3159	Unknown	no strings	78
01acacb0	3153	Unknown	no strings	101
0132b1c0	3152	Unknown	no strings	93
01cef520	3152	Unknown	no strings	62
01971ef0	3145	Unknown	no strings	79
00eedae7	3143	Unknown	no strings	1
00ef00db	3143	Unknown	no strings	1
018e0500	3141	Unknown	no strings	117
00bf6c60	3140	Unknown	no strings	111
01c1e2e0	3132	Unknown	no strings	110
01b2ed90	3131	Unknown	no strings	68
00c34960	3130	Unknown	no strings	124
012ba340	3128	Unknown	no strings	4
008196d0	3126	GNOutlineViewDataSource	6 strings	59
01e23740	3122	GNRootView	1 strings	99
01e4fcf0	3112	Unknown	3 strings	88
006e4100	3111	Unknown	no strings	131
01f85db0	3109	GNFilePath	1 strings	100
00f4b740	3107	Unknown	1 strings	9
00a0b73b	3104	Unknown	no strings	1
019f65a0	3099	MUScalePitchSystem	1 strings	90
00c6a900	3094	Unknown	no strings	1
00942a9c	3086	Unknown	no strings	29
00442130	3081	Unknown	no strings	75
01b4d890	3080	MUScaleBrowserItem	1 strings	84
00f77970	3077	Unknown	1 strings	2
01511080	3077	Unknown	no strings	74
01ab3840	3075	MUSpectrumShaper	10 strings	40
005fea00	3072	GNAudioProcessor	1 strings	63
01f938b0	3062	GNFilePath	1 strings	87
01c59970	3055	Unknown	no strings	80
01b51da0	3054	MUScaleBrowserItem	1 strings	80
0011b850	3053	MDExportController	10 strings	37
01caaf60	3053	Unknown	no strings	70
00d630e0	3052	Unknown	no strings	54
00eeb611	3052	Unknown	no strings	1
00488f50	3048	MULSSGenerator	1 strings	93
00aa14b8	3045	Unknown	no strings	7
018dc310	3045	Unknown	no strings	56
0011a370	3044	Unknown	no strings	107
003a5800	3044	Unknown	no strings	120
00317300	3038	Unknown	no strings	62
01bd69c0	3034	MUSpectrumShaper	1 strings	78
00e1db90	3033	GNFileType	9 strings	48
01b3e4c0	3032	Unknown	no strings	91
00486560	3026	GNString	2 strings	88
00b070b0	3025	GNMidiFileReader	1 strings	53
01502670	3016	GNString	2 strings	90
017a7c70	3015	MUAudioFileSource	1 strings	80
01a13ed0	3011	MUAudioSourcePrincipalItem	1 strings	82
001b6490	3009	GNClipView	1 strings	56
00760600	3009	MUAudioFileSource	1 strings	75
01f0cb10	3008	Unknown	no strings	68
00a9d44e	3006	Unknown	29 strings	110
00974bba	3002	Unknown	3 strings	23
01668800	3000	Unknown	no strings	89
01e16380	2998	Unknown	no strings	84
01ccd250	2997	GNList	3 strings	85
01673fe0	2996	Unknown	no strings	73
00106380	2995	Unknown	no strings	79
0013e510	2993	Unknown	no strings	91
00b62530	2992	Unknown	no strings	86
00387110	2990	GNList	2 strings	71
01a5a220	2990	Unknown	no strings	73
0173d440	2986	Unknown	no strings	83
01350430	2985	Unknown	no strings	83
008e6fba	2980	Unknown	6 strings	1
0022da80	2979	Unknown	no strings	92
00645c10	2973	MDEditorViewController	1 strings	96
01a41040	2971	Unknown	no strings	78
01cfd750	2969	Unknown	3 strings	89
004879c0	2967	MULSSGenerator	1 strings	91
00791e10	2965	MUElementAnalyzer	2 strings	77
01d77a60	2956	Unknown	no strings	66
00c22fb0	2955	Unknown	no strings	108
01939340	2955	Unknown	no strings	101
0196c5e0	2955	Unknown	no strings	72
00963829	2953	Unknown	no strings	1
014d26c0	2940	MUAudioSourcePrincipalItem	1 strings	70
0181f210	2938	GNList	13 strings	57
0197a540	2938	Unknown	no strings	68
012b84d0	2937	MULSSComponentRenderer	3 strings	31
004a2840	2934	MUAudioFileSource	2 strings	78
01acbed0	2934	Unknown	no strings	77
01acce90	2934	Unknown	no strings	77
0071c4a0	2933	MDURLOpenedController	1 strings	88
00c67f80	2932	Unknown	1 strings	58
012ee5e0	2931	Unknown	no strings	82
000a5ee0	2930	MDWorkspaceView	1 strings	51
0138f140	2930	Unknown	no strings	61
007ca0e0	2927	Unknown	2 strings	60
0071d920	2925	MDURLOpenedController	1 strings	89
011b2e50	2923	MUSpectrumShaper	20 strings	60
019806e0	2921	Unknown	no strings	76
013710d0	2920	Unknown	no strings	82
01704df0	2918	Unknown	no strings	103
0077e980	2917	MDEditorViewController	2 strings	86
012a55e0	2909	Unknown	no strings	60
01f3c5f0	2909	Unknown	no strings	83
008f6b76	2906	Unknown	28 strings	106
01f41210	2906	Unknown	no strings	77
014a5ba0	2901	Unknown	no strings	43
01764090	2901	Unknown	no strings	67
00886470	2899	Unknown	no strings	57
00d49aa0	2899	Unknown	3 strings	69
01bb14c0	2897	GNList	1 strings	76
00510180	2891	Unknown	no strings	72
01bd7b90	2891	MULSSGenerator	1 strings	80
0109fd30	2888	Unknown	3 strings	3
00f4a600	2884	Unknown	no strings	1
006083c0	2883	Unknown	no strings	49
010c2450	2881	Unknown	17 strings	1
01dff500	2879	Unknown	1 strings	67
01c532f0	2871	Unknown	no strings	64
00bbdf40	2869	Unknown	no strings	16
0187d700	2867	MUChordHarmonyNote	1 strings	55
007a3240	2866	Unknown	no strings	89
013157a0	2866	Unknown	no strings	71
01905f40	2866	Unknown	no strings	71
013ed380	2864	Unknown	no strings	75
00329480	2860	MDEditorViewController	1 strings	63
00494690	2854	MUAudioFileSource	1 strings	86
0149f6a0	2850	Unknown	1 strings	23
01951ef0	2846	Unknown	no strings	66
00784900	2844	MUElementAnalyzer	1 strings	77
01196100	2843	MUPitchMapper	1 strings	54
01a7d860	2843	Unknown	no strings	69
012ef510	2841	Unknown	no strings	72
017f3030	2840	Unknown	no strings	58
01f69100	2840	Unknown	no strings	25
01f36a40	2829	Unknown	no strings	85
018728b0	2827	Unknown	no strings	52
00ee2090	2825	Unknown	no strings	1
013dfef0	2820	MUAudioSourceAttackItem	1 strings	65
008c2658	2814	Unknown	25 strings	102
0194ed20	2813	Unknown	no strings	95
001adcf0	2812	GNRootView	1 strings	59
01999380	2811	Unknown	no strings	49
00336030	2809	Unknown	no strings	77
01273930	2807	Unknown	no strings	76
002dece0	2803	Unknown	no strings	67
00d105c0	2803	GNList	1 strings	80
00e02ae0	2803	GNFormatter	4 strings	65
01c849a0	2797	Unknown	no strings	82
00542660	2794	Unknown	no strings	34
00ee7366	2794	Unknown	no strings	1
00ee9272	2794	Unknown	no strings	1
01b76ac0	2793	Unknown	no strings	90
00d1b5a0	2785	GNList	4 strings	57
00ee2b99	2784	Unknown	no strings	1
00ee3679	2784	Unknown	no strings	1
01a82d70	2784	Unknown	no strings	72
00d75f50	2783	GNList	13 strings	53
00fa5cc0	2778	Unknown	1 strings	1
01daee00	2774	Unknown	no strings	29
00c19130	2772	Unknown	no strings	109
013ee110	2772	Unknown	no strings	84
01a72920	2771	Unknown	no strings	62
014068e0	2770	Unknown	no strings	72
00caa040	2769	Unknown	8 strings	98
00ef56d4	2769	Unknown	3 strings	15
00348560	2768	Unknown	no strings	87
019e3680	2768	Unknown	no strings	75
01308ea0	2766	Unknown	no strings	66
01d8e000	2764	Unknown	no strings	84
01364f70	2760	Unknown	no strings	70
014ceed0	2760	Unknown	no strings	45
0105f8e0	2759	Unknown	no strings	4
01f8f0f0	2758	Unknown	no strings	92
019365c0	2753	Unknown	no strings	57
01de3030	2753	GNDictionary	1 strings	80
00aa2176	2751	Unknown	31 strings	3
01641140	2751	Unknown	no strings	39
01f3fe60	2748	Unknown	2 strings	75
0032a4c0	2746	MDMetaWindowController	1 strings	77
01c61bb0	2746	Unknown	no strings	80
016d0590	2744	Unknown	no strings	76
01905110	2744	Unknown	no strings	89
0038e2e0	2741	Unknown	no strings	73
01c63f60	2741	Unknown	no strings	94
000f2940	2739	MDToolbarActivityCtrl	9 strings	41
00c0bcd0	2739	Unknown	no strings	101
01d942e0	2739	GNScrollView	9 strings	41
012fa750	2736	Unknown	no strings	87
01f06a80	2736	GNList	1 strings	63
016d4550	2732	Unknown	no strings	79
006ca460	2729	Unknown	no strings	78
00f78df0	2723	Unknown	1 strings	13
00eadf3b	2721	Unknown	no strings	1
01dc5060	2721	Unknown	no strings	92
01f329a0	2721	Unknown	no strings	93
01cf5ff0	2717	Unknown	no strings	47
019928f0	2716	Unknown	no strings	51
01b5c650	2715	MUSpectrumShaper	9 strings	33
01348960	2714	Unknown	no strings	80
0009f2a0	2713	GNList	4 strings	54
019b61e0	2712	Unknown	no strings	66
00491110	2709	MUAudioFileSource	1 strings	88
00d89590	2707	GNString	6 strings	36
013f9470	2707	Unknown	no strings	61
01f25af0	2703	Unknown	no strings	71
014dcf30	2700	Unknown	no strings	50
01588180	2699	Unknown	no strings	69
00ee54bb	2697	Unknown	no strings	1
016cdc10	2697	Unknown	no strings	66
01922e30	2696	Unknown	no strings	58
01da94b0	2696	Unknown	no strings	84
00eaa490	2691	Unknown	no strings	2
00c78cd0	2690	GNAttributeType	8 strings	37
00e271f0	2689	GNString	2 strings	66
00a6a4c2	2688	Unknown	26 strings	98
018c3af0	2685	GNList	8 strings	43
007e24c0	2680	Unknown	no strings	85
014fdd70	2679	Unknown	no strings	69
01a5e160	2679	Unknown	no strings	66
01ba40f0	2679	Unknown	no strings	63
01cc0ca0	2679	Unknown	no strings	34
00ee68f0	2678	Unknown	no strings	1
00ee87fc	2678	Unknown	no strings	1
0187bc30	2676	Unknown	no strings	11
012762c0	2673	Unknown	no strings	72
016039b0	2672	Unknown	1 strings	8
0190a380	2672	Unknown	no strings	55
00930dbe	2671	Unknown	7 strings	77
01b64ab0	2670	Unknown	no strings	60
018d88f0	2669	Unknown	no strings	50
00378ba0	2665	Unknown	no strings	77
0051a2b0	2662	Unknown	no strings	102
008fbef0	2661	Unknown	no strings	7
00266af0	2660	Unknown	no strings	74
00af71b0	2660	GNAudioMeterView	1 strings	52
00b79970	2656	GNFilePath	9 strings	35
002ba3c0	2654	Unknown	no strings	60
00e69550	2654	Unknown	1 strings	69
01f3b350	2652	Unknown	no strings	73
00652d70	2650	Unknown	no strings	117
01a47e50	2650	Unknown	no strings	71
0196a550	2648	Unknown	no strings	71
019b4ae0	2648	Unknown	no strings	48
0059ba40	2643	EnergyClaimSystem	20 strings	51
002312f0	2638	MUAraAudioSource	3 strings	71
007b96b0	2638	GNSoundFileALACReader	1 strings	46
01e07690	2637	Unknown	no strings	47
01af1380	2636	Unknown	no strings	90
01316d80	2635	MUSampledFunction	1 strings	73
013d8180	2634	Unknown	no strings	64
00582b10	2633	MDAnalyserTestView	1 strings	51
00492370	2632	MUAudioFileSource	1 strings	85
00b4c8e0	2632	Unknown	no strings	59
017916d0	2630	Unknown	no strings	53
019cb6b0	2629	Unknown	no strings	65
001552e0	2627	Unknown	no strings	82
013f8740	2626	Unknown	no strings	61
016a1890	2625	MUAraDocumentController	2 strings	49
00629000	2624	Unknown	no strings	80
005f0ba0	2622	MDViewSettings	1 strings	56
012e9900	2622	Unknown	no strings	62
00dc1400	2620	Unknown	no strings	68
01a42180	2617	Unknown	no strings	65
0063d970	2610	MDURLOpenedController	1 strings	75
01602e90	2609	Unknown	no strings	10
00d61ea0	2607	Unknown	no strings	37
01b55820	2607	Unknown	no strings	57
01866e10	2606	Unknown	no strings	21
01a7e770	2605	Unknown	no strings	78
004461d0	2600	Unknown	no strings	88
008fca52	2597	Unknown	30 strings	5
00072af0	2596	Unknown	no strings	68
01388750	2596	Unknown	no strings	58
00c5a4e0	2595	Unknown	no strings	1
0061ebd0	2594	Unknown	no strings	70
00bebd90	2594	GNAudioDevicePrefCtrl	8 strings	36
000f1700	2591	Unknown	no strings	79
006f4c20	2591	Unknown	no strings	105
0063b490	2590	MDURLOpenedController	1 strings	73
009ddc0e	2588	Unknown	no strings	9
014d39b0	2583	MUAudioSourcePrincipalItem	1 strings	55
00a68cea	2580	Unknown	no strings	7
01b43fc0	2580	Unknown	no strings	51
00ab3c9e	2577	Unknown	no strings	9
00fd8790	2576	Unknown	1 strings	2
0060d290	2575	Unknown	no strings	74
01a0fff0	2575	Unknown	no strings	64
000c28c0	2572	Unknown	no strings	82
00556e50	2569	Unknown	3 strings	75
00761a80	2569	MUAudioFileSource	1 strings	66
01e0a450	2569	Unknown	no strings	73
00555360	2568	Unknown	no strings	77
00f6e2c0	2568	Unknown	4 strings	9
00a9bb34	2565	Unknown	no strings	5
0039ab20	2564	Unknown	no strings	90
00ee4ab7	2564	Unknown	no strings	1
01892930	2564	GNString	1 strings	72
01d3b7a0	2564	Unknown	no strings	63
01426870	2560	Unknown	no strings	65
00621330	2554	Unknown	1 strings	69
016756d0	2550	Unknown	no strings	67
017f1c80	2550	Unknown	no strings	39
0023af30	2549	Unknown	no strings	88
0027c9f0	2549	Unknown	no strings	88
00088bb0	2548	MDMetaWindowController	1 strings	52
01071b30	2548	Unknown	no strings	1
01318610	2543	Unknown	no strings	67
01f35940	2543	Unknown	1 strings	74
00b16410	2542	Unknown	no strings	65
01bc4850	2541	Unknown	no strings	77
01749eb0	2540	Unknown	no strings	71
00302550	2538	MDNotificationObserver	18 strings	80
01e1f2c0	2538	Unknown	no strings	69
00abfd62	2537	Unknown	6 strings	36
00cb6da0	2537	Unknown	no strings	54
01937560	2537	Unknown	no strings	64
019fcdf0	2536	Unknown	no strings	82
0126d090	2534	Unknown	no strings	48
017ed3c0	2534	Unknown	no strings	84
00338e90	2532	GNString	1 strings	82
00fa4b60	2532	Unknown	1 strings	1
01600720	2532	Unknown	no strings	68
0083cc40	2530	GNBrowser	1 strings	51
00f67b00	2529	Unknown	16 strings	4
0137d640	2529	Unknown	no strings	69
01a0e240	2525	Unknown	no strings	76
016acf90	2524	MUAraMinApiGeneration	7 strings	74
01b08e50	2521	Unknown	no strings	72
0063c780	2519	MDURLOpenedController	1 strings	71
01802d60	2518	Unknown	no strings	94
01b57030	2518	GNList	1 strings	68
01531f40	2516	Unknown	no strings	79
01ad48c0	2515	Unknown	no strings	66
01c41970	2514	Unknown	no strings	57
0174c730	2513	Unknown	no strings	52
00dde270	2509	GNValue	2 strings	86
01b5d300	2507	MUSpectrumShaper	1 strings	78
01c201a0	2506	Unknown	no strings	66
01650af0	2504	MULSSGenerator	1 strings	79
01a98270	2504	Unknown	no strings	53
011dfd50	2502	Unknown	1 strings	50
01a70ac0	2501	Unknown	2 strings	79
01ccad90	2497	GNMultipleValue	1 strings	68
010f3160	2496	GNUni	20 strings	54
009a31dc	2495	Unknown	10 strings	80
01696b40	2494	GNUni	19 strings	46
00d0b140	2493	GNList	3 strings	47
01a2db70	2493	MUScalePitchSystem	1 strings	56
0019f010	2491	GNToolBox	1 strings	48
00a9c5fa	2489	Unknown	28 strings	3
00129ad0	2488	MDExportAudioController	1 strings	80
00f4c390	2487	Unknown	1 strings	1
0131f190	2487	Unknown	no strings	60
0162a940	2487	Unknown	DECOMPILE_FAILED	0
01ab6ab0	2487	Unknown	no strings	59
003544d0	2482	Unknown	no strings	74
01dc4200	2482	Unknown	no strings	85
01e82060	2482	GNIconsView	1 strings	50
01b95ae0	2480	Unknown	no strings	68
002ecd30	2479	MDMetaWindowController	1 strings	75
00c1ffc0	2479	GNOverloudConvolverIR	7 strings	56
0051e7f0	2478	Unknown	no strings	90
00a99572	2478	Unknown	24 strings	90
00ee5f44	2476	Unknown	no strings	1
00ee7e50	2476	Unknown	no strings	1
01a0b320	2476	Unknown	no strings	55
01dd5630	2475	Unknown	no strings	66
004a64d0	2472	Unknown	1 strings	81
00620200	2468	Unknown	no strings	80
007dc1e0	2468	Unknown	no strings	66
01297c10	2467	Unknown	no strings	64
014e7f40	2467	Unknown	no strings	66
014ae680	2466	Unknown	no strings	18
01af7060	2466	Unknown	no strings	72
01ce54a0	2465	GNString	1 strings	81
01eaf7c0	2465	Unknown	no strings	37
00bb5b50	2464	Unknown	5 strings	73
018353d0	2463	Unknown	no strings	25
00327aa0	2462	Unknown	no strings	81
0077cd50	2462	MUElementAnalyzer	3 strings	66
002b3880	2461	MDTimeGridController	1 strings	70
002bbb70	2461	MDEditorScrollView	2 strings	53
015b3700	2461	Unknown	1 strings	8
01769110	2457	Unknown	no strings	81
01978660	2450	Unknown	no strings	68
01efa5d0	2449	Unknown	no strings	64
00326a30	2447	Unknown	no strings	81
0183ce70	2446	Unknown	no strings	53
0165e970	2444	Unknown	no strings	62
0093e4ea	2443	Unknown	16 strings	77
001efe70	2442	GNLocalizationTarget	2 strings	49
00f32580	2441	Unknown	4 strings	15
016cf400	2439	Unknown	no strings	67
00b24c20	2437	Unknown	no strings	54
01aa6cb0	2436	Unknown	no strings	76
00c0d750	2435	Unknown	no strings	38
00929d84	2434	Unknown	5 strings	43
002ac220	2431	Unknown	no strings	73
00fbb700	2431	Unknown	2 strings	2
00650980	2430	MUMultiTrackView	1 strings	81
0132df30	2430	Unknown	no strings	66
0078a130	2429	Unknown	1 strings	70
01c723c0	2429	GNString	2 strings	59
00267bd0	2428	MUAudioFileSource	1 strings	78
014d4f90	2428	MUAudioSourcePrincipalItem	1 strings	42
019cddf0	2428	MUScalePitchSystem	1 strings	64
00770960	2427	MUElementAnalyzer	1 strings	61
00108e20	2425	Unknown	no strings	82
00e61ae0	2425	Unknown	1 strings	73
014b5230	2425	Unknown	no strings	1
012a7870	2423	Unknown	no strings	41
01c96a10	2422	Unknown	no strings	67
014d44f0	2420	MUAudioSourcePrincipalItem	1 strings	43
015b5100	2419	Unknown	no strings	60
0185cc90	2416	Unknown	no strings	38
00139430	2410	MDMetaWindowController	3 strings	56
014adca0	2407	MUElementAnalyzer	1 strings	9
01bdee90	2405	MUSpectrumShaper	3 strings	42
01255e40	2404	Unknown	no strings	36
007c7bc0	2403	GNAudioHALDevice	1 strings	41
00ee4159	2398	Unknown	no strings	1
01dfd890	2398	GNTabView	8 strings	36
016fb600	2397	Unknown	no strings	81
005039a0	2394	MUPercussivePitchSystem	2 strings	61
00e063c0	2394	Unknown	4 strings	59
01c60a90	2394	Unknown	no strings	73
00f65ea0	2393	Unknown	2 strings	6
015189a0	2392	Unknown	no strings	69
013f07a0	2389	Unknown	no strings	11
01d7f240	2387	Unknown	no strings	48
01bcb5f0	2380	Unknown	no strings	71
016da710	2376	Unknown	no strings	76
019f1a30	2376	Unknown	no strings	71
012a2350	2375	Unknown	no strings	49
0150ddd0	2375	Unknown	no strings	59
00add580	2374	TSocket	2 strings	16
01e459c0	2374	GNTextView	1 strings	75
011687c0	2373	MUTrack	3 strings	47
01951010	2373	Unknown	no strings	68
012d0a00	2372	Unknown	no strings	53
00f36780	2371	Unknown	no strings	6
01a5b5e0	2371	MUTool	1 strings	65
01e10690	2371	GNList	3 strings	56
01a35080	2370	Unknown	no strings	73
01c0d4d0	2370	Unknown	no strings	75
01ba9e60	2369	Unknown	no strings	59
0173c840	2366	Unknown	no strings	66
019defb0	2363	Unknown	no strings	65
0006c760	2360	Unknown	no strings	70
00d292b0	2360	Unknown	2 strings	85
0071fc50	2359	MUTempoEditorView	2 strings	39
009458d0	2359	Unknown	9 strings	68
01921620	2359	Unknown	no strings	57
002ad1a0	2358	Unknown	no strings	68
00903e5c	2358	Unknown	20 strings	85
01e22920	2356	Unknown	no strings	41
01abe1e0	2354	Unknown	no strings	27
0149ebe0	2352	Unknown	no strings	31
01a62e90	2351	Unknown	no strings	39
015c9ee0	2350	Unknown	no strings	63
01cdecb0	2350	Unknown	no strings	2
01873dc0	2346	Unknown	no strings	64
019e9aa0	2343	Unknown	no strings	63
00bc19b0	2342	Unknown	no strings	75
005748e0	2341	MDEditorDescription	1 strings	48
012bcdc0	2341	Unknown	no strings	10
00f42be0	2340	Unknown	no strings	1
01679350	2339	Unknown	no strings	91
00749fc0	2336	Unknown	15 strings	61
01730570	2334	Unknown	no strings	76
01e3a830	2333	Unknown	15 strings	60
006c3b00	2328	MDWorkspaceView	1 strings	40
00f2b114	2328	Unknown	no strings	5
00e1f680	2327	Unknown	no strings	52
00b82750	2325	Unknown	no strings	51
00c5eb70	2325	Unknown	no strings	70
019149d0	2325	Unknown	no strings	61
00d6a330	2323	Unknown	no strings	66
01f58aa0	2322	Unknown	4 strings	3
009d941a	2321	Unknown	4 strings	40
00d381d0	2320	Unknown	no strings	56
01e66b80	2320	Unknown	no strings	51
016fa090	2315	Unknown	no strings	62
00243520	2313	Unknown	no strings	75
00cb45c0	2313	Unknown	no strings	55
007f83c0	2310	MDMetaWindowController	2 strings	66
004f6020	2305	MUMultiTrackItem	2 strings	74
00c04940	2303	Unknown	no strings	86
00c08ed0	2303	Unknown	no strings	86
00eded5c	2301	Unknown	no strings	1
00ee07dd	2301	Unknown	no strings	1
01ed7f00	2299	Unknown	no strings	61
005f86e0	2297	GNUni	15 strings	81
01a0f430	2297	Unknown	no strings	45
01982df0	2296	Unknown	no strings	53
01aec450	2295	Unknown	no strings	47
016db1f0	2293	Unknown	no strings	69
013e71c0	2291	Unknown	no strings	53
015278a0	2291	Unknown	no strings	52
0008d170	2287	MDMetaWindowController	1 strings	56
002a6a10	2285	Unknown	no strings	47
01a84ac0	2282	Unknown	no strings	63
01aa5120	2278	MUScaleBrowserItem	1 strings	57
01a67a50	2277	Unknown	no strings	66
01aa96d0	2276	Unknown	no strings	70
01b9ba10	2274	Unknown	no strings	60
00104fb0	2272	Unknown	no strings	88
007db7b0	2271	Unknown	no strings	32
00d32c80	2271	Unknown	no strings	68
01530ba0	2269	Unknown	no strings	34
01f03a80	2269	GNInspector	1 strings	54
00e56290	2268	Unknown	no strings	71
00a97cde	2267	Unknown	no strings	6
00244b20	2266	GNSoundFile	3 strings	51
00978092	2266	Unknown	no strings	13
007e59d0	2258	Unknown	no strings	48
017ebde0	2258	Unknown	no strings	69
0006b020	2257	Unknown	no strings	66
00dba5e0	2256	Unknown	no strings	77
01506110	2256	Unknown	no strings	68
01959300	2256	Unknown	no strings	63
008f932e	2255	Unknown	22 strings	82
00ede48d	2255	Unknown	no strings	1
00edff0e	2255	Unknown	no strings	1
01997db0	2255	Unknown	no strings	52
00ab5284	2253	Unknown	22 strings	82
00ab7374	2253	Unknown	5 strings	52
00b78080	2249	Unknown	no strings	5
00c38a40	2249	Unknown	no strings	89
0126f610	2249	Unknown	no strings	52
00c308f0	2243	Unknown	no strings	89
00dd3310	2243	Unknown	1 strings	71
0049f6c0	2241	Unknown	no strings	73
01a6cf00	2239	MUChord	1 strings	54
008f7b82	2235	Unknown	no strings	8
00e05610	2233	Unknown	6 strings	56
01eac2f0	2233	Unknown	no strings	42
00773ea0	2232	Unknown	no strings	70
01bbcdd0	2232	MUDetectionEditorView	1 strings	59
0029f5d0	2231	Unknown	no strings	61
00eddbd8	2229	Unknown	no strings	1
00edf659	2229	Unknown	no strings	1
009b34e8	2227	Unknown	no strings	1
01b381a0	2227	Unknown	no strings	58
01f5ab60	2225	GNDebugObjectBrowser	7 strings	31
01321ae0	2224	Unknown	no strings	67
01df5490	2224	Unknown	no strings	56
01ed2f70	2224	Unknown	no strings	37
0177f010	2223	GNString	1 strings	71
00d43550	2222	GNList	1 strings	40
01a86870	2220	Unknown	no strings	63
00505840	2219	Unknown	no strings	69
0101e750	2219	Unknown	3 strings	1
01ee9430	2219	Unknown	no strings	56
00dbf000	2218	GNValue	5 strings	67
00b471b0	2217	Unknown	no strings	75
00b2b9d0	2215	Unknown	2 strings	48
017178d0	2215	MUScalePitchSystem	1 strings	33
000bb160	2214	MDMetaWindowController	1 strings	58
0021b740	2214	Unknown	no strings	68
01a7c220	2214	Unknown	no strings	54
011aa9e0	2213	MUSpectralTimeSlice	1 strings	42
01bd5d50	2213	MUSpectrumShaper	2 strings	67
01d349f0	2213	Unknown	no strings	70
00535670	2212	MUAudioFileSource	1 strings	55
00c8d640	2212	Unknown	no strings	4
01514480	2211	Unknown	no strings	48
00edd336	2210	Unknown	no strings	1
01eba210	2210	Unknown	no strings	72
008f5344	2209	Unknown	no strings	7
01cd1d40	2208	Unknown	3 strings	59
003b9370	2207	MDAudioTrackHeaderViewController	7 strings	25
0050f8b0	2207	MDCopyDataToController	7 strings	25
01b9abf0	2206	Unknown	no strings	74
006f8ca0	2205	Unknown	no strings	91
0174b330	2204	Unknown	no strings	64
013fa1f0	2202	Unknown	no strings	38
016d63b0	2202	Unknown	no strings	57
0033fef0	2201	MDEditorViewController	2 strings	63
013f18d0	2201	Unknown	no strings	32
018b6570	2201	MUTestValue	1 strings	65
0010ae60	2199	MUTempoEditorView	3 strings	36
019383e0	2199	Unknown	no strings	52
011a8140	2198	MUScaleTuningIntervalForAnalysis	1 strings	42
01c22370	2198	Unknown	no strings	60
01a32100	2195	Unknown	no strings	64
01c2dc30	2195	Unknown	no strings	82
016b6bb0	2193	Unknown	8 strings	48
001563c0	2192	Unknown	2 strings	55
008c14e6	2191	Unknown	no strings	8
0177c8c0	2190	Unknown	no strings	82
00eae9dc	2189	Unknown	no strings	1
01604630	2186	Unknown	no strings	13
00264ad0	2184	Unknown	no strings	61
002eff80	2184	Unknown	no strings	63
01087a00	2183	Unknown	no strings	1
0164b170	2183	Unknown	no strings	53
00ac67c0	2182	Unknown	no strings	42
00b38fc0	2182	Unknown	no strings	5
00820940	2181	GNKeyValueUnarchiverDelegate	4 strings	39
0092620f	2180	Unknown	no strings	18
01c651f0	2179	Unknown	no strings	73
00b285a0	2178	Unknown	no strings	2
01da3800	2177	GNData	2 strings	72
015fc990	2176	Unknown	no strings	41
01a8a710	2175	GNList	1 strings	64
004f32b0	2174	Unknown	no strings	62
01abf3d0	2173	Unknown	4 strings	67
00f6eee0	2172	Unknown	1 strings	4
015fb200	2170	Unknown	no strings	45
01347c70	2169	Unknown	no strings	56
00ccff10	2167	Unknown	no strings	27
007eca30	2166	MDEditorViewController	1 strings	55
01f10600	2166	Unknown	no strings	57
01b5a960	2165	Unknown	no strings	83
006ccf60	2162	Unknown	no strings	72
01a6f360	2162	GNValue	2 strings	61
01bbe490	2162	GNList	8 strings	27
01241e00	2159	Unknown	no strings	75
00b5fd00	2158	Unknown	no strings	40
015bea90	2158	Unknown	no strings	47
00b48010	2155	Unknown	no strings	77
00c37a80	2153	GNOverloudCompG	1 strings	58
00edcacd	2153	Unknown	no strings	1
00333b00	2152	MDEditorViewController	1 strings	54
0036f6e0	2150	GNList	1 strings	69
00512790	2149	MDMetaWindowController	2 strings	69
01d72130	2148	Unknown	no strings	65
0033cd80	2146	Unknown	no strings	40
00db5520	2146	Unknown	no strings	79
0100f350	2146	Unknown	1 strings	1
005dc2b0	2144	GNUni	22 strings	85
012ec4a0	2143	Unknown	no strings	50
0149d5b0	2143	Unknown	no strings	12
0077dba0	2142	Unknown	no strings	72
012fc0c0	2141	Unknown	no strings	65
01917980	2140	Unknown	no strings	55
00976c80	2139	Unknown	no strings	4
019cc590	2139	Unknown	no strings	49
01a65460	2139	Unknown	14 strings	43
01f4eb70	2137	Unknown	no strings	46
00239fc0	2134	Unknown	no strings	67
01a45aa0	2134	Unknown	no strings	54
00bd0770	2133	Unknown	no strings	79
01759030	2133	Unknown	no strings	63
01e54920	2133	Unknown	no strings	59
01e6dab0	2133	Unknown	no strings	56
010b2600	2132	Unknown	no strings	5
0195a3e0	2131	Unknown	no strings	63
00226290	2130	Unknown	no strings	65
00dc5330	2130	Unknown	1 strings	59
01ad6540	2130	Unknown	no strings	77
014a3900	2129	Unknown	no strings	28
00eea571	2128	Unknown	no strings	1
00eeadc1	2128	Unknown	no strings	1
01c3c4d0	2128	Unknown	no strings	63
01ce8890	2128	Unknown	no strings	42
0002cde0	2127	GNList	18 strings	74
00eaf269	2127	Unknown	no strings	1
00eafab8	2127	Unknown	no strings	1
0185f120	2127	Unknown	no strings	39
00b9bdf0	2126	Unknown	no strings	46
0053f150	2125	GNUni	17 strings	43
00939176	2125	Unknown	10 strings	60
014cd1b0	2124	Unknown	no strings	36
00f71d40	2123	Unknown	14 strings	8
01f3db20	2121	Unknown	no strings	6
016863a0	2120	Unknown	4 strings	49
0174aa60	2117	Unknown	no strings	63
004f2580	2115	Unknown	no strings	51
00ad3c00	2114	Unknown	2 strings	11
01f88e80	2114	Unknown	no strings	70
00e29d50	2111	Unknown	no strings	54
01525150	2111	Unknown	no strings	72
015cbd00	2110	Unknown	no strings	63
00368120	2107	Unknown	no strings	56
00a9866e	2106	Unknown	23 strings	3
015bd150	2105	Unknown	no strings	48
01f6fa60	2104	Unknown	no strings	59
00ce4220	2103	Unknown	no strings	50
01319960	2103	Unknown	no strings	60
00ac86a0	2100	Unknown	1 strings	5
017982d0	2099	MUChordRootAnalyzerEntry	1 strings	42
01d713c0	2097	Unknown	no strings	40
01bff300	2096	QualityScoring	4 strings	54
01e9acb0	2096	Unknown	no strings	44
00d605b0	2095	Unknown	2 strings	56
0126de80	2095	Unknown	no strings	50
00533b90	2094	MUAudioFileSource	1 strings	58
00efaf33	2094	Unknown	1 strings	1
015c35f0	2094	Unknown	no strings	1
00fcc780	2093	Unknown	no strings	1
0025a470	2091	Unknown	no strings	68
01df3040	2091	GNList	1 strings	63
01a47310	2090	Unknown	no strings	56
00657c30	2089	MUQuarterSequenceView	1 strings	52
01a06c90	2087	Unknown	no strings	55
01ce9a80	2087	Unknown	no strings	50
00044470	2086	GNOperationProgressObserver	3 strings	37
01d4bfe0	2086	GNGraphicsContextState	1 strings	38
01158640	2084	GNUni	21 strings	79
00534960	2083	MUAudioFileSource	1 strings	45
00857530	2083	Unknown	13 strings	41
00b444a0	2083	GNDate	1 strings	70
01823e80	2082	Unknown	no strings	83
0064e9c0	2081	Unknown	no strings	66
00edc2ac	2081	Unknown	no strings	1
004589c0	2079	Unknown	no strings	70
00a697be	2079	Unknown	25 strings	3
00d377f0	2079	Unknown	no strings	67
01c7a3d0	2079	MUTempoEditorViewItem	1 strings	38
012d8cd0	2078	Unknown	1 strings	73
017f4540	2077	Unknown	no strings	60
01be41a0	2076	Unknown	no strings	46
01a0d330	2074	Unknown	no strings	73
01981860	2072	Unknown	no strings	50
00ee9d5c	2069	Unknown	no strings	1
019cd110	2069	Unknown	no strings	58
0031d5a0	2068	Unknown	no strings	81
0192ed00	2068	Unknown	no strings	57
01d45390	2068	Unknown	no strings	67
012d4f10	2067	Unknown	no strings	44
017dde70	2067	Unknown	no strings	77
00654180	2064	MDWorkspaceView	1 strings	70
00f4f780	2064	Unknown	no strings	1
016eaf10	2064	Unknown	no strings	65
00e3ddb0	2063	GNString	1 strings	47
00b17510	2062	Unknown	no strings	60
00c07540	2062	Unknown	no strings	77
01d79730	2062	Unknown	no strings	47
011af000	2061	MUSpectrumShaper	14 strings	42
01b836f0	2061	MUSpectrumShaper	7 strings	28
00db4680	2060	Unknown	no strings	73
00239240	2059	Unknown	no strings	63
016f1d60	2059	Unknown	no strings	52
00240bc0	2058	MUAudioFileSource	1 strings	53
003b6a50	2057	MDLayer	7 strings	31
01d636b0	2057	GNMenuItem	7 strings	31
01f6f220	2057	GNLocaleExportController	7 strings	31
01f822e0	2057	GNShortCutOutlineController	7 strings	31
01c957d0	2056	Unknown	no strings	37
01e191f0	2056	Unknown	no strings	57
01017e50	2055	Unknown	3 strings	3
01ddf560	2054	Unknown	no strings	46
01a8f2a0	2053	Unknown	no strings	60
01e68430	2053	Unknown	no strings	21
0106b860	2050	Unknown	2 strings	4
012cc0c0	2050	MUAudioFileSource	1 strings	31
000b75e0	2047	Unknown	no strings	40
00da3950	2047	Unknown	1 strings	2
00358b00	2046	Unknown	no strings	67
008f5cb6	2046	Unknown	26 strings	6
00df7b80	2045	Unknown	no strings	59
00500000	2044	Unknown	no strings	85
008ef6d8	2040	Unknown	20 strings	74
01c65c50	2040	Unknown	no strings	73
001c7610	2039	GNEvent	1 strings	40
00ac7560	2039	Unknown	no strings	7
00e00e00	2039	Unknown	no strings	23
014af180	2039	Unknown	no strings	30
01b4b060	2039	MUScaleSavePanel	7 strings	25
01eceb50	2038	Unknown	no strings	62
006f9d50	2037	Unknown	no strings	76
01ddd120	2037	Unknown	no strings	46
01db4190	2036	Unknown	no strings	59
004b0830	2035	Unknown	no strings	52
00a64b22	2034	Unknown	20 strings	74
00b41dc0	2034	Unknown	no strings	71
01dc0e10	2033	Unknown	no strings	54
0087bf80	2032	MDToolbarTempoCtrl	3 strings	45
01cba0b0	2030	Unknown	no strings	46
01971280	2029	Unknown	no strings	54
00a9f3e2	2028	Unknown	20 strings	74
00c32cc0	2027	Unknown	1 strings	45
01d69be0	2026	Unknown	no strings	58
00b89160	2025	Unknown	no strings	77
013c4110	2025	Unknown	no strings	7
01a46820	2025	Unknown	no strings	56
01f46240	2025	Unknown	no strings	50
000eb190	2024	Unknown	no strings	63
01c91010	2024	Unknown	11 strings	65
00bbef30	2023	Unknown	no strings	4
00450260	2021	Unknown	no strings	66
01c70ce0	2020	Unknown	no strings	74
014aa770	2019	Unknown	no strings	27
002e09c0	2017	Unknown	13 strings	50
0048fe80	2015	GNString	1 strings	59
01c16c70	2015	Unknown	no strings	52
01727380	2012	Unknown	no strings	70
00552720	2010	Unknown	1 strings	45
01b44f00	2010	Unknown	2 strings	32
01b54370	2009	MUScaleDetectionOptionsData	1 strings	51
00c018b0	2008	Unknown	no strings	79
00c141e0	2008	Unknown	no strings	79
01220a90	2008	Unknown	no strings	57
01dceb30	2004	Unknown	no strings	53
01782d20	2003	GNString	DECOMPILE_FAILED	0
00963057	2002	Unknown	no strings	1
01665120	2002	GNList	1 strings	70
01764ec0	2002	Unknown	no strings	58
01d27890	2002	Unknown	no strings	49
008c1e6a	2001	Unknown	23 strings	3
00ae7020	2001	Unknown	no strings	61
01964b30	2001	Unknown	no strings	48
01513590	2000	Unknown	no strings	43
01e24a90	1999	Unknown	no strings	61
00917f3e	1998	Unknown	20 strings	74
00d91000	1997	Unknown	no strings	49
0027b070	1996	Unknown	no strings	41
00fcbfb0	1996	Unknown	no strings	168
002a77a0	1995	Unknown	1 strings	36
011ce5e0	1995	MUTrackRenderer	1 strings	46
002b4e40	1994	GNScrollView	2 strings	44
00af64b0	1994	GNUni	15 strings	40
01b8eb50	1993	Unknown	13 strings	42
007b0440	1992	GNSoundFile	1 strings	42
0131ae60	1992	Unknown	no strings	73
007f9c50	1991	Unknown	no strings	56
00962820	1991	Unknown	no strings	1
01cc3340	1991	Unknown	no strings	21
000916b0	1990	Unknown	no strings	32
00afc2d0	1989	GNUni	15 strings	39
012edae0	1988	Unknown	no strings	50
00b71f80	1987	Unknown	no strings	47
01c5fd60	1987	Unknown	no strings	79
005b6230	1984	MDDocumentViewController	4 strings	37
006cc2c0	1984	Unknown	no strings	70
01ee6d60	1983	Unknown	1 strings	49
014a6a60	1982	Unknown	no strings	37
016ccf50	1981	Unknown	no strings	45
0102d010	1979	Unknown	no strings	3
00703ff0	1978	Unknown	no strings	65
0085a740	1978	GNPropertyObserver	2 strings	37
01f82cb0	1977	Unknown	no strings	54
01523ca0	1976	Unknown	no strings	17
014ce440	1975	Unknown	no strings	45
00ad7bd0	1974	Unknown	no strings	6
0132c9b0	1974	Unknown	no strings	64
015446f0	1974	Unknown	no strings	16
011eb620	1972	Unknown	no strings	7
01d05320	1972	Unknown	no strings	71
00493490	1971	MDMetaWindowController	1 strings	48
0133b360	1971	Unknown	no strings	46
01f54d20	1971	Unknown	no strings	49
00210580	1968	GNHeartbeatHandler	2 strings	39
014ab670	1968	Unknown	no strings	7
0171f810	1968	Unknown	2 strings	56
01b51100	1967	MUScaleBrowserItem	1 strings	64
0054e050	1966	Unknown	no strings	34
00787770	1965	Unknown	no strings	62
00f9d060	1965	Unknown	no strings	1
01a082c0	1964	Unknown	no strings	61
0008a6e0	1963	MDMetaWindowController	2 strings	46
007954a0	1963	MDExportController	2 strings	49
00cd29e0	1960	GNString	2 strings	49
01b21660	1960	Unknown	no strings	43
003557b0	1957	Unknown	no strings	58
01b17840	1955	MUScalePitchSystem	1 strings	54
01d044d0	1955	Unknown	no strings	46
017964f0	1954	GNUni	15 strings	51
00790110	1952	MUAudioFileSource	1 strings	61
00f69bc0	1952	Unknown	1 strings	4
017fada0	1952	Unknown	no strings	59
00e51950	1949	GNCelemonyHTTPDownloadRequest	1 strings	51
003726c0	1948	Unknown	no strings	56
0007bcd0	1947	Unknown	no strings	57
01786b30	1947	Unknown	no strings	49
01991d40	1946	Unknown	1 strings	45
01f6b400	1946	Unknown	no strings	58
00b28ea0	1945	Unknown	no strings	21
0172dda0	1944	Unknown	no strings	54
0174be30	1944	Unknown	no strings	39
0033a220	1943	GNString	1 strings	57
016fe3c0	1943	Unknown	no strings	65
00721510	1941	Unknown	3 strings	61
00ab476e	1940	Unknown	21 strings	3
00f9e600	1940	Unknown	no strings	1
011b7e40	1940	GNUni	18 strings	63
01271180	1940	Unknown	no strings	61
01eb6770	1938	GNModuleView	7 strings	28
0152ad10	1937	Unknown	no strings	47
0128f850	1936	Unknown	no strings	40
01d6c750	1936	Unknown	no strings	51
012783e0	1933	Unknown	no strings	41
01e21040	1933	Unknown	no strings	54
00d21bf0	1931	Unknown	no strings	44
010604a0	1931	Unknown	no strings	4
01ca86b0	1931	Unknown	2 strings	60
01eaa020	1928	Unknown	no strings	43
003ad1d0	1927	MDMetaWindowController	1 strings	51
00ea89d0	1927	Unknown	no strings	3
01bdbfa0	1927	MUSpectrumShaper	3 strings	38
0120a700	1926	Unknown	no strings	38
01c4e530	1926	Unknown	no strings	68
00930118	1924	Unknown	9 strings	70
0190e330	1924	Unknown	1 strings	55
00f46160	1923	Unknown	no strings	11
0024bf70	1922	Unknown	no strings	53
01a9f730	1922	Unknown	3 strings	66
01b041e0	1919	Unknown	no strings	50
00bd69b0	1918	Unknown	no strings	60
00a9b24e	1917	Unknown	19 strings	70
019e6300	1916	Unknown	no strings	45
00720770	1915	Unknown	2 strings	41
019e5860	1912	Unknown	no strings	45
01dc6c10	1911	Unknown	no strings	58
01e6eb20	1911	Unknown	no strings	62
00c861e0	1909	Unknown	no strings	56
010bb450	1908	Unknown	12 strings	2
012cfa20	1908	Unknown	no strings	65
004b1320	1906	Unknown	no strings	46
01ce0360	1906	Unknown	no strings	32
01efe2c0	1905	Unknown	no strings	48
00bd5c60	1903	Unknown	no strings	64
00f31080	1903	Unknown	no strings	31
00a97388	1902	Unknown	19 strings	70
00cc9d90	1902	Unknown	no strings	67
0176d660	1902	GNInt	17 strings	42
00906cf8	1898	Unknown	no strings	8
0138d2e0	1895	Unknown	no strings	50
018eec90	1895	Unknown	no strings	53
00451bd0	1894	Unknown	2 strings	53
019c8d20	1894	Unknown	no strings	29
004b2fa0	1893	MDAudioTrackItem	1 strings	63
00a9a070	1893	Unknown	no strings	6
019e45d0	1893	Unknown	no strings	50
012e3d30	1892	GNList	10 strings	43
00504b00	1891	Unknown	no strings	63
00516170	1891	Unknown	no strings	66
00060b50	1889	GNThread	1 strings	34
00ed3e30	1887	Unknown	no strings	1
0171ab80	1886	Unknown	no strings	68
017439c0	1886	Unknown	1 strings	46
01c37290	1886	GNFilePath	1 strings	57
016e9c70	1885	Unknown	no strings	61
016d7580	1883	Unknown	no strings	65
01b15940	1883	Unknown	no strings	54
01e587b0	1881	Unknown	1 strings	28
004aeab0	1880	Unknown	no strings	56
0096d3b2	1880	Unknown	no strings	48
01a572d0	1880	Unknown	no strings	61
00234400	1879	MUTool	1 strings	59
01a5f2f0	1878	Unknown	no strings	51
00cd9fa0	1876	Unknown	1 strings	50
017d4800	1876	Unknown	no strings	46
019f2c90	1874	Unknown	no strings	42
0164e9f0	1872	Unknown	no strings	37
0128e760	1870	MUAudioSourceAttackItem	1 strings	48
002c78b0	1869	GNString	2 strings	50
01a20ee0	1869	Unknown	no strings	53
00a636ac	1868	Unknown	no strings	5
00e925a0	1868	GNString	2 strings	47
015ffad0	1868	Unknown	no strings	46
01d21ed0	1868	Unknown	no strings	51
004995c0	1866	Unknown	1 strings	66
0097d480	1864	Unknown	3 strings	4
01e1b750	1863	Unknown	no strings	56
00a9e176	1862	Unknown	no strings	5
01182110	1862	MUComposition	20 strings	60
0168a900	1862	Unknown	no strings	45
0051f6c0	1861	Unknown	no strings	38
0008f9e0	1857	MDMetaWindowController	2 strings	45
01db7aa0	1857	Unknown	no strings	35
00ce9330	1856	Unknown	2 strings	41
006476b0	1855	Unknown	no strings	68
008f8624	1855	Unknown	20 strings	4
01805680	1854	Unknown	no strings	50
00752a00	1853	Unknown	no strings	56
0008ee80	1852	MDMetaWindowController	3 strings	36
0134c610	1849	Unknown	no strings	57
002f2ac0	1847	Unknown	no strings	54
00353700	1847	Unknown	12 strings	41
01a884d0	1847	Unknown	no strings	54
00e6fda0	1846	Unknown	1 strings	58
01880930	1846	MUScaleRegion	1 strings	37
0060a7c0	1845	Unknown	no strings	32
00968a1c	1844	Unknown	no strings	25
00b14030	1843	Unknown	7 strings	20
0166a440	1843	Unknown	no strings	60
002e1620	1841	Unknown	no strings	58
01bf3db0	1841	GNList	3 strings	31
00982878	1840	Unknown	7 strings	27
00ed458f	1840	Unknown	no strings	1
00ed4cbf	1840	Unknown	no strings	1
004ef800	1839	Unknown	no strings	55
00e44550	1838	Unknown	no strings	77
01de0c80	1835	Unknown	no strings	37
0094af40	1830	Unknown	no strings	10
0172e790	1830	Unknown	no strings	57
00ab8a5c	1829	Unknown	6 strings	47
0185df90	1827	Unknown	no strings	5
0048a720	1826	GNString	1 strings	57
00b6ce90	1826	Unknown	no strings	46
019b7a60	1826	MUScalePitchSystem	1 strings	38
01b74770	1826	Unknown	no strings	55
002e8930	1825	Unknown	no strings	60
009f3f64	1825	Unknown	6 strings	26
000c6aa0	1823	Unknown	no strings	59
002b9800	1823	Unknown	no strings	50
01857980	1823	Unknown	no strings	38
0131bcd0	1822	Unknown	no strings	54
01f7ef70	1822	Unknown	no strings	52
004a41a0	1821	Unknown	1 strings	52
00c06150	1820	Unknown	no strings	68
01d87940	1819	Unknown	no strings	50
017ecb00	1817	Unknown	no strings	44
00dd28a0	1816	GNString	1 strings	48
0036c630	1814	MDMetaWindowController	2 strings	42
00c4a720	1814	GNOverloudCompG	1 strings	34
01db3040	1814	GNScrollView	1 strings	36
00aa0bcc	1812	Unknown	18 strings	66
01518160	1812	Unknown	no strings	40
0193ebc0	1812	Unknown	1 strings	33
00cfd570	1809	GNJSONParser	1 strings	33
01550b90	1809	Unknown	no strings	12
00c1ea10	1808	GNList	3 strings	36
00b5b410	1807	Unknown	no strings	45
0100e620	1805	Unknown	no strings	41
00d549a0	1804	Unknown	no strings	13
012996f0	1802	Unknown	no strings	32
01a77f70	1802	Unknown	no strings	41
012549c0	1800	Unknown	no strings	47
01a763e0	1799	Unknown	no strings	20
002e4d80	1798	MDAudioTrackItem	1 strings	41
01bc8e10	1798	Unknown	no strings	46
002ec210	1797	MDAudioTrackItem	2 strings	50
010c8a20	1797	Unknown	no strings	3
002ccab0	1796	Unknown	3 strings	37
00b26f20	1796	Unknown	no strings	3
00f4f060	1796	Unknown	no strings	1
016bc130	1795	Unknown	4 strings	50
01cf1420	1794	Unknown	1 strings	57
0199b3a0	1793	Unknown	no strings	51
00937b18	1792	Unknown	6 strings	36
006ea2f0	1791	Unknown	no strings	61
008f3978	1791	Unknown	18 strings	66
009de670	1791	Unknown	no strings	9
007f6970	1790	Unknown	no strings	52
016f9740	1790	Unknown	no strings	57
011d8f10	1789	Unknown	1 strings	35
00e524d0	1788	GNCelemonyHTTPUploadRequest	3 strings	52
00624b90	1787	Unknown	no strings	60
00b439c0	1786	Unknown	no strings	70
01293ed0	1786	Unknown	no strings	53
01b57fb0	1786	Unknown	no strings	57
00b12ed0	1784	GNInt	12 strings	32
011ec5f0	1782	Unknown	no strings	39
01bb5160	1782	Unknown	no strings	29
00e95410	1781	GNHTTPProcessor	1 strings	31
0036d5a0	1780	Unknown	1 strings	38
010fee50	1778	MUAudioSourcePrincipalItem	1 strings	37
004f17e0	1777	MDEditorScrollView	1 strings	50
00292400	1774	GNString	1 strings	50
0114d3c0	1774	MUFilterEngine	1 strings	34
012e8e10	1774	Unknown	no strings	27
01b65f90	1774	Unknown	no strings	52
01b70050	1772	Unknown	no strings	42
01c025c0	1772	Unknown	no strings	36
010fc3b0	1771	GNInt	13 strings	32
01181260	1771	MUElement	17 strings	37
009e156a	1770	Unknown	1 strings	12
00d71400	1766	Unknown	2 strings	54
01287c80	1766	Unknown	no strings	50
009742cb	1765	Unknown	13 strings	51
01431180	1765	Unknown	no strings	56
01991270	1764	Unknown	no strings	29
0013cc10	1763	Unknown	no strings	44
003699a0	1763	Unknown	no strings	69
004afe20	1763	Unknown	no strings	41
01f558f0	1763	Unknown	no strings	32
000aa260	1762	Unknown	no strings	83
0074ddb0	1762	Unknown	no strings	57
00702500	1761	Unknown	no strings	55
0058a460	1760	MDCopyDataToController	1 strings	35
007fea30	1760	Unknown	no strings	53
00546290	1758	Unknown	no strings	47
00c03e40	1758	Unknown	no strings	69
017022b0	1758	Unknown	no strings	59
01a5ffc0	1758	Unknown	no strings	48
01a608f0	1758	Unknown	no strings	48
01e51a60	1757	Unknown	3 strings	51
01512be0	1756	Unknown	no strings	38
00b982e0	1755	Unknown	7 strings	42
00261550	1754	Unknown	no strings	53
009aa370	1754	Unknown	no strings	7
0194e320	1754	Unknown	no strings	59
019e4f60	1754	Unknown	no strings	44
01c6e850	1754	Unknown	no strings	44
018efa70	1753	Unknown	no strings	46
01c58e90	1753	Unknown	no strings	36
01f87f60	1753	Unknown	2 strings	50
003a88e0	1752	MDMetaWindowController	2 strings	42
012429b0	1752	Unknown	2 strings	42
014cfcc0	1752	Unknown	no strings	40
0162a210	1752	Unknown	no strings	6
01539b60	1751	Unknown	no strings	51
017dba20	1751	Unknown	1 strings	63
00995df6	1750	Unknown	no strings	7
009c5f38	1750	Unknown	no strings	7
00abac24	1750	Unknown	no strings	7
00abc51d	1750	Unknown	no strings	23
00fcdaa0	1749	Unknown	no strings	4
01ea5b80	1749	Unknown	no strings	56
002ce760	1748	Unknown	no strings	54
0140e8b0	1748	Unknown	1 strings	46
01a973c0	1748	Unknown	no strings	50
007be3a0	1746	GNSoundFileNFFReader	1 strings	30
00975f62	1745	Unknown	no strings	9
01c57f20	1744	Unknown	no strings	43
002da9e0	1743	Unknown	no strings	49
003b8010	1743	Unknown	no strings	48
0050aad0	1743	GNPropertyObserver	2 strings	33
011337c0	1743	GNUni	15 strings	56
01a96550	1743	Unknown	no strings	47
01e47f50	1743	Unknown	no strings	47
005dab40	1742	MUAraAudioSource	14 strings	43
008fb62c	1741	Unknown	18 strings	64
01408160	1741	Unknown	2 strings	50
01d16950	1741	Unknown	no strings	47
01f8e100	1741	GNActionGroup	2 strings	40
0059c6c0	1739	GNHeartbeatHandler	2 strings	29
0082db10	1738	MUElement	12 strings	39
01323a40	1738	Unknown	3 strings	41
00beae30	1737	Unknown	1 strings	50
00c939b0	1735	Unknown	no strings	83
013ea3f0	1735	Unknown	no strings	34
016175a0	1734	Unknown	no strings	21
00e17e60	1733	Unknown	5 strings	56
0044a930	1732	MDMetaWindowController	1 strings	59
00d6f570	1732	Unknown	no strings	52
002f4600	1731	Unknown	no strings	42
006eced0	1729	Unknown	no strings	57
00875ab0	1729	Unknown	no strings	75
01c17760	1729	Unknown	no strings	41
014b3460	1727	Unknown	no strings	32
01a30260	1727	Unknown	no strings	64
01a30e70	1727	Unknown	no strings	64
01da28b0	1727	GNData	4 strings	36
00e84290	1725	Unknown	no strings	5
00964fa1	1724	Unknown	no strings	1
014c4220	1724	Unknown	no strings	28
00c271c0	1723	Unknown	1 strings	51
00aac2f0	1721	Unknown	no strings	6
00b0d440	1721	GNMidiEventPacket	14 strings	41
01bf95e0	1720	QualityScoring	3 strings	43
00dd7810	1719	Unknown	1 strings	59
006c9280	1717	Unknown	no strings	48
01c0c140	1717	Unknown	no strings	43
00268ff0	1716	Unknown	no strings	51
00365870	1716	Unknown	11 strings	45
011a17a0	1715	GNFraction	14 strings	33
01ca97a0	1714	Unknown	no strings	51
019ba840	1713	Unknown	no strings	36
01d57010	1713	Unknown	no strings	43
003a5120	1712	MDToolbarTempoPluginCtrl	6 strings	26
00447590	1712	MDToolbarVolumeCtrl	6 strings	26
0029dcd0	1711	Unknown	no strings	71
00902ee2	1711	Unknown	no strings	5
01768510	1710	Unknown	1 strings	56
0045e210	1709	MDToolbarEditModeCtrl	6 strings	25
015c0b60	1709	Unknown	no strings	3
01504a70	1708	Unknown	no strings	50
016b08f0	1708	Unknown	6 strings	62
01b6dee0	1708	Unknown	no strings	56
01eb5290	1707	Unknown	2 strings	47
002457d0	1706	GNSoundFile	3 strings	43
009c95f6	1706	Unknown	4 strings	17
007fd7a0	1704	Unknown	no strings	14
00a684c8	1704	Unknown	17 strings	62
00e937d0	1703	Unknown	1 strings	58
00aa74cc	1701	Unknown	17 strings	62
00aad3b2	1701	Unknown	17 strings	62
01780950	1701	Unknown	no strings	43
01044510	1699	Unknown	11 strings	7
00aaeb0e	1698	Unknown	17 strings	62
01982510	1698	Unknown	no strings	59
01b59670	1697	MUColorCorrectionCtrl	6 strings	21
01bd3370	1697	MUSpectrumShaper	6 strings	21
002d22e0	1695	Unknown	no strings	48
006fb580	1694	Unknown	1 strings	56
00fcd1e0	1694	Unknown	no strings	1
01b06140	1691	Unknown	no strings	32
01c24960	1691	GNFilePath	1 strings	42
01d6b7d0	1691	Unknown	no strings	29
01e27b00	1691	Unknown	no strings	59
000bc580	1690	Unknown	no strings	44
01890a90	1690	Unknown	no strings	45
019c5150	1690	Unknown	no strings	36
01a0a1c0	1690	Unknown	no strings	44
004b2010	1689	MDEditorViewController	1 strings	48
0079e760	1689	MDEditorViewController	1 strings	48
00a63ef6	1689	Unknown	19 strings	3
00bc5580	1689	Unknown	no strings	55
00b182b0	1688	Unknown	no strings	46
010c73b0	1688	Unknown	10 strings	1
01257dd0	1688	Unknown	no strings	33
01e13700	1688	Unknown	no strings	39
00378020	1687	Unknown	no strings	60
00956db8	1687	Unknown	no strings	2
000111e0	1686	MUAraPlugInWrapper	1 strings	30
00afd060	1686	GNAudioSimpleFilter	1 strings	30
00b225a0	1686	Unknown	no strings	5
00ed726a	1686	Unknown	no strings	1
00ed859d	1686	Unknown	no strings	1
0197f820	1686	Unknown	no strings	48
00907a22	1685	Unknown	16 strings	61
00a9e95a	1683	Unknown	19 strings	3
01b11e50	1683	Unknown	no strings	50
0037cca0	1680	Unknown	no strings	43
003a7cf0	1680	MDMetaWindowController	1 strings	42
00838f20	1678	GNHeartbeatHandler	12 strings	33
008ea3ee	1677	Unknown	17 strings	62
008ec8be	1677	Unknown	17 strings	62
00a0146a	1675	Unknown	6 strings	40
01735d80	1675	Unknown	no strings	41
01950040	1674	Unknown	no strings	54
01c522e0	1674	Unknown	no strings	62
01a33850	1673	Unknown	no strings	48
00c6faf0	1671	Unknown	no strings	38
008eb9f8	1670	Unknown	no strings	5
0128f040	1669	Unknown	no strings	40
01b42750	1668	Unknown	no strings	50
015bb7e0	1667	Unknown	no strings	44
01947890	1667	Unknown	no strings	56
01701ac0	1666	Unknown	no strings	43
01767c10	1664	Unknown	no strings	53
01f872e0	1664	Unknown	no strings	55
00c29bd0	1663	Unknown	no strings	51
00cb1490	1663	Unknown	no strings	30
00da41a0	1663	Unknown	no strings	3
011c3290	1662	MUTempoDetectionRegion	1 strings	37
01aafac0	1662	GNList	2 strings	52
01e440a0	1661	Unknown	no strings	43
00619800	1660	Unknown	no strings	58
009ca060	1659	Unknown	7 strings	4
019ea7c0	1659	GNDictionary	1 strings	37
0123b3d0	1658	Unknown	no strings	40
01116000	1657	MUChordLabelingSystem	1 strings	34
01a1b340	1654	Unknown	no strings	42
01cf88b0	1654	Unknown	no strings	57
0000bce0	1653	GNPlugInWrapper	3 strings	30
017e7400	1653	Unknown	no strings	44
00065940	1652	GNUndoManager	1 strings	35
013e0cc0	1652	Unknown	no strings	44
002720c0	1651	GNUni	13 strings	34
00506830	1651	Unknown	no strings	43
007ebe20	1648	Unknown	no strings	33
00941e38	1648	Unknown	8 strings	59
00e86b50	1648	Unknown	no strings	43
013514e0	1647	Unknown	no strings	38
01b1d080	1647	Unknown	no strings	50
01d85bb0	1647	GNString	2 strings	39
00e21c70	1646	Unknown	1 strings	53
01946d20	1646	Unknown	no strings	52
01bd23c0	1645	Unknown	no strings	53
00d59fc0	1644	GNObject	2 strings	33
009451f8	1643	Unknown	7 strings	52
00d78060	1643	Unknown	no strings	59
00decda0	1643	Unknown	3 strings	34
008c76ac	1642	Unknown	no strings	7
01b058e0	1642	Unknown	no strings	31
005e92e0	1641	MDTrackInsp	2 strings	43
00b461a0	1641	Unknown	no strings	49
00cadab0	1641	Unknown	no strings	56
017c4570	1641	Unknown	no strings	52
01902aa0	1639	Unknown	no strings	39
00340ca0	1638	MDEditorViewController	2 strings	45
00531830	1638	Unknown	no strings	54
010f06d0	1637	MUAudioSourceDescription	11 strings	41
00479050	1636	Unknown	no strings	27
01694ec0	1636	Unknown	no strings	54
001d9b50	1635	GNMenuItem	2 strings	36
00cb8850	1634	Unknown	1 strings	39
00f45540	1634	Unknown	no strings	9
009d561e	1633	Unknown	1 strings	19
01ed0280	1632	Unknown	no strings	53
0054ffb0	1631	Unknown	no strings	24
010f86d0	1631	MUAudioRecorder	1 strings	33
00c084a0	1630	Unknown	no strings	64
016d8ab0	1630	Unknown	no strings	54
01d1bd10	1630	Unknown	no strings	54
006cb600	1629	GNString	2 strings	49
00aa63f8	1628	Unknown	no strings	5
00be0680	1628	Unknown	no strings	48
0002f700	1627	GNClassDescription	1 strings	43
0010f8e0	1627	Unknown	no strings	57
002d8a30	1627	Unknown	no strings	51
00c0b2a0	1627	Unknown	no strings	64
014cdc80	1626	Unknown	no strings	23
019c5bf0	1625	Unknown	no strings	44
00d25fa0	1624	Unknown	1 strings	48
00d26d10	1624	Unknown	no strings	54
0135c990	1623	Unknown	no strings	42
01db5b00	1623	GNDictionary	1 strings	36
00de6450	1622	Unknown	no strings	42
01b7b420	1622	Unknown	no strings	44
00c979f0	1621	Unknown	no strings	60
00c985c0	1621	Unknown	no strings	60
00ed6c15	1621	Unknown	no strings	1
00ed7f48	1621	Unknown	no strings	1
01a8c340	1621	Unknown	no strings	45
0135e940	1620	Unknown	no strings	40
01d1ae90	1619	GNPopUpButton	2 strings	39
0033f2d0	1618	Unknown	no strings	54
00c12480	1618	Unknown	no strings	59
01b1dbf0	1618	Unknown	1 strings	41
0091713e	1616	Unknown	no strings	4
00177f10	1614	Unknown	no strings	52
00843ae0	1614	MUScaleCreationData	1 strings	31
0193c7d0	1612	Unknown	no strings	52
019ef560	1612	Unknown	no strings	32
0017a670	1611	Unknown	no strings	52
00a15638	1611	Unknown	no strings	10
016557b0	1611	Unknown	no strings	41
013f3ad0	1610	Unknown	no strings	45
0172f600	1609	Unknown	1 strings	47
01a6e960	1609	GNValue	1 strings	50
0018cef0	1608	GNHeartbeatHandler	2 strings	30
00871b80	1608	MUNoiseRange	1 strings	30
00ed65cd	1608	Unknown	no strings	1
00ed7900	1608	Unknown	no strings	1
019973f0	1608	MUScalePitchSystem	1 strings	42
01c6a410	1608	Unknown	no strings	55
01c82350	1607	Unknown	no strings	1
01240d70	1606	Unknown	no strings	58
015c1c40	1605	Unknown	no strings	8
018326c0	1605	Unknown	no strings	30
01a24830	1605	Unknown	no strings	43
007e0970	1604	Unknown	no strings	54
0090368c	1604	Unknown	18 strings	3
017098a0	1604	Unknown	no strings	41
017726c0	1604	Unknown	no strings	48
00530de0	1603	Unknown	no strings	60
00533050	1603	Unknown	no strings	57
01e7a8e0	1602	GNBackgroundView	1 strings	34
00bb72e0	1601	GNSoundFileChunk	1 strings	47
00c2f0a0	1601	GNOverloudTapedesk	1 strings	41
011e34c0	1601	Unknown	1 strings	32
01d03810	1601	Unknown	no strings	39
00be82e0	1600	GNSimpleXMLStream	1 strings	32
01ac67c0	1600	Unknown	no strings	30
0070e870	1599	Unknown	no strings	50
00a9639e	1599	Unknown	no strings	4
00d8f4b0	1599	Unknown	no strings	69
0147e810	1599	Unknown	no strings	22
019ceb00	1599	Unknown	no strings	50
005457b0	1596	Unknown	1 strings	45
011b4c00	1595	GNUni	14 strings	34
01252f30	1595	Unknown	no strings	28
019eafe0	1595	Unknown	no strings	41
01bbad10	1595	Unknown	no strings	43
01d10400	1595	GNValue	3 strings	35
019be690	1594	Unknown	no strings	41
005ba8e0	1592	MDEditorScrollView	3 strings	31
00954838	1592	Unknown	no strings	5
00bb6a00	1592	Unknown	1 strings	47
01a95160	1591	GNString	1 strings	49
01c77ec0	1591	Unknown	no strings	41
01519670	1590	Unknown	no strings	41
0011e190	1589	GNStringTable	2 strings	42
01b247c0	1589	Unknown	no strings	47
004f0450	1588	MUAudioFileSource	1 strings	33
0053c980	1588	MDPluginDocument	1 strings	30
00c47240	1588	GNOverloudTapedesk	1 strings	30
00f30260	1588	Unknown	no strings	15
01e67920	1588	Unknown	1 strings	47
003abec0	1587	Unknown	no strings	45
01b02c30	1587	Unknown	no strings	45
0002a9b0	1586	GNObject	11 strings	62
006f3350	1586	Unknown	no strings	57
00cf6010	1586	GNFetchSpecification	1 strings	30
01290750	1585	Unknown	no strings	37
012dea70	1585	Unknown	no strings	8
0031a860	1584	Unknown	no strings	33
007f3f10	1584	GNData	1 strings	55
0008dd70	1583	Unknown	no strings	52
008eec0a	1583	Unknown	19 strings	2
00d8a4a0	1583	Unknown	no strings	57
01c4f640	1582	Unknown	no strings	61
009f2328	1581	Unknown	no strings	6
01858fc0	1581	Unknown	no strings	37
01cdf840	1581	Unknown	no strings	34
00b244d0	1580	Unknown	1 strings	31
00c0a680	1580	Unknown	no strings	59
01e8eb00	1580	Unknown	4 strings	51
00932178	1579	Unknown	6 strings	32
01394e80	1579	Unknown	no strings	41
01bfb000	1579	Unknown	no strings	49
019fb4c0	1578	Unknown	no strings	38
001ee6b0	1577	GNSplitViewItem	1 strings	31
007ee1b0	1577	MUAudioSourceAttackItem	1 strings	41
00bc0020	1575	Unknown	no strings	4
01707c30	1575	GNFraction	12 strings	40
019e90e0	1575	Unknown	no strings	48
002c48f0	1574	Unknown	no strings	58
016baff0	1573	Unknown	4 strings	44
0078bc40	1572	Unknown	no strings	37
0084d700	1572	MUElement	12 strings	43
00de2c40	1572	Unknown	no strings	34
01a161a0	1572	Unknown	no strings	38
01ec0ac0	1570	GNMultipleValue	1 strings	39
002257b0	1569	Unknown	no strings	23
01241610	1569	Unknown	no strings	58
00875310	1568	Unknown	no strings	53
00fd5110	1567	Unknown	no strings	1
01e15090	1567	Unknown	no strings	43
011c0dc0	1566	MUTempoPeriod	1 strings	31
017ff040	1565	Unknown	no strings	27
01ad8590	1565	Unknown	no strings	47
00cb7da0	1564	Unknown	1 strings	36
01bfd040	1564	Unknown	no strings	52
01dde120	1564	Unknown	no strings	45
013ec060	1563	Unknown	no strings	1
014178f0	1563	Unknown	no strings	44
01c77060	1563	Unknown	no strings	49
01da8a40	1563	Unknown	no strings	47
004ff560	1562	MDHorizontalRulerSelectorView	1 strings	49
0091785e	1561	Unknown	19 strings	2
00b0f730	1561	GNMidiValue	12 strings	31
013c7f70	1561	Unknown	no strings	31
007c3e50	1560	GNSoundFileWAVEWriter	1 strings	29
013f6a80	1560	Unknown	no strings	16
0027bbe0	1559	Unknown	no strings	50
00ac5160	1558	Unknown	1 strings	6
017658e0	1558	Unknown	no strings	43
01d8b780	1557	Unknown	3 strings	29
00173cd0	1556	Unknown	no strings	45
00d56410	1556	GNList	2 strings	25
0009e200	1555	Unknown	no strings	36
01dcb680	1555	Unknown	no strings	45
0107b9c0	1554	Unknown	no strings	1
01d43f00	1554	Unknown	1 strings	37
01d7a120	1554	Unknown	no strings	55
006d8580	1553	Unknown	no strings	42
011e2410	1553	Unknown	1 strings	30
00d56b80	1552	GNList	2 strings	25
010fd360	1552	MUAudioRingBuffer	1 strings	30
002a8ee0	1551	MDMetaWindowController	1 strings	30
00ed5fbe	1551	Unknown	no strings	1
0125dfc0	1551	Unknown	no strings	36
011d3330	1550	MUTranspositionMapper	1 strings	30
00a9a876	1547	Unknown	18 strings	3
018165c0	1547	Unknown	no strings	43
01e064a0	1547	GNMultipleValue	2 strings	36
002773c0	1546	Unknown	no strings	30
0134fa60	1546	Unknown	no strings	45
018048e0	1546	Unknown	no strings	10
01b20d80	1546	Unknown	no strings	42
00d0a120	1545	Unknown	no strings	38
015aad80	1545	GNFilePath	1 strings	35
01669ad0	1544	Unknown	no strings	50
00523d70	1543	Unknown	no strings	5
00b99150	1543	Unknown	1 strings	45
011f3320	1543	MUPulseAssignmentTarget	1 strings	30
00d9bcd0	1542	Unknown	no strings	9
01254260	1542	Unknown	no strings	31
017939b0	1542	Unknown	no strings	22
01a6c2e0	1541	Unknown	no strings	50
01ed3c60	1541	Unknown	no strings	28
002b7ee0	1540	MUTempoEditorView	1 strings	36
00b2a160	1540	Unknown	no strings	1
01b8b2b0	1540	Unknown	no strings	44
006306b0	1539	Unknown	no strings	67
00f567c0	1539	Unknown	no strings	1
013f4fc0	1539	Unknown	no strings	36
016cc730	1539	Unknown	no strings	42
00c76230	1538	GNAttributeType	9 strings	31
01b195d0	1538	Unknown	no strings	48
01a36f10	1537	Unknown	no strings	46
00e552a0	1536	Unknown	no strings	47
00a65482	1535	Unknown	no strings	6
011f03e0	1534	GNAudioProcessor	9 strings	31
01f8be80	1534	GNActionRegistration	1 strings	45
00a96a72	1532	Unknown	18 strings	3
015c15e0	1531	Unknown	no strings	10
0076e660	1530	MUAudioFileSource	1 strings	40
01cea620	1530	Unknown	no strings	39
009f5145	1528	Unknown	no strings	19
00f9ef40	1528	Unknown	no strings	1
01517980	1528	Unknown	no strings	35
01c90380	1528	Unknown	no strings	51
002ea230	1527	MDAudioTrackItem	1 strings	41
01335ab0	1527	Unknown	no strings	37
017fe760	1527	Unknown	no strings	20
018f8b40	1527	Unknown	5 strings	39
01f13700	1527	Unknown	2 strings	26
007ed8f0	1526	Unknown	no strings	48
00f2191b	1526	Unknown	no strings	1
0173a7a0	1526	Unknown	no strings	42
00e5e410	1525	Unknown	1 strings	48
0190f4e0	1524	Unknown	no strings	26
003194a0	1523	Unknown	no strings	51
00defbe0	1523	Unknown	no strings	44
01f2bbf0	1523	GNString	1 strings	47
01eb34e0	1522	GNData	2 strings	32
00e0bbc0	1520	Unknown	no strings	62
0126bf30	1520	Unknown	no strings	39
014faac0	1520	Unknown	no strings	53
014fb5c0	1520	Unknown	no strings	53
01d78c50	1520	Unknown	no strings	55
007b5c70	1519	GNSoundFileAIFFReader	1 strings	26
00ed59cf	1519	Unknown	no strings	1
012d4010	1519	Unknown	no strings	47
01528a90	1519	Unknown	no strings	35
00791550	1518	MUElementAnalyzer	1 strings	46
00b63820	1518	Unknown	no strings	41
015016a0	1518	GNString	2 strings	41
01a3d730	1518	Unknown	no strings	51
0137b4c0	1517	Unknown	no strings	2
01ec81d0	1517	Unknown	no strings	36
01ede930	1516	Unknown	no strings	40
00368ec0	1514	Unknown	no strings	32
012b6860	1514	MULSSComponentRenderer	3 strings	17
01731410	1514	Unknown	no strings	38
01eb0440	1514	Unknown	no strings	32
001e9800	1513	GNScrollView	1 strings	37
01df63b0	1513	GNColor	3 strings	28
01df6bd0	1513	GNColor	3 strings	28
00e21390	1512	Unknown	2 strings	33
01abec70	1512	Unknown	1 strings	32
01b989f0	1512	GNValue	1 strings	47
00b4edb0	1511	GNPlugInWrapperDelegate	1 strings	44
00ddef40	1511	Unknown	no strings	48
014f0020	1511	Unknown	no strings	26
009940ec	1510	Unknown	7 strings	38
00c3a570	1510	Unknown	no strings	48
01ad5a70	1510	Unknown	no strings	13
00110e00	1509	GNList	4 strings	34
017011a0	1509	Unknown	4 strings	46
01903160	1508	Unknown	no strings	35
019939d0	1508	Unknown	no strings	30
0046ba30	1507	MDToolbarTempoPluginCtrl	1 strings	36
008ee584	1507	Unknown	no strings	2
00d24b60	1507	Unknown	no strings	19
003a6980	1506	Unknown	no strings	49
01d1a180	1506	Unknown	no strings	38
007bfbe0	1504	GNSoundFileSNDReader	1 strings	26
00ed53ef	1504	Unknown	no strings	1
01022ab0	1503	Unknown	no strings	1
01e4d640	1503	Unknown	no strings	37
00874960	1502	Unknown	no strings	44
00d981d0	1502	Unknown	no strings	19
01d24ff0	1502	Unknown	no strings	55
01d9dd30	1502	Unknown	no strings	29
0013a110	1501	Unknown	1 strings	51
002ef240	1501	MDWorkspaceView	1 strings	37
004ac670	1501	Unknown	no strings	53
00a1412a	1501	Unknown	12 strings	14
008f2b3c	1500	Unknown	no strings	3
011ebe10	1500	Unknown	no strings	31
017ffb20	1500	Unknown	no strings	75
01d61e70	1500	GNMenu	1 strings	31
01f6ca30	1500	GNAlertPanel	1 strings	31
00b88680	1499	Unknown	no strings	53
010bc460	1499	Unknown	1 strings	3
0149e4a0	1499	Unknown	no strings	24
0152fdb0	1499	Unknown	no strings	45
01682020	1499	Unknown	no strings	47
00900250	1498	Unknown	no strings	3
0092b5a0	1498	Unknown	6 strings	30
00b6aaf0	1498	Unknown	no strings	26
00e2ac70	1498	Unknown	no strings	41
01a55ef0	1497	Unknown	no strings	55
01a568a0	1497	Unknown	no strings	55
01d1eef0	1496	GNString	3 strings	41
0192b000	1495	Unknown	no strings	35
01bc8500	1494	Unknown	no strings	40
01c66870	1494	Unknown	no strings	50
00dbe290	1493	Unknown	1 strings	43
01720550	1493	Unknown	2 strings	35
01883ac0	1493	GNList	1 strings	40
0095517c	1492	Unknown	5 strings	46
0138ca60	1492	Unknown	no strings	26
00df3b00	1491	Unknown	1 strings	48
014f60f0	1491	Unknown	no strings	41
01f08cf0	1491	Unknown	no strings	29
00a81384	1490	Unknown	1 strings	70
00b7f850	1490	Unknown	no strings	42
01061d10	1490	Unknown	no strings	3
00328b10	1489	Unknown	no strings	28
01e207b0	1488	Unknown	no strings	38
00177220	1487	Unknown	no strings	33
01a94560	1487	Unknown	no strings	51
01b91920	1487	Unknown	no strings	43
010c0860	1486	Unknown	no strings	7
00f4d250	1485	Unknown	no strings	1
00f375b0	1484	Unknown	no strings	1
01670220	1484	Unknown	no strings	26
0174d370	1484	Unknown	no strings	43
015235b0	1483	Unknown	no strings	16
01b4b900	1482	Unknown	no strings	49
008e907e	1481	Unknown	15 strings	54
00da99a0	1481	Unknown	no strings	56
01d1e4d0	1481	Unknown	no strings	49
00e5a7d0	1480	Unknown	1 strings	44
01253c10	1480	Unknown	no strings	19
0015f220	1479	MDAudioSourceInsp	5 strings	21
00544340	1479	MDPluginTransferTempoDialog	5 strings	21
005548c0	1479	MDTimeGridController	5 strings	21
008f0b52	1479	Unknown	15 strings	54
0192cfb0	1479	Unknown	no strings	54
006d8d80	1478	Unknown	no strings	44
00c68d60	1478	Unknown	1 strings	40
0023f980	1477	Unknown	no strings	47
016fafa0	1477	Unknown	no strings	40
01274c40	1476	Unknown	no strings	30
01de5c80	1476	Unknown	no strings	26
00475480	1475	MDToolbarScaleModeCtrl	1 strings	35
004fa380	1475	Unknown	no strings	41
012ce720	1475	Unknown	no strings	40
01d924f0	1475	Unknown	no strings	46
00639aa0	1473	MDURLOpenedController	1 strings	55
00baeb90	1473	Unknown	no strings	1
00388260	1472	GNFilePath	2 strings	39
0060c0d0	1471	Unknown	no strings	36
017e6420	1471	Unknown	no strings	37
01ad3e60	1471	MUScaleRulerView	1 strings	47
01c3bc90	1471	Unknown	no strings	41
016ab420	1470	Unknown	no strings	49
001f42d0	1469	GNTabView	1 strings	30
00257fd0	1469	Unknown	no strings	45
01353f80	1469	Unknown	no strings	38
016d1840	1469	Unknown	no strings	34
002b9220	1467	MDScaleEditorSelectorView	5 strings	17
0071b4f0	1467	MDWelcomePanelController	5 strings	17
0078c610	1467	Unknown	no strings	33
00a675c4	1467	Unknown	no strings	4
0192fde0	1467	MUDetectionEditorView	5 strings	17
01b80000	1467	Unknown	no strings	32
0062b480	1466	MDPluginMenuViewController	1 strings	37
01b468c0	1465	Unknown	no strings	34
01d73760	1464	Unknown	2 strings	45
01d99230	1464	GNMultiRulerView	1 strings	34
01f6d220	1464	Unknown	no strings	34
00c76c80	1463	GNString	2 strings	37
017588a0	1463	Unknown	no strings	44
019fc330	1463	Unknown	no strings	40
011a2660	1462	MUSamplerComponentRenderer	1 strings	29
0030cb40	1461	GNHeartbeatHandler	3 strings	25
00aadbbe	1461	Unknown	no strings	4
00c319e0	1459	Unknown	no strings	53
00de06d0	1459	GNList	2 strings	47
01690c50	1459	Unknown	8 strings	44
0018ed50	1458	GNMenuView	1 strings	29
0098a6e8	1458	Unknown	5 strings	18
015b73b0	1458	Unknown	no strings	37
01c21b20	1458	Unknown	no strings	35
01940080	1457	Unknown	no strings	38
01536c30	1456	Unknown	no strings	38
00aaca42	1455	Unknown	16 strings	3
013e5700	1455	Unknown	no strings	43
002d1180	1454	Unknown	no strings	41
01656bf0	1454	Unknown	no strings	45
018ba360	1454	Unknown	2 strings	35
019303c0	1453	Unknown	no strings	51
01d83f70	1453	GNValue	1 strings	33
0096a6b8	1452	Unknown	no strings	53
0134b5a0	1452	Unknown	no strings	39
01977a00	1452	Unknown	no strings	1
0013b330	1451	Unknown	no strings	47
012fb890	1451	Unknown	no strings	49
018bd190	1451	GNList	7 strings	28
006da4e0	1450	MULSSGenerator	1 strings	41
0096acb3	1450	Unknown	no strings	55
0177a5f0	1450	Unknown	no strings	45
01901690	1450	Unknown	no strings	34
01a648b0	1450	Unknown	no strings	40
01d96f70	1450	Unknown	no strings	27
01e59920	1450	GNString	9 strings	35
008ca2c6	1448	Unknown	no strings	5
012535e0	1448	Unknown	no strings	19
01bbc610	1448	Unknown	no strings	35
0092c48c	1447	Unknown	3 strings	17
00f7ab20	1447	Unknown	1 strings	2
00e07210	1446	Unknown	1 strings	13
01512000	1446	Unknown	no strings	38
00497610	1445	GNString	1 strings	47
00119af0	1444	Unknown	1 strings	39
00ac59d0	1444	Unknown	no strings	9
01a37880	1443	Unknown	no strings	21
01d59670	1443	GNMultipleValue	2 strings	33
009dd3a8	1442	Unknown	8 strings	24
00dbff30	1442	Unknown	no strings	41
0064d3d0	1440	MDEditorViewController	2 strings	30
00c16780	1440	GNOverloudCompressor	1 strings	36
01ad2000	1440	Unknown	no strings	55
01eb4440	1440	Unknown	no strings	39
014bfad0	1439	Unknown	no strings	21
0060faa0	1438	GNFilePath	2 strings	33
01367c80	1438	Unknown	no strings	38
01984820	1438	Unknown	no strings	3
00449fa0	1437	Unknown	no strings	48
01275b30	1437	Unknown	no strings	42
01671370	1437	MUAraAudioSource	3 strings	31
01975d60	1437	Unknown	no strings	41
002eb960	1436	Unknown	no strings	42
008ec142	1436	Unknown	16 strings	2
01cfe8d0	1433	Unknown	no strings	49
009b2a98	1432	Unknown	no strings	1
0117af60	1432	GNUni	16 strings	48
018fcb10	1432	Unknown	no strings	34
01b0e720	1432	Unknown	no strings	51
01054680	1431	Unknown	16 strings	1
012b9d70	1431	Unknown	no strings	2
01327e70	1431	MUAudioSourceSibilantItem	1 strings	30
01713d00	1431	Unknown	no strings	41
004a5d20	1430	Unknown	no strings	32
01267400	1430	Unknown	no strings	40
01c0b840	1428	Unknown	no strings	37
01c18c70	1428	MUBrowserItem	5 strings	18
002e7520	1427	Unknown	no strings	51
00b81b20	1427	Unknown	no strings	38
00f45bb0	1427	Unknown	no strings	9
01a75080	1427	Unknown	no strings	35
004feb00	1426	Unknown	no strings	43
01858310	1426	Unknown	no strings	33
01395870	1424	MUAudioFileSource	1 strings	48
013965b0	1424	GNDate	2 strings	35
0170adb0	1424	Unknown	no strings	35
0194d580	1423	Unknown	no strings	40
019c0170	1423	Unknown	no strings	40
0097c968	1422	Unknown	no strings	26
01d68660	1421	Unknown	no strings	29
0092bea0	1420	Unknown	3 strings	17
00aec770	1420	GNString	2 strings	42
00d14ff0	1420	Unknown	no strings	23
01c163e0	1420	Unknown	no strings	45
01f64ef0	1420	GNString	1 strings	46
01891b80	1419	GNString	5 strings	25
00537dc0	1418	Unknown	no strings	40
01750eb0	1418	Unknown	no strings	25
0054f740	1417	Unknown	no strings	37
00d8b9c0	1417	GNString	1 strings	31
003904a0	1415	MDAsyncDocumentAdder	1 strings	26
010cdb40	1415	Unknown	no strings	283
017548e0	1415	Unknown	no strings	53
00aa6ae6	1414	Unknown	16 strings	3
01b71450	1414	Unknown	no strings	30
0172fd50	1413	Unknown	no strings	43
01965aa0	1413	Unknown	no strings	22
019d9ab0	1413	Unknown	no strings	24
01b06d40	1412	Unknown	no strings	32
0082a6d0	1411	MUDisplayPerformanceTimeMapper	1 strings	29
009cffa0	1411	Unknown	no strings	7
009fd510	1411	Unknown	no strings	7
012d3130	1409	Unknown	no strings	42
00964a21	1408	Unknown	no strings	1
0190c5e0	1408	Unknown	1 strings	6
010b5b90	1407	Unknown	no strings	1
01a72180	1406	Unknown	no strings	31
00c13890	1405	Unknown	no strings	52
014a5580	1405	Unknown	no strings	11
01874d20	1405	Unknown	no strings	23
019c29e0	1405	Unknown	no strings	40
01dcd6e0	1404	Unknown	no strings	33
01ec9e00	1403	GNMultipleValue	1 strings	46
01f514b0	1403	Unknown	no strings	24
008f31ea	1402	Unknown	17 strings	2
002f2270	1400	MDDocumentViewController	1 strings	36
01a7b3d0	1400	Unknown	no strings	32
0124cb30	1399	Unknown	no strings	25
018fde50	1399	Unknown	no strings	26
01dbc160	1399	GNValue	2 strings	32
01f493b0	1399	Unknown	no strings	44
0033b9c0	1398	GNString	1 strings	42
01f7ffc0	1398	Unknown	no strings	41
00447fc0	1397	MUFader	1 strings	37
005565f0	1397	Unknown	no strings	43
006daca0	1397	MULSSGenerator	1 strings	41
0111da60	1397	MUClickRenderer	1 strings	27
008cad5c	1396	Unknown	14 strings	51
00e4ad10	1396	Unknown	no strings	37
01ee4a10	1396	GNData	2 strings	35
00f6fde0	1395	Unknown	1 strings	3
015cc880	1395	Unknown	no strings	41
01c6cca0	1395	Unknown	no strings	56
01902110	1394	Unknown	no strings	27
0199e390	1394	Unknown	no strings	27
01b83fb0	1394	Unknown	no strings	43
00e08490	1393	Unknown	3 strings	50
00e08fe0	1393	Unknown	3 strings	50
0006f9e0	1392	Unknown	no strings	55
005f6c40	1392	MDWorkspaceModuleViewController	3 strings	24
00efeeb5	1392	Unknown	no strings	2
0037fc40	1391	Unknown	1 strings	42
009a3b9c	1391	Unknown	10 strings	56
018da8c0	1390	Unknown	no strings	24
00161780	1389	MDEditorViewController	1 strings	38
00331550	1389	GNModuleView	1 strings	38
008e9700	1389	Unknown	no strings	3
00e3ba00	1389	Unknown	no strings	1
01252960	1389	Unknown	no strings	20
010715b0	1388	Unknown	1 strings	1
0129aeb0	1388	Unknown	no strings	31
00d045f0	1387	Unknown	no strings	48
00bbd480	1386	Unknown	no strings	3
01349bf0	1386	Unknown	no strings	32
0152f790	1386	Unknown	no strings	41
018fd0c0	1386	Unknown	no strings	31
00558550	1385	Unknown	no strings	14
01c7c5c0	1385	MUTempoEditorRulerView	1 strings	25
0012d030	1384	MDExportControllerFormat	1 strings	28
005495c0	1384	Unknown	no strings	43
0199ab50	1384	Unknown	no strings	37
00bf9b40	1383	Unknown	no strings	54
00c00640	1383	Unknown	no strings	54
00c00f60	1383	Unknown	no strings	54
00108380	1382	Unknown	no strings	59
0045f630	1381	Unknown	no strings	44
01cf7d30	1380	Unknown	no strings	20
019e2fd0	1379	Unknown	no strings	22
00993200	1378	Unknown	no strings	11
00b11950	1378	GNUni	12 strings	27
01602890	1378	Unknown	no strings	8
00b76090	1377	Unknown	no strings	4
00bd7c10	1377	Unknown	no strings	44
00e3af20	1377	Unknown	no strings	1
00e3b490	1377	Unknown	no strings	1
012380b0	1377	Unknown	no strings	42
009da2a6	1376	Unknown	no strings	25
00a67c0a	1376	Unknown	16 strings	3
00fcee70	1376	Unknown	no strings	2
01045380	1376	Unknown	no strings	1
016fdd30	1376	Unknown	no strings	50
01bb9750	1376	Unknown	2 strings	45
0099affa	1374	Unknown	8 strings	45
00aa0326	1374	Unknown	17 strings	3
00d51ef0	1374	Unknown	no strings	32
010cce30	1374	Unknown	1 strings	1
014a02f0	1374	Unknown	no strings	8
0172d300	1374	Unknown	no strings	36
001bcb00	1373	GNPropertyObserver	3 strings	24
00332c60	1373	MDEditorViewController	1 strings	38
0092d730	1373	Unknown	3 strings	16
00bf0020	1373	Unknown	no strings	48
01d614c0	1373	Unknown	no strings	50
00b45910	1372	Unknown	no strings	49
012cb710	1372	MUAudioFileSource	1 strings	35
00a66338	1371	Unknown	14 strings	50
00a71436	1371	Unknown	14 strings	50
00acace0	1371	Unknown	no strings	11
00aae1fe	1370	Unknown	16 strings	3
01688cf0	1370	Unknown	3 strings	32
01703b00	1370	Unknown	no strings	36
01787e50	1370	Unknown	6 strings	30
00b3d310	1369	Unknown	1 strings	32
016b2af0	1369	Unknown	9 strings	26
00544e30	1368	Unknown	no strings	37
0006ec00	1367	MDToolbarGridCtrl	5 strings	21
0025de70	1367	Unknown	no strings	32
002d84b0	1367	MDToolbarPluginTransferCtrl	5 strings	21
006ebcb0	1367	MDToolbarPreListeningCtrl	5 strings	21
00b20410	1367	Unknown	no strings	38
00d8c0b0	1367	Unknown	no strings	30
01cc6f40	1367	GNAssociationBinding	5 strings	21
01f2eb50	1367	Unknown	1 strings	54
0100ed60	1366	Unknown	no strings	18
01caa660	1366	Unknown	no strings	33
00a6bd46	1365	Unknown	14 strings	50
01198120	1365	MUPitchMatrixPeak	1 strings	28
0173e520	1365	Unknown	no strings	35
00517510	1364	Unknown	no strings	43
00e6cbd0	1364	GNString	1 strings	38
018ffe60	1364	Unknown	no strings	32
01c89130	1364	Unknown	no strings	32
00753e50	1363	Unknown	no strings	42
009074a2	1363	Unknown	14 strings	4
0025b950	1362	Unknown	no strings	44
00b6e810	1362	Unknown	1 strings	34
00969644	1361	Unknown	no strings	3
01d1f850	1361	GNString	3 strings	36
009876e2	1360	Unknown	10 strings	42
00c12f90	1359	Unknown	no strings	54
00caf340	1359	Unknown	no strings	49
0196b9b0	1359	Unknown	no strings	30
016ec420	1358	Unknown	no strings	39
01e2fa60	1358	Unknown	no strings	36
00981dd8	1357	Unknown	4 strings	19
00baf8f0	1357	Unknown	4 strings	39
01890220	1357	GNString	6 strings	25
0172c390	1356	Unknown	no strings	35
0025cf90	1355	Unknown	no strings	36
01e0e6f0	1355	Unknown	no strings	28
00707250	1354	Unknown	no strings	50
00b49e50	1354	Unknown	no strings	49
018721a0	1354	Unknown	no strings	36
0090dcf0	1353	Unknown	no strings	1
00ae2ab5	1353	Unknown	no strings	12
00f9d9a0	1353	Unknown	no strings	1
001b8c80	1352	GNColor	1 strings	27
00756200	1352	Unknown	no strings	44
0135abc0	1352	Unknown	no strings	37
011f64f0	1351	Unknown	no strings	30
00498300	1350	Unknown	1 strings	42
00d6caf0	1350	Unknown	no strings	38
019037a0	1350	Unknown	no strings	34
0054ee90	1349	Unknown	no strings	33
01eaacc0	1349	Unknown	no strings	25
00ee10da	1348	Unknown	no strings	1
00dc25a0	1347	Unknown	no strings	40
00989c0e	1346	Unknown	4 strings	15
00a9fd60	1346	Unknown	no strings	3
01f8d910	1346	GNActionGroup	1 strings	29
001d7ee0	1345	GNMenu	2 strings	28
01af6ab0	1345	Unknown	no strings	28
01d33980	1345	Unknown	no strings	33
01a639d0	1344	Unknown	no strings	31
0009a390	1343	Unknown	no strings	53
00518030	1343	Unknown	no strings	57
00aeabf0	1342	Unknown	no strings	33
00e81ad0	1342	Unknown	no strings	35
016cbc90	1342	Unknown	no strings	47
002cae80	1341	Unknown	2 strings	45
00d12ed0	1341	Unknown	2 strings	45
01906d80	1341	Unknown	no strings	43
01335090	1340	Unknown	no strings	38
016adf20	1340	MUAraDocumentController	10 strings	30
01705e00	1340	Unknown	no strings	34
01b2e160	1340	Unknown	no strings	30
00262e30	1339	MDEditorViewController	1 strings	40
002639e0	1339	MDEditorViewController	1 strings	40
017033e0	1338	Unknown	no strings	38
00ee161e	1337	Unknown	no strings	1
00ee1b57	1337	Unknown	no strings	1
00f9bc20	1337	Unknown	no strings	1
01780290	1337	Unknown	1 strings	27
001a9c00	1336	GNAffineTransform	1 strings	26
01b8fc70	1336	MUScaleModeSequence	1 strings	39
00d15850	1335	GNList	3 strings	27
0037b970	1334	GNList	2 strings	31
0096bcf7	1334	Unknown	no strings	31
00db9d10	1334	GNURL	1 strings	50
00ef667c	1333	Unknown	no strings	7
016fd730	1333	Unknown	no strings	42
0188aa70	1333	MUAlignmentAnchorOffset	1 strings	26
0102ade0	1332	Unknown	1 strings	1
013ef520	1332	Unknown	no strings	40
018852b0	1332	GNList	1 strings	35
01f71650	1332	Unknown	no strings	44
01430250	1331	MUSpectrumShaper	1 strings	25
01e44d40	1330	Unknown	no strings	37
01aeb7b0	1329	Unknown	1 strings	41
0061a380	1327	Unknown	no strings	54
018e4230	1327	Unknown	no strings	29
019b7240	1327	Unknown	no strings	31
000ac6d0	1326	Unknown	no strings	38
01bef350	1326	Unknown	no strings	36
01df27e0	1326	GNList	1 strings	36
005e3630	1325	MDNotificationObserver	11 strings	48
006d9da0	1325	Unknown	no strings	42
01ba8330	1324	Unknown	no strings	54
00e6a750	1323	Unknown	1 strings	51
012a6340	1322	Unknown	no strings	48
0094252c	1321	Unknown	19 strings	58
00d227f0	1321	Unknown	no strings	28
01b65960	1321	GNList	1 strings	38
0094d540	1320	Unknown	1 strings	17
0166b030	1320	Unknown	no strings	45
0063f660	1319	Unknown	no strings	42
0101d200	1319	Unknown	1 strings	1
008e9d1a	1318	Unknown	16 strings	2
0164f500	1318	Unknown	no strings	43
019f1280	1318	Unknown	no strings	29
01d6ef90	1318	Unknown	no strings	39
012a4a40	1317	MUPulseAssignmentTarget	1 strings	29
006d0340	1316	Unknown	no strings	29
006e7e30	1316	Unknown	no strings	43
00ed912d	1316	Unknown	no strings	1
00ed9651	1316	Unknown	no strings	1
015f66f0	1316	MUAudioFileSource	1 strings	38
0167ab90	1316	Unknown	no strings	27
0196da90	1316	MUSampledFunction	1 strings	18
01c80080	1316	MUTempoEditorDrawHelper	1 strings	24
008f0022	1315	Unknown	no strings	3
00ae9b20	1315	Unknown	no strings	6
0126b620	1315	Unknown	no strings	35
0158b470	1315	Unknown	1 strings	36
01d98360	1315	GNMultiRulerView	1 strings	29
009d2d7c	1314	Unknown	no strings	17
00e05070	1314	Unknown	no strings	1
0015a600	1313	Unknown	no strings	41
0086e480	1313	GNMidiKeyboardView	1 strings	28
00b5c850	1313	GNMidiFileTrack	10 strings	46
00d05f30	1313	GNInt	10 strings	26
00e72b90	1313	GNLicenseResult	1 strings	25
016af970	1313	Unknown	5 strings	36
01d29010	1313	Unknown	no strings	39
01dc6120	1313	Unknown	no strings	47
01eb0e90	1313	Unknown	no strings	19
017d66e0	1312	GNUni	12 strings	34
01f57b80	1312	Unknown	1 strings	19
007f1730	1311	Unknown	no strings	42
0168a170	1311	Unknown	no strings	35
01c87c50	1311	Unknown	no strings	41
00386110	1309	GNString	1 strings	32
01b62150	1309	Unknown	no strings	46
01bb2610	1309	GNList	1 strings	26
00110420	1308	GNString	2 strings	36
00de8bc0	1307	Unknown	5 strings	52
01394200	1307	Unknown	no strings	18
01d2db80	1307	Unknown	no strings	32
001912f0	1306	GNModuleView	1 strings	27
00f70900	1306	Unknown	1 strings	3
00b3bc60	1305	Unknown	no strings	25
01668130	1305	Unknown	no strings	38
01f70830	1305	Unknown	no strings	44
00c2c0f0	1304	Unknown	no strings	52
00f02e2c	1304	Unknown	no strings	1
01e12e30	1303	Unknown	no strings	26
01f50410	1303	Unknown	1 strings	31
006eae60	1302	MDMetaWindowController	1 strings	41
00f52380	1302	Unknown	no strings	1
01b1c160	1302	Unknown	no strings	37
01270af0	1301	Unknown	no strings	27
009a7972	1300	Unknown	6 strings	57
01c2b230	1300	GNCoord	9 strings	40
014b9750	1299	Unknown	no strings	6
00cace70	1298	Unknown	no strings	22
00e633c0	1298	Unknown	1 strings	44
01289850	1297	Unknown	no strings	36
01ed9a40	1297	Unknown	no strings	45
00e07ae0	1296	Unknown	3 strings	43
01393860	1296	Unknown	2 strings	48
01e0b690	1296	Unknown	no strings	38
0021e5f0	1295	Unknown	no strings	40
009160d0	1295	Unknown	14 strings	47
014163e0	1295	Unknown	no strings	48
010710a0	1294	Unknown	1 strings	1
01eb2020	1294	Unknown	no strings	34
01bce420	1293	Unknown	no strings	24
01e01e50	1293	GNScrollView	2 strings	36
01ea9950	1293	Unknown	2 strings	17
005f45b0	1292	MDWorkspaceLayoutStrategy	1 strings	23
00c24870	1292	Unknown	no strings	40
01715640	1292	Unknown	no strings	19
01a159f0	1292	Unknown	no strings	41
008dc236	1291	Unknown	13 strings	47
002b11a0	1289	GNUni	12 strings	26
00762a70	1289	Unknown	no strings	45
01dd4110	1289	Unknown	no strings	14
01f000f0	1289	Unknown	no strings	33
0029ec80	1288	Unknown	no strings	13
01289e80	1287	Unknown	no strings	52
01317d70	1287	Unknown	no strings	25
013ffd40	1287	Unknown	5 strings	40
018fef80	1287	Unknown	no strings	29
0061d9e0	1286	GNString	1 strings	46
00622800	1286	Unknown	no strings	46
0070b860	1286	Unknown	no strings	42
012fa130	1286	Unknown	no strings	38
00aee640	1285	Unknown	no strings	42
01307cd0	1285	Unknown	no strings	53
01d4a550	1285	Unknown	no strings	21
01ed5530	1285	Unknown	no strings	28
00c17210	1284	GNOverloudParametricEQ	2 strings	27
010bd310	1283	Unknown	13 strings	3
008fb112	1282	Unknown	16 strings	4
00023d10	1281	GNQueue	1 strings	22
01685a90	1281	Unknown	2 strings	38
00fce180	1280	Unknown	no strings	1
00771850	1279	Unknown	no strings	40
01b408c0	1279	Unknown	no strings	43
01d39d70	1279	Unknown	no strings	5
01d8d240	1279	Unknown	9 strings	7
00785940	1276	Unknown	no strings	35
01a93060	1276	Unknown	no strings	10
01aad180	1276	Unknown	no strings	43
01d0b670	1276	Unknown	no strings	39
01010ce0	1275	Unknown	2 strings	2
016818c0	1275	Unknown	no strings	31
01c11390	1275	Unknown	no strings	46
01d75c30	1275	Unknown	no strings	31
01e2a220	1275	Unknown	1 strings	27
00e8e840	1274	Unknown	no strings	53
00ed8c33	1274	Unknown	no strings	1
0124d6c0	1274	Unknown	no strings	42
00089e00	1273	Unknown	no strings	40
012fceb0	1272	Unknown	1 strings	28
016c2780	1272	Unknown	no strings	39
01b90580	1272	Unknown	no strings	39
01d7b1b0	1272	Unknown	1 strings	42
007f0230	1271	Unknown	no strings	37
017498a0	1271	Unknown	no strings	26
01e17b30	1271	Unknown	no strings	49
0142ed20	1270	Unknown	1 strings	45
01526d00	1270	GNFraction	9 strings	23
00247d60	1269	Unknown	no strings	52
017eb5e0	1269	MUSpectrumShaper	8 strings	35
019ae3f0	1268	Unknown	no strings	22
013549f0	1267	Unknown	no strings	37
01f2aa90	1267	Unknown	1 strings	37
0036ef90	1266	MDMetaDocumentController	1 strings	28
016f1400	1266	Unknown	no strings	42
00aec0b0	1265	Unknown	no strings	40
01db6b80	1265	Unknown	no strings	33
01bf18f0	1263	Unknown	no strings	25
00f669f0	1262	Unknown	6 strings	3
00b430e0	1261	Unknown	no strings	46
008e84b4	1260	Unknown	no strings	3
008f4c9e	1260	Unknown	13 strings	46
009438d4	1260	Unknown	8 strings	33
00aafd7a	1260	Unknown	13 strings	46
00c9f7e0	1260	GNDictionary	1 strings	23
01038f30	1260	Unknown	no strings	1
012ca6e0	1260	Unknown	1 strings	38
01d095c0	1260	Unknown	no strings	42
012c9e50	1259	Unknown	1 strings	38
01319320	1259	MULSSGenerator	1 strings	29
0101e260	1258	Unknown	7 strings	1
01232860	1258	Unknown	no strings	33
0123e220	1258	Unknown	no strings	42
01697750	1258	MUAraAudioSource	1 strings	26
01dca810	1258	GNTableViewMouseEventHandler	1 strings	33
00363290	1257	Unknown	no strings	36
006fdba0	1257	Unknown	no strings	51
009dc470	1257	Unknown	6 strings	13
016c9ba0	1257	Unknown	no strings	43
01cf0cb0	1257	GNMultipleValue	2 strings	32
001e7990	1256	GNPullDownButton	1 strings	25
002813d0	1256	Unknown	no strings	45
00b27ba0	1256	Unknown	no strings	1
019ddc90	1256	Unknown	no strings	34
019de330	1256	Unknown	no strings	34
01a9a5c0	1256	Unknown	no strings	30
0000ef30	1255	GNAudioPlugInDescription	1 strings	28
0025b1d0	1255	Unknown	no strings	38
00559030	1255	Unknown	no strings	27
00ba0890	1255	Unknown	1 strings	43
00bffe20	1255	Unknown	1 strings	25
01cc7b90	1254	GNValueTransformer	1 strings	40
01e00730	1254	Unknown	no strings	46
004f7da0	1253	Unknown	no strings	46
00adf7bd	1253	Unknown	no strings	11
003868c0	1252	Unknown	no strings	36
0140c540	1252	Unknown	no strings	47
01500dd0	1252	Unknown	no strings	45
001cdcf0	1251	GNImage	1 strings	28
003ba640	1251	MDMetaWindowController	1 strings	35
004f73e0	1251	Unknown	8 strings	33
017354e0	1251	Unknown	no strings	41
01990930	1251	Unknown	no strings	42
00bde2c0	1250	Unknown	1 strings	43
019dbc20	1250	Unknown	no strings	35
00500e20	1249	Unknown	no strings	34
006238c0	1249	Unknown	no strings	32
00757320	1249	Unknown	no strings	49
008060d0	1249	Unknown	3 strings	33
012d6050	1249	Unknown	no strings	41
01a92930	1249	Unknown	1 strings	29
01d374d0	1249	Unknown	no strings	34
01e78970	1248	GNAnimation	1 strings	27
00cbc710	1247	Unknown	no strings	26
01268710	1247	Unknown	no strings	26
018ff490	1247	Unknown	no strings	29
01953330	1247	Unknown	no strings	39
008ff716	1245	Unknown	13 strings	46
00cbb900	1245	GNEditingContextReadCopySyncObserver	1 strings	19
01692ed0	1245	MUAraPlugInWrapperDelegate	1 strings	31
01a3e760	1245	Unknown	no strings	31
01aa0420	1245	Unknown	no strings	25
01b28230	1245	Unknown	no strings	33
01f3f040	1245	Unknown	no strings	42
002902d0	1244	Unknown	no strings	42
016a65d0	1243	MUAraMusicalContext	1 strings	28
01dca1a0	1243	Unknown	no strings	39
007521c0	1242	Unknown	no strings	39
008fab98	1242	Unknown	no strings	4
00f9c380	1242	Unknown	no strings	1
0151a240	1242	Unknown	no strings	28
00973ba1	1241	Unknown	no strings	1
016b76f0	1241	MUAraAudioSource	6 strings	33
006c6310	1240	MDMetaWindowController	1 strings	34
01a385a0	1240	Unknown	no strings	28
0023c090	1239	Unknown	no strings	43
0037c170	1238	GNList	2 strings	29
00b429e0	1237	Unknown	no strings	39
00b9abe0	1237	Unknown	no strings	42
00dffe20	1237	Unknown	no strings	27
01073d20	1237	Unknown	1 strings	3
00493fd0	1236	Unknown	no strings	40
00780df0	1236	Unknown	no strings	41
00fe3810	1236	Unknown	1 strings	1
019aa080	1235	Unknown	no strings	32
01db6450	1235	Unknown	no strings	33
010c00b0	1234	Unknown	9 strings	3
003b3e60	1233	Unknown	no strings	35
001c0c60	1232	GNPropertyObserver	3 strings	23
004832f0	1232	Unknown	no strings	45
00e8c420	1232	GNModelObject	1 strings	17
012e0640	1232	Unknown	no strings	41
013e8800	1232	Unknown	no strings	27
01536600	1232	Unknown	no strings	11
018c47c0	1232	Unknown	no strings	42
01728850	1231	Unknown	no strings	49
00346c20	1230	Unknown	no strings	36
00de1440	1230	Unknown	no strings	46
013c8e30	1230	Unknown	no strings	27
00656960	1229	Unknown	no strings	37
010170f0	1229	Unknown	14 strings	1
0150f7e0	1229	Unknown	no strings	32
019fec60	1229	GNPropertyObserver	2 strings	29
01c44700	1229	Unknown	no strings	34
01f17860	1229	Unknown	no strings	29
004b4640	1228	Unknown	no strings	28
00de7b20	1228	GNString	2 strings	21
011a4100	1228	MUSamplerElementRenderer	1 strings	25
01673220	1228	Unknown	no strings	27
01814c10	1228	Unknown	no strings	43
01c6dc70	1228	GNPopUpButton	1 strings	45
00536930	1227	Unknown	no strings	32
00a70720	1227	Unknown	no strings	4
010b6d30	1227	Unknown	1 strings	1
01a759a0	1227	Unknown	1 strings	38
01d8d8e0	1227	Unknown	2 strings	29
01f32210	1227	Unknown	no strings	39
00a6b098	1226	Unknown	no strings	4
013eee70	1226	Unknown	no strings	34
01734a40	1226	GNString	1 strings	34
00085f60	1225	Unknown	no strings	33
010c6ad0	1225	Unknown	no strings	1
01553290	1225	Unknown	no strings	55
016c3130	1225	Unknown	no strings	30
017297a0	1225	Unknown	no strings	48
01c4d670	1225	Unknown	no strings	38
00883760	1224	Unknown	no strings	40
00d2f5f0	1224	Unknown	no strings	45
01522730	1224	Unknown	no strings	27
019f4110	1224	Unknown	no strings	27
01edf8c0	1223	Unknown	no strings	41
00c968b0	1221	Unknown	no strings	45
00c97150	1221	Unknown	no strings	45
01a65cf0	1221	Unknown	no strings	50
01d934f0	1221	Unknown	no strings	46
00b7ea30	1220	Unknown	no strings	48
0185ebf0	1220	Unknown	no strings	6
009e06d0	1219	Unknown	1 strings	31
00d27c30	1219	Unknown	4 strings	28
01be4f70	1219	Unknown	no strings	41
01ecd140	1219	Unknown	no strings	46
002ee7c0	1218	MDTimeFormatter	2 strings	35
01ecbb20	1218	Unknown	no strings	11
007b8500	1217	GNInt	8 strings	23
00ac7de0	1217	Unknown	no strings	13
011bf720	1217	MUElementAnalyzer	11 strings	34
004a8be0	1216	Unknown	no strings	33
011180b0	1216	MUChordParser	1 strings	34
01a451e0	1216	Unknown	no strings	29
009df708	1215	Unknown	no strings	26
01416f10	1215	MUAmplitudeAnalyzer	1 strings	32
015b5f50	1215	Unknown	1 strings	36
01606000	1215	Unknown	no strings	7
002f9750	1214	MDVolumeSlider	1 strings	24
005e25c0	1214	GNLabel	9 strings	39
00b280b0	1214	Unknown	no strings	5
01b31380	1214	Unknown	no strings	40
01e52c50	1214	Unknown	2 strings	36
00e880e0	1213	GNRunLoopState	3 strings	8
01af7d60	1213	Unknown	no strings	34
00e542a0	1212	Unknown	no strings	44
00e90760	1212	Unknown	no strings	6
01023110	1212	Unknown	1 strings	1
013f23b0	1212	MUDataPointFunction	4 strings	19
015be4d0	1212	Unknown	no strings	15
00aab13c	1211	Unknown	no strings	5
00d8ad70	1210	Unknown	no strings	50
01d534b0	1210	Unknown	no strings	42
0032b5c0	1209	MUMultiTrackView	1 strings	27
003bfe00	1209	Unknown	no strings	27
00d6e310	1209	GNString	3 strings	27
016727d0	1209	Unknown	no strings	29
01a3ce90	1209	Unknown	no strings	46
01c8f0f0	1209	Unknown	no strings	35
01cca020	1209	Unknown	no strings	43
00347340	1208	MUTool	1 strings	38
00572da0	1208	MDAnimation	1 strings	26
00c65f80	1208	Unknown	no strings	12
00aa4ff4	1207	Unknown	no strings	5
00802530	1206	Unknown	no strings	34
012d29b0	1206	Unknown	no strings	47
01a1cd40	1206	Unknown	no strings	45
01a2fbc0	1206	Unknown	no strings	38
006d3fd0	1205	Unknown	no strings	34
00d287a0	1205	Unknown	3 strings	29
01ee52b0	1205	Unknown	no strings	39
008d68fe	1204	Unknown	37 strings	1
009e8244	1203	Unknown	no strings	15
01cdab30	1203	Unknown	no strings	32
00dec0e0	1202	Unknown	no strings	49
00f61ea0	1202	Unknown	5 strings	2
00df54b0	1201	Unknown	1 strings	34
00e2df70	1201	Unknown	no strings	39
00126ca0	1200	Unknown	no strings	38
0033ae40	1200	Unknown	no strings	39
0123cbf0	1200	Unknown	no strings	27
0140db30	1199	Unknown	no strings	47
018feab0	1199	Unknown	no strings	27
01edcd90	1199	GNMultipleValue	2 strings	30
0137bae0	1198	Unknown	no strings	30
00eb93f2	1197	Unknown	no strings	3
010fe8d0	1197	MUElementAnalyzer	12 strings	29
019ab7b0	1196	Unknown	no strings	26
01e30780	1196	Unknown	no strings	36
006d0b50	1195	Unknown	no strings	38
0078dab0	1195	MUElementAnalyzer	2 strings	37
00c82360	1195	Unknown	no strings	37
011722e0	1195	GNUni	10 strings	24
018ff980	1195	Unknown	no strings	27
00265730	1194	Unknown	no strings	38
00265df0	1194	Unknown	no strings	38
00dd6f70	1194	GNValue	1 strings	43
0190dc80	1194	Unknown	1 strings	34
00e4a560	1193	GNList	1 strings	31
010f4e00	1193	MUAudioFileSource	1 strings	24
016ea880	1193	Unknown	no strings	49
00e93080	1192	Unknown	2 strings	33
012d3a20	1192	Unknown	no strings	26
01f3aa70	1192	Unknown	no strings	37
00e225e0	1191	Unknown	no strings	49
01c45dc0	1191	Unknown	no strings	40
01f14340	1191	GNList	1 strings	29
009b5048	1190	Unknown	5 strings	34
00b80910	1190	Unknown	no strings	34
01bfa930	1190	Unknown	no strings	25
009a934e	1189	Unknown	no strings	9
00073fd0	1188	MDEditorScrollView	2 strings	23
00e7d230	1188	Unknown	no strings	1
01673990	1188	Unknown	no strings	41
01675080	1188	Unknown	no strings	41
01aa4b90	1188	Unknown	no strings	17
00551ad0	1187	Unknown	no strings	38
00c2fa50	1187	Unknown	no strings	39
0116d770	1187	MUMatrixPathPoint	1 strings	25
01b99510	1187	GNValue	1 strings	32
01b99bc0	1187	GNValue	1 strings	32
00e46c90	1186	Unknown	no strings	26
006500a0	1185	Unknown	no strings	33
00d9b420	1185	Unknown	no strings	32
00fc7070	1185	Unknown	no strings	30
014ab140	1185	Unknown	no strings	12
00443790	1184	Unknown	no strings	29
0045ea40	1184	Unknown	no strings	38
008e29d0	1184	Unknown	13 strings	43
009851a4	1184	Unknown	8 strings	29
017753d0	1184	Unknown	no strings	34
01b03750	1183	Unknown	no strings	24
007c71c0	1182	GNInt	8 strings	23
009d1318	1182	Unknown	no strings	14
0176cbc0	1181	MUScaleModeSequence	10 strings	30
01c1d680	1181	Unknown	no strings	38
01cb6e70	1181	Unknown	no strings	44
01f2b280	1180	Unknown	no strings	39
01112a30	1179	GNUni	11 strings	24
00388b00	1178	GNFilePath	2 strings	30
00b2eeb0	1178	Unknown	no strings	37
0131e3c0	1178	Unknown	no strings	37
0135de20	1178	Unknown	no strings	40
016ce9f0	1177	Unknown	no strings	39
018bb840	1177	Unknown	1 strings	40
000a9c40	1176	Unknown	no strings	48
001e6fd0	1176	GNLabel	11 strings	29
00979214	1176	Unknown	no strings	1
01671da0	1176	Unknown	no strings	28
01b8e0e0	1176	MUDetectionActivationSlider	1 strings	22
01d9a0f0	1176	GNMultiRulerView	1 strings	20
01ea4fa0	1176	Unknown	no strings	31
00046ae0	1175	GNJobCenter	1 strings	25
000fabd0	1175	GNHeartbeatHandler	8 strings	29
006e8b70	1175	Unknown	no strings	39
00dc0c90	1175	Unknown	2 strings	37
0009ce00	1174	Unknown	no strings	43
0044cc50	1174	Unknown	no strings	42
018fc1e0	1174	Unknown	no strings	23
00550980	1173	Unknown	no strings	36
009a725a	1173	Unknown	6 strings	31
0128d760	1173	Unknown	no strings	29
017d0480	1173	GNList	1 strings	33
0013c660	1172	Unknown	no strings	34
0096b5d7	1172	Unknown	no strings	47
00fb00c0	1172	Unknown	1 strings	1
0011edf0	1170	Unknown	no strings	26
013206a0	1170	Unknown	no strings	33
018fe5f0	1170	Unknown	no strings	27
019a40d0	1170	Unknown	no strings	27
01bd5340	1170	Unknown	no strings	30
00469210	1169	MDToolbarPluginTransferCtrl	1 strings	27
01a87460	1169	Unknown	no strings	29
01f6ab40	1169	Unknown	no strings	43
0088a05e	1168	Unknown	no strings	6
00c99190	1168	Unknown	no strings	43
0140a740	1168	Unknown	no strings	39
01bec670	1168	MUHorizontalOverviewScroller	1 strings	40
00845c00	1166	MUScaleDetectionOptionsData	1 strings	22
0128d130	1166	Unknown	no strings	29
019bf590	1166	Unknown	no strings	25
01e22190	1166	Unknown	no strings	25
017d29c0	1165	Unknown	no strings	37
004498a0	1164	Unknown	no strings	48
00858d80	1164	GNHeartbeatHandler	2 strings	22
00bbb2b0	1164	Unknown	no strings	32
01653e10	1164	Unknown	no strings	40
016bd400	1164	Unknown	4 strings	31
01b459e0	1164	Unknown	1 strings	25
01d30bb0	1164	GNList	2 strings	30
01d54d20	1164	Unknown	no strings	36
01483ef0	1163	Unknown	no strings	35
01f6e450	1162	Unknown	no strings	38
017fda90	1161	Unknown	no strings	1
018fc680	1161	Unknown	no strings	22
00d25690	1160	GNSerialNumber	4 strings	15
005bda10	1159	MDEditorView	1 strings	21
00a2d6b4	1159	Unknown	no strings	12
00b047f0	1159	GNMidiFile	1 strings	25
00d773e0	1159	Unknown	no strings	37
00552090	1158	Unknown	no strings	29
00ea9250	1158	Unknown	no strings	1
01234920	1158	MUQuarterAssignmentResolution	1 strings	24
00dadeb0	1157	Unknown	no strings	33
019d3530	1157	Unknown	no strings	37
0024acc0	1156	Unknown	no strings	39
00b6b2c0	1156	Unknown	no strings	12
00f370f0	1156	Unknown	no strings	17
0005aa20	1154	GNResponder	13 strings	49
00938c6a	1154	Unknown	4 strings	35
00a364e4	1153	Unknown	no strings	13
00d7b1d0	1153	Unknown	no strings	43
01d2cbb0	1153	Unknown	no strings	35
009b0cb2	1152	Unknown	9 strings	51
01ea01c0	1152	Unknown	no strings	46
00ad4740	1151	Unknown	no strings	6
013f01c0	1151	Unknown	no strings	40
015104e0	1151	Unknown	no strings	32
001bd950	1150	GNControlBackInfo	1 strings	24
008eab5e	1150	Unknown	no strings	4
01ad37a0	1150	Unknown	no strings	34
01f58580	1150	Unknown	4 strings	3
002475d0	1149	Unknown	no strings	49
003a2600	1149	Unknown	no strings	39
00aa863e	1149	Unknown	12 strings	42
014b2970	1149	Unknown	no strings	10
0158ac20	1149	GNDictionary	1 strings	22
01907d60	1149	Unknown	no strings	40
00ce8b60	1148	Unknown	no strings	37
0124fc70	1148	GNList	1 strings	27
01d2d3b0	1148	Unknown	no strings	34
01db7530	1148	Unknown	no strings	17
007035b0	1147	MDAudioTrackItem	1 strings	30
00a65b0e	1147	Unknown	13 strings	3
0197dfb0	1147	Unknown	no strings	38
01a61e30	1147	Unknown	no strings	38
01aaf2c0	1147	Unknown	no strings	36
01d1dc70	1147	GNString	3 strings	27
01e478c0	1147	Unknown	no strings	12
00aa95ee	1146	Unknown	12 strings	42
00aabcdc	1146	Unknown	12 strings	42
01661d30	1146	Unknown	no strings	28
01df8390	1146	GNTableColumnAssoc	1 strings	24
01273200	1144	Unknown	no strings	26
01bc09c0	1144	Unknown	no strings	34
01c365c0	1144	Unknown	1 strings	33
0048f8a0	1143	Unknown	no strings	34
00aa5b8c	1143	Unknown	12 strings	42
003b9dd0	1142	Unknown	no strings	37
01f0b230	1142	GNMultipleValue	1 strings	34
01f316e0	1142	Unknown	no strings	22
00978a88	1141	Unknown	no strings	6
015c26f0	1141	Unknown	no strings	30
018003e0	1141	Unknown	no strings	42
01f91d90	1141	GNShortCutOutlineController	2 strings	28
015b6d40	1140	GNData	7 strings	27
018d9a10	1140	Unknown	no strings	30
00330eb0	1139	GNString	2 strings	30
014f0770	1139	Unknown	no strings	23
01810ba0	1139	MUPitchMapper	1 strings	31
00efbf4f	1138	Unknown	no strings	1
0149ded0	1138	Unknown	no strings	22
008f1acc	1137	Unknown	12 strings	42
00901392	1137	Unknown	12 strings	42
00a291b2	1137	Unknown	no strings	13
01738660	1137	Unknown	no strings	27
001353a0	1136	MDExportControllerHelper	1 strings	23
00988fe2	1136	Unknown	3 strings	9
01398e20	1136	Unknown	no strings	31
0171f300	1135	Unknown	no strings	25
01ef6ef0	1135	Unknown	no strings	33
00939c54	1134	Unknown	no strings	12
00ab804a	1134	Unknown	3 strings	14
0154f1a0	1134	MUVoiceMapperVoiceOption	1 strings	23
014b9ce0	1133	Unknown	no strings	15
01539540	1133	Unknown	1 strings	27
00d16570	1132	GNQualifierVariable	2 strings	27
012a2e80	1132	Unknown	no strings	13
00a393b0	1131	Unknown	no strings	13
006fc300	1130	Unknown	no strings	47
012d1980	1130	Unknown	no strings	32
015b8540	1130	Unknown	no strings	22
01dbba10	1130	Unknown	no strings	26
00781710	1129	Unknown	no strings	36
00e83930	1129	Unknown	no strings	1
00f628b0	1129	Unknown	1 strings	7
00d3fc60	1128	Unknown	no strings	36
01267c40	1128	Unknown	no strings	32
0140f410	1128	Unknown	no strings	39
01cce3a0	1128	Unknown	2 strings	34
00918efc	1126	Unknown	no strings	8
01112590	1126	MUBezierFunctionPoint	1 strings	22
01911530	1126	Unknown	1 strings	42
01b7ca00	1126	Unknown	no strings	30
01b90da0	1126	Unknown	no strings	26
005ca0e0	1125	MDFileBrowserInsp	2 strings	29
00bb9440	1125	Unknown	no strings	40
004727c0	1124	MDToolbarAraClickCtrl	1 strings	26
01d244c0	1124	Unknown	no strings	39
00d92950	1123	Unknown	no strings	13
01c3b620	1123	Unknown	no strings	36
01de8cb0	1123	GNTableColumnAssoc	2 strings	20
01de9300	1123	GNTableColumnAssoc	2 strings	20
0051d3f0	1121	Unknown	no strings	28
00c6ee50	1121	Unknown	no strings	29
0102fcd0	1121	Unknown	no strings	1
0117cd20	1121	GNUni	10 strings	25
01501fc0	1121	GNString	1 strings	38
01ddeb40	1121	GNString	1 strings	26
0035a0d0	1120	MDMetaWindowController	1 strings	33
008c3d62	1120	Unknown	no strings	6
01152d90	1120	Unknown	no strings	22
019e0e60	1120	Unknown	no strings	27
019e16b0	1120	Unknown	no strings	27
01f983b0	1120	GNValue	2 strings	22
00966906	1119	Unknown	no strings	5
00b9d930	1119	Unknown	no strings	29
011e89a0	1119	Unknown	1 strings	22
01d9a670	1119	GNMultiRulerView	1 strings	21
00325e30	1118	MDEditorViewController	1 strings	24
00c18110	1118	Unknown	no strings	44
00c871e0	1118	Unknown	no strings	33
00d1fcc0	1118	Unknown	no strings	31
01148df0	1118	MUEqualBeatsRange	1 strings	22
015c6700	1118	MUSpectralTimeSlice	9 strings	18
01c508b0	1118	Unknown	no strings	41
001570d0	1117	Unknown	no strings	32
00d4afa0	1117	Unknown	no strings	37
00ddbe50	1117	Unknown	no strings	26
00e8e380	1117	GNValue	6 strings	21
015f7360	1117	MUTempoAnalyzerEvent	1 strings	22
000ee8f0	1116	MDMetaWindowController	1 strings	29
00987cb0	1116	Unknown	7 strings	29
00bc7a00	1116	Unknown	no strings	15
01195190	1116	MUPitchClassMapper	1 strings	22
01cb4c70	1116	Unknown	no strings	35
01e1cd40	1116	GNValue	2 strings	23
00448f10	1115	Unknown	no strings	36
00e5ed60	1115	Unknown	1 strings	30
0177a010	1115	Unknown	no strings	40
01f8b430	1115	GNActionRegistration	1 strings	36
002c8fb0	1114	MUAudioFileSource	1 strings	26
009241b6	1114	Unknown	2 strings	7
00235240	1113	Unknown	no strings	27
004a5340	1113	Unknown	no strings	31
0063a4a0	1113	Unknown	no strings	33
01023dc0	1113	Unknown	no strings	1
0102b4b0	1113	Unknown	no strings	1
01f47720	1113	GNStringTable	1 strings	28
009685c4	1112	Unknown	no strings	8
00a24f5e	1112	Unknown	no strings	13
00aa2c58	1112	Unknown	no strings	6
018fd630	1112	Unknown	no strings	27
0027a2c0	1111	Unknown	no strings	45
00cd8690	1111	Unknown	no strings	21
019ac7b0	1111	Unknown	no strings	28
006e79b0	1110	MDTempIOCtrl	4 strings	16
007eb210	1110	MDDetectionElementInsp	4 strings	16
007f51e0	1110	MDToneScaleController	4 strings	16
008f05ea	1110	Unknown	14 strings	2
00c619b0	1110	GNPopUpButton	1 strings	37
014ea210	1110	MUAudioSourceItem	1 strings	25
01660e50	1110	Unknown	no strings	33
019cafa0	1110	Unknown	no strings	25
01ba7eb0	1110	MUElementPitchInspector	4 strings	16
0051c9f0	1109	Unknown	no strings	33
005f5a00	1109	GNUni	12 strings	30
008ca8de	1109	Unknown	12 strings	2
00e4c4b0	1109	GNList	5 strings	23
01388130	1109	Unknown	no strings	32
0150bf50	1109	Unknown	no strings	36
01de2090	1109	Unknown	no strings	32
0013aa20	1108	Unknown	no strings	37
002cdbd0	1108	Unknown	2 strings	32
0037b2b0	1108	GNList	2 strings	31
0051da80	1108	Unknown	no strings	29
01b7daf0	1108	Unknown	no strings	30
001e5f20	1107	GNWindowPositionConstraint	1 strings	22
00885a30	1107	Unknown	no strings	7
0102ec60	1107	Unknown	1 strings	5
01e6a4a0	1107	Unknown	1 strings	16
0089bf0a	1106	Unknown	2 strings	7
0089c6ca	1106	Unknown	2 strings	7
0089cdfe	1106	Unknown	2 strings	7
0089d532	1106	Unknown	2 strings	7
0089dc66	1106	Unknown	2 strings	7
0089e39a	1106	Unknown	2 strings	7
0089eace	1106	Unknown	2 strings	7
0089f206	1106	Unknown	2 strings	7
0089f93e	1106	Unknown	2 strings	7
008a0076	1106	Unknown	2 strings	7
008a07ae	1106	Unknown	2 strings	7
008a0ee6	1106	Unknown	2 strings	7
008a161e	1106	Unknown	2 strings	7
008a1d56	1106	Unknown	2 strings	7
008a248e	1106	Unknown	2 strings	7
008a2bc6	1106	Unknown	2 strings	7
008a32fe	1106	Unknown	2 strings	7
008a3a36	1106	Unknown	2 strings	7
008a416e	1106	Unknown	2 strings	7
008a48a6	1106	Unknown	2 strings	7
008a4fde	1106	Unknown	2 strings	7
008a5716	1106	Unknown	2 strings	7
008a5e4e	1106	Unknown	2 strings	7
008a6586	1106	Unknown	2 strings	7
008a6cbe	1106	Unknown	2 strings	7
008a73f6	1106	Unknown	2 strings	7
008a7b2e	1106	Unknown	2 strings	7
008a8266	1106	Unknown	2 strings	7
008a899e	1106	Unknown	2 strings	7
008a90d6	1106	Unknown	2 strings	7
008a980e	1106	Unknown	2 strings	7
008a9f46	1106	Unknown	2 strings	7
008aa67e	1106	Unknown	2 strings	7
008aadb6	1106	Unknown	2 strings	7
008ab4ee	1106	Unknown	2 strings	7
008abc26	1106	Unknown	2 strings	7
008ac35e	1106	Unknown	2 strings	7
008aca96	1106	Unknown	2 strings	7
008ad1ce	1106	Unknown	2 strings	7
008ad906	1106	Unknown	2 strings	7
008ae03e	1106	Unknown	2 strings	7
008ae776	1106	Unknown	2 strings	7
008aeeae	1106	Unknown	2 strings	7
008af5e6	1106	Unknown	2 strings	7
008afd1e	1106	Unknown	2 strings	7
008b0456	1106	Unknown	2 strings	7
008b0b8e	1106	Unknown	2 strings	7
008b12c6	1106	Unknown	2 strings	7
008b19fe	1106	Unknown	2 strings	7
008b2136	1106	Unknown	2 strings	7
008b286e	1106	Unknown	2 strings	7
008b2fa6	1106	Unknown	2 strings	7
008b36de	1106	Unknown	2 strings	7
008b3e16	1106	Unknown	2 strings	7
008b454e	1106	Unknown	2 strings	7
008d02b2	1106	Unknown	2 strings	7
008d0a80	1106	Unknown	2 strings	7
008d11aa	1106	Unknown	2 strings	7
008d18de	1106	Unknown	2 strings	7
008d2576	1106	Unknown	2 strings	7
00921012	1106	Unknown	2 strings	7
009217a2	1106	Unknown	2 strings	7
00921ea6	1106	Unknown	2 strings	7
009225aa	1106	Unknown	2 strings	7
00922ca0	1106	Unknown	2 strings	7
009233a4	1106	Unknown	2 strings	7
00923ac4	1106	Unknown	2 strings	7
009248ca	1106	Unknown	2 strings	7
00924fd2	1106	Unknown	2 strings	7
00990540	1106	Unknown	no strings	17
00ca9940	1106	GNString	4 strings	24
01d6d5e0	1106	Unknown	no strings	32
003bc830	1105	Unknown	no strings	36
0060c9f0	1105	Unknown	1 strings	32
009d9e38	1105	Unknown	1 strings	12
0151a950	1105	Unknown	no strings	32
004baa00	1104	Unknown	no strings	37
011f1d90	1104	MUFader	5 strings	15
01389510	1104	Unknown	no strings	28
01a62610	1104	Unknown	no strings	37
01cf41d0	1104	Unknown	no strings	24
00094580	1103	Unknown	no strings	41
003168c0	1102	Unknown	no strings	7
005893c0	1102	GNBinaryKeyValueArchiverDelegate	5 strings	17
00757ea0	1102	Unknown	no strings	30
008db56c	1102	Unknown	no strings	5
014edfa0	1102	GNInt	8 strings	20
01661390	1102	MUAraAudioSource	4 strings	20
01ed6a90	1102	Unknown	no strings	32
00364340	1101	MDQuantizeController	4 strings	13
01beb250	1101	Unknown	no strings	29
01f6a6d0	1101	GNCustomAlertPanel	4 strings	13
00dfd950	1100	Unknown	no strings	34
01432ed0	1100	MUElementAnalyzer	1 strings	29
01ad2a70	1100	Unknown	no strings	41
00781f00	1099	Unknown	no strings	38
00d529a0	1099	Unknown	no strings	23
001b3bf0	1098	GNHeartbeatHandler	2 strings	20
001c97b0	1098	GNFont	1 strings	21
005880e0	1098	MUMultiTrackTrackElement	3 strings	19
00885f50	1098	Unknown	no strings	7
009e2013	1098	Unknown	no strings	5
019e8870	1098	Unknown	no strings	44
01f8d150	1098	Unknown	no strings	40
01b7d2f0	1097	Unknown	no strings	28
00316de0	1096	Unknown	no strings	7
00515d00	1096	Unknown	7 strings	29
00bc61d0	1096	Unknown	no strings	25
017b2910	1096	Unknown	no strings	34
01ef3900	1095	Unknown	1 strings	29
0025f0b0	1094	Unknown	no strings	41
009a1f26	1094	Unknown	7 strings	34
00e8bda0	1094	GNModelObject	1 strings	17
01790bd0	1094	Unknown	no strings	28
002ae170	1093	Unknown	no strings	41
019bccc0	1093	Unknown	no strings	28
01a8ff70	1093	Unknown	no strings	32
00bef0a0	1092	Unknown	1 strings	37
01040c10	1092	Unknown	no strings	1
0034d310	1091	Unknown	no strings	59
00a6b5e2	1091	Unknown	13 strings	3
00f4cdf0	1091	Unknown	no strings	1
012e4e50	1091	Unknown	no strings	17
01d29ff0	1091	GNList	1 strings	32
00084b70	1089	Unknown	3 strings	26
001d6520	1089	GNLayoutLine	1 strings	21
014bf4a0	1089	Unknown	no strings	30
01a1a220	1088	Unknown	no strings	27
01b60350	1088	Unknown	1 strings	32
0098c45c	1087	Unknown	11 strings	26
01dbac60	1087	GNDictionary	1 strings	33
00503190	1086	Unknown	no strings	37
00cbadd0	1086	Unknown	no strings	30
01157f10	1086	Unknown	no strings	30
01b3c970	1086	Unknown	no strings	46
01c71b80	1086	Unknown	no strings	38
00e81230	1084	GNData	1 strings	16
0126c880	1084	Unknown	no strings	21
01658d80	1084	MULSSGenerator	1 strings	26
01db5400	1084	Unknown	no strings	27
00307e60	1083	MDNotificationObserver	6 strings	47
006dc210	1083	MDVolumeFader	1 strings	20
01979450	1083	Unknown	no strings	36
01de1ae0	1083	Unknown	no strings	31
0004b1c0	1082	GNObject	9 strings	36
00502230	1082	MDEditorViewController	1 strings	33
00700e90	1082	Unknown	no strings	52
01953cb0	1082	MULSSGenerator	1 strings	27
019169f0	1081	Unknown	no strings	32
00325530	1080	Unknown	no strings	35
007f0cf0	1080	Unknown	no strings	39
011a6790	1080	MUScalePitchSystem	7 strings	25
011eaca0	1080	Unknown	no strings	32
01be82b0	1080	MUMultiTrackItem	1 strings	30
000eceb0	1079	MDMetaWindowController	1 strings	26
00109ad0	1079	Unknown	no strings	34
0024a180	1079	Unknown	no strings	29
00885520	1078	Unknown	no strings	7
00aa8bfc	1078	Unknown	no strings	4
013234b0	1078	Unknown	no strings	15
01bbfc30	1078	Unknown	no strings	25
01de8580	1078	Unknown	no strings	34
002d9d70	1077	MDMetaWindowController	1 strings	33
003162c0	1076	Unknown	no strings	7
0037ebb0	1076	GNFilePath	1 strings	27
01ad9840	1076	Unknown	no strings	24
0033e7e0	1075	Unknown	7 strings	22
014281c0	1075	MUGrooveBasedQuarterSignatureSegment	1 strings	26
01edb450	1074	Unknown	no strings	30
008f1210	1073	Unknown	no strings	3
00c6a470	1073	Unknown	no strings	33
01397620	1073	Unknown	no strings	24
01bad290	1073	Unknown	no strings	27
00523880	1072	Unknown	no strings	35
00e484f0	1072	Unknown	1 strings	34
019a7d70	1072	MUEditorReferenceElementView	1 strings	20
019a8300	1072	MUEditorElementView	1 strings	20
019cf5e0	1072	Unknown	1 strings	40
01a0c2f0	1072	Unknown	no strings	34
01a0c9f0	1072	Unknown	no strings	34
01d96260	1072	Unknown	no strings	24
00102850	1071	Unknown	no strings	39
009e63a2	1071	Unknown	no strings	5
0088a9bc	1070	Unknown	12 strings	39
016d8330	1070	Unknown	no strings	34
00062bf0	1069	GNTypedStream	1 strings	20
00093f60	1069	Unknown	no strings	30
0123dab0	1069	Unknown	no strings	29
01f28450	1069	Unknown	no strings	39
003b2ba0	1068	Unknown	no strings	35
007b7610	1068	GNUni	11 strings	25
00e5b770	1068	GNBinaryKeyValueUnarchiverObjectInfo	1 strings	20
00f439b0	1068	Unknown	no strings	3
01778a40	1068	Unknown	no strings	30
01935e40	1068	Unknown	no strings	23
01de2960	1068	Unknown	no strings	34
016b4e90	1067	MUAraAudioSource	1 strings	29
0185e700	1067	Unknown	no strings	8
008bd506	1066	Unknown	no strings	6
00f427a0	1066	Unknown	no strings	1
01a90710	1066	Unknown	no strings	38
00833c50	1065	MUEnvelopeDrawPath	1 strings	20
0190d540	1065	GNString	4 strings	19
019ad9b0	1065	Unknown	no strings	26
01a3c760	1065	Unknown	no strings	33
008f64cc	1064	Unknown	no strings	6
00f31e20	1064	Unknown	1 strings	17
016b4010	1064	Unknown	6 strings	31
019ca970	1064	Unknown	no strings	29
00013150	1063	Unknown	no strings	18
0026b600	1063	MDNotificationObserver	11 strings	41
0039bed0	1063	MDEditorViewController	1 strings	26
00a6c3b2	1063	Unknown	no strings	5
00ab6efc	1063	OsSignatureMac	7 strings	36
013663a0	1062	Unknown	no strings	27
008e8a1e	1061	Unknown	13 strings	2
00c17aa0	1061	Unknown	no strings	28
00643690	1060	MDProjectInsp	1 strings	27
00e22c90	1060	Unknown	no strings	31
00f1f902	1060	Unknown	2 strings	3
002d1ba0	1059	MDProjectAudioSource	1 strings	24
008e20f6	1059	Unknown	no strings	9
00d370b0	1058	Unknown	no strings	25
01293980	1058	Unknown	no strings	24
002bb5c0	1057	MDEditorScrollView	2 strings	21
01074260	1057	Unknown	22 strings	1
016e9760	1057	Unknown	no strings	34
01b40290	1057	Unknown	no strings	37
00da7a00	1056	GNForeignThreadPool	1 strings	20
00db6e10	1056	GNMethodInvocation	1 strings	20
01aa2e00	1056	Unknown	no strings	28
01c32d30	1055	Unknown	no strings	38
01c64c20	1055	Unknown	no strings	32
01e5d9c0	1055	Unknown	no strings	33
00069a10	1054	MDMetaWindowController	1 strings	31
00b7ace0	1054	Unknown	no strings	42
01365ec0	1054	Unknown	no strings	23
01a368e0	1054	Unknown	no strings	27
01e0dfc0	1054	Unknown	no strings	23
00c75180	1053	Unknown	no strings	38
0109f7c0	1053	Unknown	6 strings	1
00ce3750	1052	Unknown	no strings	28
015292f0	1052	Unknown	no strings	19
01e6f570	1052	Unknown	no strings	23
00249a80	1051	Unknown	no strings	29
01b71c50	1051	Unknown	no strings	19
00309440	1050	MUMultiTrackItem	2 strings	22
00e7e230	1050	Unknown	no strings	43
003a0a70	1049	MDMetaWindowController	1 strings	29
00e9e690	1049	Unknown	no strings	5
01258600	1049	Unknown	no strings	36
002718e0	1048	GNUni	8 strings	21
008c6b60	1048	Unknown	no strings	4
000493b0	1047	GNObject	7 strings	40
008e1556	1046	Unknown	11 strings	38
011cce10	1046	GNInt	9 strings	22
011ed4f0	1046	Unknown	no strings	38
003bbce0	1045	Unknown	no strings	43
007b47e0	1045	GNInt	8 strings	20
01bd1110	1045	Unknown	no strings	16
01d657b0	1045	Unknown	no strings	25
011b57c0	1044	Unknown	7 strings	20
01ab6500	1044	Unknown	no strings	25
00261fb0	1043	Unknown	no strings	30
00acb6a0	1043	Unknown	no strings	1
00c60e60	1043	Unknown	no strings	30
00cd7bb0	1043	Unknown	no strings	29
01162ae0	1043	GNInt	10 strings	30
003574a0	1042	Unknown	no strings	38
006fd120	1041	Unknown	no strings	36
015c2da0	1041	Unknown	no strings	1
002f3ad0	1040	Unknown	no strings	31
01c67190	1040	Unknown	no strings	43
002f5f30	1039	MDTimeGridSetter	1 strings	28
00ceace0	1039	Unknown	no strings	27
00e0c660	1039	Unknown	no strings	33
00782800	1038	Unknown	no strings	24
00975848	1038	Unknown	no strings	2
00aa4acc	1038	Unknown	11 strings	38
00ce4e90	1038	Unknown	no strings	25
0199ee70	1038	GNToolBoxTool	2 strings	26
01b7a810	1038	Unknown	no strings	32
01bf2670	1038	Unknown	no strings	19
0191a7d0	1037	Unknown	no strings	36
01c73910	1037	Unknown	no strings	39
017780f0	1036	Unknown	no strings	22
017b31f0	1036	Unknown	3 strings	30
008c8168	1035	Unknown	11 strings	38
00a70c66	1035	Unknown	13 strings	3
00d3a560	1035	Unknown	no strings	9
0128c620	1035	Unknown	no strings	31
01296db0	1035	Unknown	no strings	21
012976e0	1035	Unknown	no strings	21
0132ec50	1034	Unknown	no strings	30
01430a30	1034	Unknown	no strings	32
014fcfa0	1034	Unknown	no strings	33
01659300	1034	MULSSGenerator	1 strings	26
01af0e00	1034	Unknown	no strings	38
01c0cd20	1034	Unknown	no strings	33
01e8cad0	1033	GNRunLoopObserverDelegate	2 strings	22
002664b0	1032	MDEditorViewController	1 strings	30
00623170	1032	Unknown	no strings	31
00d98db0	1032	Unknown	no strings	34
014ad820	1032	Unknown	no strings	7
0197d460	1032	MUSpectrumShaper	1 strings	32
000eab90	1031	MDMetaWindowController	1 strings	27
0117a4b0	1031	GNUni	13 strings	26
0034b360	1030	MUDetectionSeparationTool	1 strings	28
0034b970	1030	MUDetectionSeparationTool	1 strings	28
0037f560	1030	GNFilePath	1 strings	26
0049afd0	1030	Unknown	no strings	59
007b1940	1030	GNSoundFile	10 strings	5
00abe77b	1030	Unknown	12 strings	36
0149b7e0	1030	Unknown	no strings	17
01965590	1030	Unknown	no strings	25
01b4d260	1030	Unknown	no strings	25
01d9d760	1030	Unknown	no strings	21
00377800	1029	Unknown	no strings	41
008eb50a	1029	Unknown	11 strings	38
0039fd40	1028	Unknown	no strings	22
01830de0	1028	Unknown	no strings	18
01929220	1028	Unknown	no strings	17
01b9f1e0	1028	Unknown	no strings	17
01ba1ff0	1028	Unknown	no strings	17
003ac720	1027	Unknown	no strings	25
0091ac08	1027	Unknown	no strings	4
00983ff4	1027	Unknown	3 strings	5
01d70620	1027	Unknown	no strings	28
000ee4c0	1026	MDToolbarRightConfigCtrl	4 strings	16
00138fc0	1026	MDToolbarScaleModeCtrl	4 strings	16
008829b0	1026	MDToolbarEditMixCtrl	4 strings	16
0106c3a0	1026	Unknown	18 strings	2
016c0b50	1026	Unknown	no strings	38
01d59f70	1026	Unknown	no strings	33
01af6500	1024	Unknown	no strings	36
0096e1e4	1023	Unknown	no strings	9
00b8c7f0	1023	GNString	2 strings	25
00d30860	1023	Unknown	no strings	36
01927ba0	1023	MUDetectionEditorView	1 strings	23
0192dad0	1023	MUDetectionEditorView	1 strings	23
01bf85a0	1023	MUDetectionEditorView	1 strings	23
00b09ea0	1022	GNMidiFileTimeSignature	1 strings	18
012eb1d0	1022	Unknown	no strings	26
0172cba0	1022	Unknown	no strings	35
012cf0c0	1021	Unknown	no strings	36
015bc6a0	1021	Unknown	no strings	18
0164bd30	1021	Unknown	no strings	24
00efe075	1020	Unknown	no strings	1
0173b120	1020	Unknown	no strings	32
017cb030	1020	GNString	1 strings	22
00070b90	1019	Unknown	no strings	39
00651de0	1019	Unknown	no strings	30
019562f0	1019	Unknown	no strings	31
01c441c0	1019	Unknown	no strings	29
01d83990	1019	GNRootView	1 strings	26
01deb620	1019	GNTableColumnAssoc	1 strings	32
01dfc450	1019	GNTableColumnAssoc	1 strings	32
0097ebcf	1018	Unknown	3 strings	10
01919330	1018	Unknown	no strings	32
01919a00	1018	Unknown	no strings	32
01ace020	1018	Unknown	no strings	35
01ace990	1018	Unknown	no strings	35
002b3460	1017	MDScrollViewAddsView	4 strings	13
005e89a0	1017	Unknown	7 strings	24
00ca1d30	1017	Unknown	no strings	28
01b42190	1017	MUScaleStretchTuningCtrl	4 strings	13
00c6e3d0	1015	Unknown	no strings	30
00d691c0	1015	Unknown	no strings	30
01ceed10	1015	Unknown	no strings	32
008c645e	1014	Unknown	11 strings	37
0099a1ee	1014	Unknown	6 strings	30
01d28720	1014	GNMultipleValue	1 strings	24
0060b460	1013	Unknown	no strings	36
00abcd74	1013	Unknown	no strings	15
01956aa0	1013	Unknown	no strings	21
00568140	1012	GNSerialNumber	1 strings	18
007f28a0	1012	Unknown	no strings	34
008543e0	1012	MUScaleSavePanel	1 strings	26
00bbc620	1012	Unknown	no strings	2
00c70bc0	1012	GNString	1 strings	35
00e4b640	1011	GNBinaryKeyValueArchiverKeyValueTypeInfo	1 strings	18
00da62d0	1010	Unknown	no strings	13
017f2990	1010	Unknown	no strings	27
01d80e30	1010	GNCornerRadius	1 strings	18
011410f0	1009	Unknown	no strings	18
013e9e30	1009	Unknown	no strings	25
01ab1b30	1009	Unknown	no strings	23
01c0f780	1009	Unknown	no strings	27
0098ddf5	1008	Unknown	no strings	11
00ae0e0c	1008	Unknown	no strings	9
00b61330	1008	Unknown	no strings	42
00bcbe20	1008	GNSoundFileCacheEntry	1 strings	18
01cb5fc0	1008	Unknown	no strings	31
008c8648	1007	Unknown	no strings	4
00d53a00	1007	Unknown	no strings	25
01201770	1007	MUBarSignatureMap	1 strings	23
01b6d800	1007	Unknown	no strings	29
00038300	1006	GNInt	8 strings	23
00700430	1006	Unknown	no strings	22
01de5000	1006	Unknown	no strings	26
00457500	1005	Unknown	no strings	22
004a7530	1005	Unknown	no strings	32
00839940	1005	GNPropertyObserver	2 strings	17
015b46b0	1005	Unknown	no strings	23
017737b0	1005	Unknown	no strings	31
00e579d0	1004	GNBinaryKeyValueUnarchiver	3 strings	19
012e0130	1004	Unknown	no strings	26
01662650	1004	Unknown	no strings	32
016b4550	1004	Unknown	6 strings	31
01b9a270	1004	Unknown	no strings	28
010bfcc0	1003	Unknown	1 strings	2
01152110	1003	GNUni	9 strings	21
01f03370	1003	Unknown	no strings	29
00135c10	1002	MDExportControllerHelper	10 strings	5
0023ec70	1002	Unknown	no strings	32
0179b200	1002	Unknown	no strings	33
019b9500	1002	Unknown	no strings	15
01ed4f50	1002	Unknown	no strings	17
00d47510	1001	Unknown	no strings	24
01694420	1001	GNNull	13 strings	38
01ef7380	1001	Unknown	no strings	22
00891288	1000	Unknown	31 strings	1
00b3df40	1000	Unknown	no strings	29
00bc35d0	1000	Unknown	no strings	48
002416c0	999	Unknown	no strings	40
00332660	999	MDEditorViewController	1 strings	25
005371e0	999	Unknown	no strings	35
01652cd0	999	Unknown	no strings	30
001381c0	998	MDMetaWindowController	1 strings	28
00c26b60	998	Unknown	1 strings	33
00571120	997	GNHeartbeatHandler	2 strings	18
0188ea80	997	Unknown	no strings	26
01912fe0	997	Unknown	no strings	27
019298b0	997	Unknown	no strings	31
0193ded0	997	Unknown	no strings	29
01a7d1d0	997	Unknown	no strings	29
01b9f870	997	Unknown	no strings	31
002a9ac0	996	MDMetaWindowController	1 strings	23
004bc230	996	Unknown	no strings	31
0099234e	996	Unknown	3 strings	6
016b9550	996	Unknown	6 strings	28
0195b5f0	996	Unknown	no strings	30
01a48e20	996	Unknown	no strings	29
0083b430	995	GNUni	8 strings	19
00c1f910	995	Unknown	no strings	28
00c21b70	995	GNOverloudConvolverIR	2 strings	30
01775c40	995	Unknown	no strings	30
019a4cd0	995	MUEditorSubview	1 strings	19
008c7d5c	994	Unknown	10 strings	2
00d44500	994	Unknown	no strings	17
013671d0	994	Unknown	no strings	24
01dcf7e0	994	Unknown	no strings	23
004a0bd0	993	Unknown	no strings	33
00c05b10	993	Unknown	no strings	39
00c0a070	993	Unknown	no strings	39
01bcf5e0	993	Unknown	no strings	29
01c001a0	993	MUMultiTrackHeaderViewController	1 strings	30
01c73f70	993	Unknown	no strings	38
000ea4c0	992	MUMultiTrackView	1 strings	27
009a9e88	992	Unknown	no strings	6
00a44880	992	Unknown	no strings	6
00cae4c0	992	Unknown	no strings	48
00cd59f0	992	Unknown	no strings	30
00a2cf58	991	Unknown	no strings	10
00c9e140	991	Unknown	1 strings	25
008ed030	990	Unknown	no strings	6
00bfeab0	990	Unknown	no strings	39
00c06f30	990	Unknown	no strings	39
019c2380	990	Unknown	no strings	28
01efb640	990	Unknown	no strings	17
00248dc0	989	Unknown	no strings	34
00249410	989	Unknown	no strings	34
00cae8f0	989	Unknown	no strings	45
012f7f50	989	MULSSGenerator	1 strings	24
016e4c80	989	Unknown	no strings	33
00248780	988	Unknown	no strings	34
006d3140	988	MDMetaWindowController	1 strings	25
009411fc	988	Unknown	3 strings	9
00d44b00	988	Unknown	no strings	17
00a98ec4	987	Unknown	no strings	5
01a70580	987	Unknown	no strings	27
01b63c50	987	Unknown	no strings	31
01dbd5a0	987	Unknown	no strings	21
00295470	986	Unknown	no strings	28
009256c4	986	Unknown	1 strings	5
00ccbd90	986	Unknown	1 strings	27
01948420	986	Unknown	no strings	31
01b8f350	986	Unknown	no strings	42
00b5e5b0	985	GNMidiFile	9 strings	32
01b09b80	985	GNEvent	1 strings	28
00c11eb0	984	Unknown	no strings	39
00dc2ff0	984	GNDate	3 strings	17
00fc2650	984	Unknown	1 strings	1
012a6b90	984	Unknown	no strings	1
00a22196	983	Unknown	no strings	12
00a238c4	983	Unknown	no strings	12
00a26532	983	Unknown	no strings	12
00a27b88	983	Unknown	no strings	12
00a2a906	983	Unknown	no strings	12
00a2c030	983	Unknown	no strings	12
00a308ba	983	Unknown	no strings	12
00a32062	983	Unknown	no strings	12
00a336e2	983	Unknown	no strings	12
00a34e48	983	Unknown	no strings	12
00a37cfe	983	Unknown	no strings	12
00a3ab90	983	Unknown	no strings	12
00a3c308	983	Unknown	no strings	12
00a3da34	983	Unknown	no strings	12
010b2220	983	Unknown	1 strings	1
012ead00	983	Unknown	no strings	21
01df8af0	983	GNTableColumnAssoc	1 strings	29
000ff590	982	Unknown	no strings	32
002be070	982	Unknown	no strings	29
00805090	982	Unknown	no strings	30
01719e30	982	Unknown	no strings	1
008f8d84	981	Unknown	no strings	7
00ccc820	981	Unknown	1 strings	27
0152d500	981	Unknown	no strings	23
01900ec0	981	Unknown	no strings	17
01f29460	981	Unknown	no strings	35
00d6b9a0	980	Unknown	no strings	20
0193e5c0	980	Unknown	no strings	27
01c87160	980	Unknown	no strings	35
01e72c40	980	Unknown	no strings	196
00527070	979	Unknown	no strings	32
00f715c0	979	Unknown	1 strings	6
015fa320	979	Unknown	no strings	31
017c4e20	979	Unknown	no strings	21
01900ad0	979	Unknown	no strings	17
0014df90	978	Unknown	no strings	24
00ccb310	978	Unknown	1 strings	27
017a0aa0	978	Unknown	2 strings	20
017fe120	978	Unknown	no strings	1
01873700	978	Unknown	no strings	27
00e474c0	977	Unknown	no strings	31
011ecf60	977	Unknown	no strings	36
0099ff7c	976	Unknown	3 strings	8
01396e30	976	Unknown	no strings	34
01902690	976	Unknown	no strings	22
00451580	975	Unknown	no strings	22
009158c6	975	Unknown	no strings	6
00d91c00	975	Unknown	no strings	30
01ca2090	975	Unknown	no strings	35
01de0270	975	Unknown	no strings	30
009d508e	974	Unknown	1 strings	11
011e69a0	974	Unknown	1 strings	21
01819c10	974	Unknown	no strings	26
01c35730	974	Unknown	no strings	28
01c6f360	974	Unknown	no strings	34
018e4ec0	973	MUCTCandidateChord	1 strings	21
00adcfd0	972	TSocket	2 strings	5
015b8f00	972	Unknown	no strings	6
0060a300	971	Unknown	no strings	20
004b8a50	970	Unknown	8 strings	35
009e0216	970	Unknown	2 strings	18
00aaf336	970	Unknown	no strings	3
0117d5b0	970	MUNoteMappingState	1 strings	27
015b8b30	970	Unknown	no strings	6
01a6e330	970	Unknown	no strings	33
00aeb510	969	Unknown	no strings	39
00e29210	969	Unknown	no strings	17
005e4eb0	968	MDNotificationObserver	7 strings	34
01941660	968	Unknown	no strings	29
01942050	968	Unknown	no strings	29
01954240	968	Unknown	no strings	29
01db3c20	968	Unknown	no strings	28
002bc8f0	967	MDEditorScrollView	1 strings	25
00b64180	967	Unknown	no strings	31
00e20d30	967	Unknown	no strings	28
01783fa0	967	Unknown	no strings	37
00d8e500	966	Unknown	1 strings	6
01c6fa20	966	Unknown	no strings	34
005e5dc0	965	MDNotificationObserver	10 strings	42
008f43ce	965	Unknown	no strings	2
00931d0c	965	Unknown	4 strings	20
00c33bc0	965	Unknown	no strings	32
019164b0	965	Unknown	no strings	12
01a90f20	965	Unknown	no strings	35
01b430f0	965	Unknown	no strings	24
00a6f16a	964	Unknown	no strings	11
01180ab0	964	MUNote	7 strings	25
01327070	964	Unknown	no strings	25
00e6b160	963	GNString	1 strings	28
01f6ddb0	963	Unknown	no strings	37
0015dc00	962	Unknown	no strings	22
00ca0060	962	Unknown	6 strings	24
01102d50	962	MUAudioSourceAttackItem	1 strings	19
0165cae0	962	Unknown	no strings	19
011ee630	961	Unknown	no strings	3
01e65010	961	Unknown	no strings	22
0010d0c0	960	Unknown	no strings	31
0013bc90	960	Unknown	1 strings	31
01c35eb0	960	Unknown	no strings	27
01ea2f80	960	Unknown	1 strings	24
00823ca0	959	MUTimeline	9 strings	20
00943e2a	959	Unknown	3 strings	11
00a2f0ea	959	Unknown	no strings	11
011e4dc0	959	Unknown	1 strings	21
01acf890	959	Unknown	no strings	41
01c88790	959	Unknown	no strings	41
003b1e40	958	MDExportControllerItem	4 strings	13
004a1c00	958	Unknown	no strings	26
006dd100	958	GNUni	10 strings	27
00a35d98	958	Unknown	no strings	10
00ad21c0	958	Unknown	no strings	3
00c4d830	958	GNOverloudConvolverIR	1 strings	20
0119fa70	958	MURelativeTimeProgressor	1 strings	18
011a98b0	958	MUScrubbingTimeProgressor	1 strings	18
00cba5e0	957	Unknown	no strings	32
01e18bb0	957	Unknown	no strings	27
00e83120	956	GNFastFourierTransformer	1 strings	10
012c5850	956	Unknown	no strings	21
015200c0	956	MUScalePitchSystem	1 strings	20
016d5ce0	956	Unknown	no strings	30
01a81d00	956	Unknown	no strings	22
01c6d4b0	956	Unknown	no strings	31
01ca29a0	956	Unknown	no strings	33
00026600	955	GNObject	7 strings	30
001221b0	955	MUAudioFileSource	1 strings	21
0057b530	955	MDLayer	1 strings	21
00cdb0d0	955	Unknown	no strings	3
014b4e50	955	Unknown	no strings	7
01bbf570	955	Unknown	no strings	28
01f7aa20	955	Unknown	no strings	30
01519e20	954	Unknown	no strings	22
0173fdf0	954	Unknown	no strings	18
000703d0	953	Unknown	2 strings	29
00f05674	953	Unknown	no strings	2
00fd7c40	952	Unknown	1 strings	1
01131d90	952	MUDecomposedAudioSignalCopyRegion	1 strings	20
01346520	952	Unknown	no strings	22
0142c440	952	MUBezierFunctionPoint	1 strings	17
0038f280	951	Unknown	no strings	10
00915cfe	951	Unknown	12 strings	6
00bf7ca0	951	GNData	1 strings	21
00daf570	951	Unknown	1 strings	26
0164e420	951	Unknown	no strings	27
01cc1c20	951	Unknown	no strings	15
01dafaa0	950	GNString	3 strings	25
01dea240	950	Unknown	no strings	22
00225280	949	Unknown	no strings	30
00347e50	949	Unknown	no strings	30
00490b50	949	MUAudioFileSource	2 strings	22
00b34ce0	949	Unknown	no strings	16
014b2ee0	949	Unknown	no strings	2
01911c40	949	Unknown	2 strings	36
019aa7b0	949	Unknown	no strings	18
00b324d0	948	Unknown	3 strings	24
01c73310	948	Unknown	no strings	35
000fbb00	947	MDSystemLoadView	1 strings	18
004a11d0	947	Unknown	no strings	29
00e901e0	947	Unknown	no strings	15
0193f9b0	947	Unknown	no strings	22
01cb80c0	947	Unknown	no strings	22
01246820	946	Unknown	1 strings	30
01900710	946	Unknown	no strings	17
01b6d110	946	Unknown	no strings	28
01bf4a10	946	MUMultiTrackView	1 strings	24
01ed9200	946	Unknown	no strings	16
003a1a90	945	Unknown	no strings	27
00b69850	945	Unknown	no strings	15
008c5ce8	944	Unknown	no strings	6
0131a710	944	Unknown	no strings	20
019c6d40	944	Unknown	no strings	29
011f70a0	943	MUPulseAssignmentTarget	1 strings	19
0135e480	943	Unknown	no strings	26
016a92a0	943	GNPropertyObserver	2 strings	17
016b24e0	943	Unknown	6 strings	28
016b66d0	943	Unknown	6 strings	28
0170a890	943	GNList	4 strings	14
00882eb0	942	MDMetaWindowController	1 strings	30
01239760	942	MUAudioEffectRenderProcessorIdentifier	1 strings	19
0168f150	942	MUAraModelManager	6 strings	42
01750710	942	Unknown	no strings	25
01beeeb0	942	Unknown	no strings	33
01e29c40	942	Unknown	no strings	34
01f29080	942	Unknown	6 strings	21
0062a580	941	Unknown	no strings	33
007ff930	941	Unknown	6 strings	25
00a28a88	941	Unknown	no strings	10
011614e0	941	GNRect	10 strings	41
01d01000	941	Unknown	6 strings	25
01d27270	941	GNMultipleValue	1 strings	22
00516d30	940	Unknown	no strings	38
00c801f0	940	Unknown	no strings	29
00e944a0	940	Unknown	no strings	24
0006bed0	939	Unknown	no strings	26
010401a0	939	Unknown	6 strings	1
01c2e8c0	939	Unknown	no strings	33
00b32d70	938	Unknown	no strings	1
01788a10	938	Unknown	no strings	30
01d06f70	938	Unknown	no strings	33
0078b1d0	937	Unknown	no strings	25
015be040	937	Unknown	no strings	21
010cc290	936	Unknown	1 strings	5
017281b0	936	Unknown	no strings	36
019f3af0	936	Unknown	no strings	19
0025fab0	935	Unknown	no strings	39
00a38c88	935	Unknown	no strings	10
0176a580	935	Unknown	no strings	16
00193b60	934	GNUni	9 strings	26
005e4870	934	MDWorkspaceView	7 strings	22
007649a0	934	MUElementAnalyzer	1 strings	30
007ab0a0	934	GNAudioProcessorEvent	1 strings	19
00b810f0	934	Unknown	no strings	24
00d61870	934	Unknown	no strings	20
0100bae0	934	Unknown	no strings	1
0196d600	934	Unknown	no strings	33
01d827c0	934	Unknown	no strings	31
01e49f80	934	Unknown	no strings	14
005ded10	933	GNPropertyObserver	3 strings	23
0086a790	933	MUElement	9 strings	25
016c0400	933	Unknown	3 strings	27
004b5d70	932	Unknown	no strings	22
00c0ea10	932	Unknown	no strings	20
0123a4e0	932	Unknown	1 strings	27
01320f50	932	Unknown	no strings	29
002be930	931	Unknown	no strings	28
002cbf40	931	Unknown	no strings	33
0093a0f8	931	Unknown	4 strings	30
00acbcf0	931	Unknown	no strings	1
00b4ab30	931	Unknown	no strings	31
017770f0	931	GNUni	9 strings	27
01876c50	931	Unknown	no strings	35
008406f0	929	GNBrowserDataSource	2 strings	19
017906e0	929	Unknown	no strings	27
019da460	929	Unknown	no strings	17
01d585e0	929	Unknown	no strings	34
00d48d20	928	Unknown	3 strings	27
01203460	928	MUBarSignatureMapItem	1 strings	19
0165de10	928	Unknown	no strings	16
01774300	928	Unknown	no strings	17
0181fe10	928	Unknown	no strings	28
0191af90	928	GNString	1 strings	29
001baad0	927	GNUni	8 strings	24
004b3c80	927	MDWorkspaceView	1 strings	22
00aaf772	927	Unknown	12 strings	3
00ab2a62	927	Unknown	10 strings	34
00c659d0	927	Unknown	no strings	6
00f6fa40	927	Unknown	1 strings	5
0124e860	927	MUAudioFileSource	1 strings	12
0180ff60	927	MUPitchMapper	1 strings	19
01c31df0	927	Unknown	no strings	34
00349a20	926	MDEditorViewController	1 strings	24
007c58f0	926	GNSymmetricFIRFilter	1 strings	18
008f4812	926	Unknown	12 strings	2
00967000	926	Unknown	no strings	1
00aab676	926	Unknown	11 strings	3
00efb761	926	Unknown	no strings	1
01b1c920	926	Unknown	no strings	31
00542220	925	Unknown	no strings	14
013f82a0	925	Unknown	no strings	23
01dc94d0	925	Unknown	no strings	30
005201d0	924	Unknown	no strings	24
00a6cdd8	924	Unknown	10 strings	34
00ab0bfa	924	Unknown	10 strings	34
00ab1cfa	924	Unknown	10 strings	34
00b21ea0	924	Unknown	no strings	17
00e37290	924	Unknown	no strings	34
01a296f0	924	Unknown	no strings	32
002533b0	923	Unknown	no strings	27
0090f500	923	Unknown	no strings	6
00995264	923	Unknown	no strings	6
009c5364	923	Unknown	no strings	6
00a20490	923	Unknown	no strings	6
00aa552a	923	Unknown	11 strings	3
00aba092	923	Unknown	no strings	6
01e01250	923	Unknown	no strings	30
00946562	922	Unknown	9 strings	39
0096761c	922	Unknown	no strings	1
00c45b00	922	GNOverloudCompressor	1 strings	18
00d99300	922	Unknown	no strings	13
00d99d60	922	Unknown	no strings	13
01a71c20	922	Unknown	no strings	21
008dba22	921	Unknown	11 strings	4
008f26c4	921	Unknown	10 strings	34
0091b3e8	921	Unknown	10 strings	34
009d1e98	921	Unknown	no strings	6
00ab3780	921	Unknown	10 strings	34
00bfc1b0	921	GNOverloudParametricEQView	1 strings	33
01b1b740	921	Unknown	no strings	24
00326520	920	Unknown	no strings	11
004a7d00	920	MUAudioFileSource	1 strings	21
00d3c3b0	920	Unknown	no strings	25
01e71840	920	Unknown	no strings	20
008feee4	919	Unknown	no strings	2
00c7f160	919	Unknown	no strings	37
00334b30	918	Unknown	no strings	26
00ca2310	918	Unknown	no strings	27
010ef780	918	MUAnalyzedBeat	1 strings	19
012c2190	918	Unknown	no strings	15
01db0610	918	GNSnapContext	1 strings	19
00577460	917	MDElementInsp	1 strings	25
00ab21ae	917	Unknown	no strings	4
00dd0c80	917	Unknown	no strings	32
00644ba0	916	Unknown	no strings	31
007adf20	916	GNAudioTimeStamp	1 strings	18
00a24858	916	Unknown	no strings	10
00b25f20	916	Unknown	no strings	21
00f308c0	916	Unknown	2 strings	7
010c6720	916	Unknown	7 strings	1
0193d7c0	916	Unknown	no strings	21
01ea7310	916	GNFont	4 strings	11
0023e360	915	Unknown	no strings	26
00b36c50	915	Unknown	no strings	28
017dd520	915	Unknown	no strings	5
01d4b0a0	915	Unknown	no strings	29
00ab0368	914	Unknown	no strings	4
00ab1468	914	Unknown	no strings	4
00ab2f02	914	Unknown	no strings	4
00d069a0	914	GNList	1 strings	18
01aa1bf0	914	Unknown	no strings	23
01d70eb0	914	GNMultipleValue	2 strings	19
01df7770	914	Unknown	no strings	30
01e62e00	914	Unknown	no strings	24
0116a8f0	913	MUSpectrumShaper	8 strings	34
016b1510	913	Unknown	2 strings	21
01cf0820	913	Unknown	no strings	23
01d8c820	913	Unknown	no strings	22
00de38d0	912	Unknown	no strings	32
012e0fb0	912	Unknown	no strings	36
00273a20	911	GNUni	7 strings	30
009d6bac	911	Unknown	1 strings	9
00ae6870	911	Unknown	no strings	30
01c74ab0	911	Unknown	no strings	29
01c75020	911	Unknown	no strings	29
01f132a0	911	GNFilePath	3 strings	12
00d120b0	910	Unknown	no strings	26
00f43520	910	Unknown	1 strings	6
0152b9f0	910	Unknown	no strings	30
017181f0	910	Unknown	no strings	17
017185b0	910	Unknown	no strings	17
0043e830	909	Unknown	no strings	27
00543a00	909	Unknown	no strings	30
00f2fec0	909	Unknown	no strings	1
0119c7e0	909	GNUni	9 strings	31
01521770	909	Unknown	no strings	29
016723c0	909	Unknown	no strings	19
01672e10	909	Unknown	no strings	19
01b926b0	909	Unknown	1 strings	30
01bc99b0	909	Unknown	no strings	28
002d3710	908	MDProjectAudioSource	2 strings	24
00f62480	908	Unknown	3 strings	3
01a82400	908	Unknown	no strings	22
01aa8960	908	Unknown	no strings	23
01070d10	907	Unknown	1 strings	1
00136020	906	Unknown	no strings	1
00349fa0	906	Unknown	no strings	31
0088b06e	906	Unknown	no strings	7
00acd960	906	Unknown	no strings	6
00cc8de0	906	Unknown	2 strings	32
01a08e50	906	Unknown	no strings	29
01dd3d20	906	Unknown	no strings	22
000efd20	905	MDMetaWindowController	1 strings	19
00bc7190	905	Unknown	no strings	21
0142b3c0	905	MUGrooveBasedGrooveAssignmentEntry	1 strings	18
01badcd0	905	Unknown	no strings	30
001115a0	904	Unknown	no strings	24
00b73c70	904	Unknown	no strings	5
01256f10	904	Unknown	no strings	30
0170f8b0	904	Unknown	no strings	31
01aa9200	904	Unknown	no strings	30
01ab4480	904	Unknown	no strings	39
01e03570	904	Unknown	1 strings	32
00124e00	903	Unknown	no strings	30
008d782a	902	Unknown	no strings	4
00df3030	902	GNCompressor	1 strings	27
01199c00	902	MUPlaybackRequest	1 strings	18
0119b510	902	MUPropertyPointPitchAlternative	1 strings	18
01d8f390	902	Unknown	no strings	28
0061fbe0	901	Unknown	no strings	38
008ff2fa	901	Unknown	12 strings	2
015fc150	901	Unknown	no strings	25
0172f140	901	Unknown	no strings	26
0064cb40	900	MDDocumentViewController	1 strings	30
00abd489	900	Unknown	no strings	14
00ad99e0	900	Unknown	no strings	8
00d8b570	900	GNString	1 strings	17
0142d0b0	900	Unknown	no strings	30
0151b0b0	900	Unknown	no strings	27
01693b00	900	Unknown	1 strings	32
016f57b0	900	Unknown	no strings	23
017d74c0	900	MULoopComponentId	1 strings	18
0025d790	899	Unknown	no strings	25
0051c210	899	Unknown	no strings	34
006d7f00	899	Unknown	2 strings	16
00b41870	899	Unknown	no strings	34
00df1bf0	899	GNFileType	1 strings	20
00e86210	899	Unknown	no strings	28
01729150	899	Unknown	no strings	35
01df1e00	899	Unknown	no strings	32
0091b87c	898	Unknown	no strings	5
00946afa	898	Unknown	6 strings	29
013123c0	898	Unknown	no strings	24
0187cd90	898	MUCandidateScale	1 strings	18
01b41070	898	Unknown	no strings	27
01da4e80	898	Unknown	no strings	20
003852a0	897	GNFilePath	2 strings	19
00780680	897	Unknown	no strings	30
006db470	896	Unknown	no strings	23
007efd50	896	Unknown	no strings	33
00b49010	896	Unknown	no strings	31
00e7c8b0	896	Unknown	no strings	1
01024a10	896	Unknown	2 strings	1
01040600	896	Unknown	1 strings	4
01667210	896	Unknown	no strings	25
01716ee0	896	Unknown	no strings	1
01bfbe60	896	Unknown	no strings	30
00ae0357	895	Unknown	no strings	8
00baf170	895	Unknown	no strings	1
00e54ba0	895	Unknown	no strings	26
00fd2940	895	Unknown	no strings	3
014a08f0	895	Unknown	no strings	21
01715d80	895	Unknown	no strings	13
01ecd9a0	895	Unknown	no strings	29
002d2d30	894	Unknown	1 strings	21
003a0520	894	Unknown	no strings	19
0070b120	894	MDExportController	1 strings	26
0192e4a0	894	MUDetectionEditorView	1 strings	22
01958cf0	894	MUDetectionEditorView	1 strings	22
01b7f9c0	894	Unknown	no strings	21
01bbdb10	894	MUDetectionEditorView	1 strings	22
01cc4e70	894	Unknown	no strings	36
01dd0960	894	Unknown	no strings	13
01d67820	893	Unknown	1 strings	32
00b5dfe0	892	Unknown	no strings	36
00e84f80	892	Unknown	no strings	19
00f90b40	892	Unknown	no strings	1
01737a50	892	Unknown	no strings	29
01cc3f00	892	Unknown	no strings	21
01e6b990	892	Unknown	no strings	32
0099e28a	891	Unknown	3 strings	7
00c7b3d0	891	GNString	1 strings	16
00fcfb70	891	Unknown	no strings	3
01ec1b70	891	Unknown	no strings	29
000bd140	890	Unknown	no strings	22
006311f0	890	MDPluginWindowResizeView	1 strings	17
01aca4f0	890	Unknown	no strings	1
0096d039	889	Unknown	no strings	36
00aa7cd4	889	Unknown	no strings	3
00e87d20	889	Unknown	no strings	57
013168e0	889	Unknown	no strings	29
0011f440	888	Unknown	no strings	20
008e2572	888	Unknown	11 strings	8
00b3ca40	888	GNAudioProcessor	4 strings	11
012992a0	888	Unknown	no strings	15
01702c00	888	Unknown	no strings	22
0192a150	888	Unknown	no strings	27
01ba0110	888	Unknown	no strings	27
01ce7ee0	888	Unknown	no strings	27
01f02020	888	GNInspector	4 strings	11
00dad970	887	Unknown	no strings	26
0109a4c0	887	Unknown	1 strings	1
01c8fe40	887	Unknown	no strings	26
00d0bed0	886	Unknown	no strings	19
01a38090	886	Unknown	no strings	17
01b4c2c0	886	MUScaleBrowserItem	1 strings	27
01ece4b0	886	Unknown	no strings	36
0062aee0	885	Unknown	no strings	25
012902c0	885	Unknown	no strings	29
0152eef0	885	Unknown	no strings	24
018c18e0	884	MUTagOptionAttribute	1 strings	21
019a5c40	884	MUEditorSubview	1 strings	19
01be78a0	884	Unknown	no strings	26
00043f30	883	GNCTypeID	7 strings	18
00e8fc40	883	Unknown	no strings	5
010a0b90	883	Unknown	2 strings	2
00ca5c10	882	Unknown	2 strings	33
00d4b8e0	882	GNString	1 strings	26
0196b4b0	882	Unknown	no strings	21
01c34010	882	Unknown	no strings	31
01dc0220	882	Unknown	no strings	22
01f00d50	882	GNList	2 strings	17
01f12060	882	Unknown	no strings	17
003a2100	881	MDMetaWindowController	1 strings	21
00701620	881	Unknown	no strings	26
019c6750	881	Unknown	no strings	26
01b6f470	881	Unknown	no strings	20
01c44e90	881	Unknown	no strings	30
002eb350	880	Unknown	no strings	29
0048b260	880	MDMetaWindowController	1 strings	22
00521f90	880	Unknown	no strings	27
006221a0	880	Unknown	no strings	36
01edc770	880	Unknown	no strings	29
0025c780	879	Unknown	no strings	29
00483b30	879	Unknown	no strings	21
009838fa	879	Unknown	3 strings	5
012c8a40	879	Unknown	no strings	23
01f125d0	879	Unknown	no strings	25
004f9820	878	Unknown	no strings	21
009e119c	878	Unknown	1 strings	12
00b38870	878	Unknown	no strings	2
011bbe70	878	MUTagOptionAttribute	1 strings	21
01298e30	878	Unknown	no strings	24
018d7dd0	878	Unknown	1 strings	28
008c3418	877	Unknown	no strings	6
009b5820	877	Unknown	no strings	4
009f3bce	877	Unknown	2 strings	14
00d9a5c0	877	Unknown	no strings	11
00dead60	877	GNString	1 strings	26
00e2bc60	877	Unknown	1 strings	19
017583c0	877	Unknown	no strings	25
0099effa	876	Unknown	3 strings	7
00ce84f0	876	Unknown	no strings	33
016b5830	876	Unknown	5 strings	25
017d4380	876	Unknown	no strings	18
01f3a020	876	Unknown	no strings	30
00098b00	875	Unknown	1 strings	31
008ddc52	875	Unknown	no strings	5
00e85930	875	GNObject	1 strings	30
01259dc0	875	Unknown	1 strings	26
019801c0	875	Unknown	no strings	25
00997d84	874	Unknown	3 strings	7
00f6adc0	874	Unknown	10 strings	1
01bd1950	874	Unknown	no strings	29
01237b00	873	Unknown	no strings	25
016b84b0	873	Unknown	5 strings	25
016b8970	873	Unknown	3 strings	19
017dce10	873	Unknown	no strings	18
0193d2c0	873	Unknown	no strings	31
01a40b30	873	Unknown	no strings	25
00efc4dd	872	Unknown	no strings	4
014b25b0	872	Unknown	no strings	7
01538370	872	Unknown	no strings	13
01d32180	872	Unknown	no strings	25
01d7ad50	872	GNMultipleValue	2 strings	18
01d800a0	872	Unknown	no strings	10
00770390	871	Unknown	2 strings	33
00aa90a6	871	Unknown	11 strings	3
00e978d0	871	GNError	3 strings	35
016d0130	871	Unknown	no strings	26
01d7c790	871	Unknown	no strings	31
0099918a	870	Unknown	3 strings	7
01f53f00	870	Unknown	no strings	16
006ffef0	869	Unknown	no strings	33
0099aa36	869	Unknown	3 strings	7
0099b9f2	869	Unknown	4 strings	15
00c364b0	869	Unknown	no strings	23
012e5b20	869	MULSSGenerator	1 strings	24
01c707d0	869	MUBeatSelection	1 strings	27
00bbcce0	868	Unknown	no strings	38
00cd94d0	868	Unknown	no strings	26
010bbbe0	868	Unknown	17 strings	4
011f83a0	868	Unknown	no strings	28
01c11d00	868	Unknown	no strings	32
009e8ed4	867	Unknown	2 strings	13
01c76410	867	Unknown	no strings	31
01e51440	867	Unknown	no strings	25
00498b30	866	Unknown	no strings	38
00cfc910	866	GNSocket	12 strings	4
015b4130	866	Unknown	no strings	23
018c1400	866	MUTagOptionAttribute	1 strings	21
01dae3c0	866	GNMultipleValue	2 strings	19
002c3060	865	Unknown	no strings	19
0064fb00	865	Unknown	no strings	24
0099b5b2	865	Unknown	3 strings	7
00ad9540	865	Unknown	no strings	30
010a54b0	865	Unknown	no strings	2
01652170	865	Unknown	no strings	27
01d08b50	865	Unknown	no strings	29
002e46e0	864	MDMetaWindowController	1 strings	18
008f16c6	864	Unknown	11 strings	2
00c5ffd0	864	Unknown	no strings	26
00d126a0	864	Unknown	no strings	23
015c6350	864	MUSpectralTimeSlice	1 strings	5
01c78b10	864	Unknown	no strings	27
002915a0	863	Unknown	no strings	35
002ee280	863	Unknown	no strings	23
00377230	863	MDFileBrowserItemControl	1 strings	17
003bb820	863	MDMetaWindowController	1 strings	20
008be33e	863	Unknown	no strings	4
0098f2e0	863	Unknown	no strings	9
00cf2b40	863	GNCFFReader	1 strings	18
00d140d0	863	Unknown	no strings	21
00e658e0	863	Unknown	no strings	33
012b9080	863	Unknown	no strings	36
01e20270	863	Unknown	no strings	22
000a0cb0	862	GNInspector	1 strings	21
002a6470	862	Unknown	no strings	22
009149ec	862	Unknown	9 strings	31
009978a6	862	Unknown	no strings	2
00999d1a	862	Unknown	3 strings	7
009fa4cc	862	Unknown	no strings	4
00e42bc0	862	Unknown	no strings	23
014eccd0	862	Unknown	no strings	12
0173f680	862	Unknown	no strings	24
01f969f0	862	Unknown	no strings	28
00836810	861	MUHorizontalOverviewScroller	1 strings	15
00cd7610	861	Unknown	no strings	18
015b6740	860	Unknown	no strings	22
0165b8b0	860	Unknown	no strings	31
01dba5d0	860	Unknown	no strings	31
00986f16	859	Unknown	8 strings	30
0102cbb0	859	Unknown	no strings	1
01d23090	859	Unknown	no strings	35
009fa172	858	Unknown	no strings	4
009008e0	857	Unknown	10 strings	31
00900c88	857	Unknown	no strings	2
0099d642	857	Unknown	3 strings	7
01e4e1c0	857	Unknown	no strings	23
006559b0	856	Unknown	no strings	22
00987326	856	Unknown	6 strings	24
00df0b40	856	Unknown	no strings	22
012e7900	856	Unknown	no strings	29
01bd9880	856	Unknown	no strings	26
01d5cff0	856	Unknown	1 strings	24
01e5a990	856	Unknown	no strings	19
003c0750	855	Unknown	no strings	42
001a7600	854	GNActionQueue	1 strings	18
005f6340	854	GNUni	8 strings	25
00cdb840	854	GNFileArchivePrivate	1 strings	18
018c28f0	854	Unknown	no strings	21
01a1bc70	854	Unknown	no strings	28
01a1c270	854	Unknown	no strings	28
0060e940	853	Unknown	no strings	28
00f30cf0	853	Unknown	2 strings	10
0031c070	852	Unknown	no strings	30
0097a140	852	Unknown	no strings	9
01367880	852	Unknown	no strings	14
01514120	852	Unknown	no strings	23
0152f340	852	Unknown	no strings	27
003a1510	851	MDMetaWindowController	1 strings	23
006f63e0	851	Unknown	no strings	30
00ca94c0	851	GNString	2 strings	17
00cc2f60	851	GNPropertyObserverRegistration	1 strings	18
010f1640	851	GNUni	9 strings	28
012d6b30	851	Unknown	no strings	26
00318bb0	850	Unknown	no strings	21
01dc1cd0	850	Unknown	no strings	30
000eef00	849	Unknown	no strings	28
002f0c60	849	Unknown	no strings	27
009d655c	849	Unknown	no strings	9
017a8f30	849	GNData	1 strings	20
01c74580	849	Unknown	no strings	26
01cf4a00	849	Unknown	no strings	32
00b365f0	848	Unknown	no strings	27
00de0040	848	GNDate	2 strings	17
01366cc0	848	Unknown	no strings	21
0142e110	848	MUSpectrumShaper	1 strings	19
01771ef0	848	Unknown	no strings	26
01d2f770	848	Unknown	no strings	23
01f0aca0	848	Unknown	no strings	30
0020de90	847	Unknown	no strings	50
002cc690	847	GNScrollView	2 strings	17
007bc3f0	847	GNSoundFileALACWriter	1 strings	17
00981130	847	Unknown	no strings	7
009997ec	847	Unknown	3 strings	7
01cf4f60	847	Unknown	no strings	24
0088a55a	846	Unknown	10 strings	4
0099c96c	846	Unknown	3 strings	7
0099ddc6	846	Unknown	3 strings	7
00e4d840	846	GNJSONGenerator	9 strings	19
01243840	846	Unknown	no strings	23
01c88ce0	846	Unknown	no strings	26
01d069b0	846	Unknown	no strings	31
001dead0	845	GNOutlineViewDataSource	4 strings	13
002aeac0	845	Unknown	no strings	23
007843e0	845	Unknown	no strings	21
00914600	845	Unknown	no strings	7
0093ee92	845	Unknown	12 strings	36
009c0852	845	Unknown	2 strings	7
010bdd90	845	Unknown	5 strings	1
016d4110	845	Unknown	no strings	29
01d77040	845	Unknown	no strings	33
01d7bb00	845	Unknown	no strings	33
00236500	844	Unknown	no strings	24
008844d0	844	MDVolumeSlider	1 strings	29
00da35e0	844	Unknown	no strings	1
014ec330	844	Unknown	no strings	24
01665fa0	844	Unknown	no strings	33
01666660	844	Unknown	no strings	33
01ea56e0	844	Unknown	no strings	22
0027e3a0	843	Unknown	no strings	29
009989aa	843	Unknown	3 strings	7
00aaa448	843	Unknown	no strings	4
00e2fbf0	843	Unknown	no strings	29
014a3550	843	Unknown	no strings	5
01500890	843	Unknown	no strings	29
01e3c530	843	Unknown	no strings	17
01910500	842	GNList	5 strings	19
01ba2d00	842	Unknown	no strings	24
00b9d480	841	Unknown	no strings	17
00e31a80	841	Unknown	no strings	25
012988e0	841	Unknown	no strings	27
015f8940	841	Unknown	no strings	9
01a045b0	841	Unknown	no strings	27
01a89570	841	Unknown	no strings	27
01c30540	841	Unknown	no strings	27
01c39c50	841	Unknown	no strings	27
01d2c5c0	841	Unknown	no strings	21
002e9d80	840	MDAudioTrackItem	1 strings	22
0065ac20	840	MDMetaWindowController	1 strings	21
0092cc22	840	Unknown	3 strings	17
01659860	840	Unknown	no strings	30
019b8500	840	Unknown	no strings	18
01aae300	840	Unknown	no strings	25
01c04130	840	MUMultiTrackDropTarget	1 strings	17
01f7a2d0	840	Unknown	no strings	35
00467c50	839	MDMetaWindowController	1 strings	23
007538d0	839	Unknown	no strings	28
00fc22d0	839	Unknown	1 strings	1
0104db40	839	Unknown	no strings	1
00362b80	838	Unknown	no strings	28
00b7b8b0	838	Unknown	no strings	29
00e94c80	838	Unknown	3 strings	28
010bcdc0	838	Unknown	4 strings	1
01484480	838	Unknown	no strings	17
019a9c40	838	Unknown	no strings	13
01e4a630	838	Unknown	no strings	10
0062d8e0	837	Unknown	no strings	35
00dfd400	837	Unknown	no strings	30
00e6f880	837	GNList	2 strings	18
010599e0	837	Unknown	2 strings	1
012205a0	837	Unknown	no strings	19
01bb3300	837	Unknown	no strings	24
00240730	836	MDTestValuesController	1 strings	23
00c885b0	836	Unknown	1 strings	20
01011230	836	Unknown	1 strings	1
012f9cd0	836	Unknown	no strings	24
01c76920	836	Unknown	no strings	30
01dec210	836	Unknown	no strings	24
0003ee50	835	GNFile	1 strings	16
0099a5e4	835	Unknown	3 strings	7
0099bd58	835	Unknown	3 strings	7
0099c15c	835	Unknown	3 strings	7
0099c568	835	Unknown	3 strings	7
0099ce04	835	Unknown	3 strings	7
0099d21a	835	Unknown	3 strings	7
0099f76c	835	Unknown	3 strings	7
0099fb70	835	Unknown	3 strings	7
009a070e	835	Unknown	3 strings	7
009a0b12	835	Unknown	3 strings	7
009a0f16	835	Unknown	3 strings	7
009a131a	835	Unknown	3 strings	7
009a171e	835	Unknown	3 strings	7
009a1b22	835	Unknown	3 strings	7
012f4d80	835	Unknown	no strings	23
016b38f0	835	Unknown	5 strings	23
01aef630	835	Unknown	no strings	30
01b18590	835	Unknown	no strings	26
01d57aa0	835	GNMultipleValue	2 strings	17
005fa9b0	834	MDWorkspaceTabHeaderViewItem	1 strings	17
00ba1e20	834	Unknown	no strings	14
00e30120	834	Unknown	no strings	29
0195c420	834	Unknown	no strings	27
01bb72b0	834	Unknown	no strings	27
01c8f960	834	Unknown	no strings	24
008c9134	833	Unknown	no strings	4
008dcb6c	833	Unknown	no strings	6
00b706d0	833	Unknown	no strings	16
0173f250	833	Unknown	no strings	26
01aaed70	833	Unknown	no strings	18
01e02540	833	GNModuleView	1 strings	24
01e2f200	833	Unknown	no strings	21
01e53570	833	Unknown	no strings	28
008eb04e	832	Unknown	10 strings	2
0099856a	832	Unknown	3 strings	7
00d276b0	832	Unknown	1 strings	28
00fc1f70	832	Unknown	1 strings	3
01306840	832	Unknown	no strings	25
019e80a0	832	Unknown	no strings	20
01a82870	832	Unknown	no strings	24
01a83c00	832	Unknown	no strings	24
0015d630	831	Unknown	no strings	19
0023d980	831	Unknown	no strings	26
00657180	831	Unknown	no strings	26
00aa80ba	831	Unknown	11 strings	3
00d099c0	831	GNData	3 strings	12
00d76d10	831	Unknown	no strings	25
015bdbb0	831	Unknown	no strings	18
0170ff60	831	Unknown	no strings	26
017163f0	831	Unknown	no strings	13
01759b20	831	Unknown	no strings	27
0176ef50	831	Unknown	no strings	21
01a04b90	831	Unknown	no strings	27
01a89b50	831	Unknown	no strings	27
01c30b20	831	Unknown	no strings	27
01c3a230	831	Unknown	no strings	27
000278b0	830	GNProperty	1 strings	21
008b5092	830	Unknown	no strings	3
00b6d8e0	830	Unknown	no strings	24
00e4cf10	830	GNJSONGenerator	10 strings	21
0134bda0	830	Unknown	no strings	22
0177b180	830	Unknown	no strings	31
0177b750	830	Unknown	no strings	31
0177bd20	830	Unknown	no strings	31
0177c2f0	830	Unknown	no strings	31
01b18f00	830	Unknown	no strings	22
01c70210	830	Unknown	no strings	34
01d96800	830	Unknown	no strings	14
01d03340	829	GNMenu	1 strings	21
01d701d0	829	Unknown	no strings	20
0034a5d0	828	Unknown	no strings	30
00998222	828	Unknown	5 strings	25
00fbaa70	828	Unknown	16 strings	1
006fcaf0	827	Unknown	no strings	27
00c6def0	827	Unknown	no strings	22
00d68ce0	827	Unknown	no strings	22
01251eb0	827	Unknown	no strings	12
014f3ed0	827	Unknown	no strings	21
015f9f10	827	Unknown	no strings	15
019aae50	827	Unknown	no strings	21
01e6ad10	827	Unknown	2 strings	22
01742740	826	Unknown	no strings	24
01742ce0	826	Unknown	no strings	24
01d21380	826	Unknown	no strings	24
00009570	825	GNLicenseActivationDataDecryptor	3 strings	17
0098ca80	825	Unknown	no strings	1
00ac0de2	825	Unknown	4 strings	11
00ac62d0	825	Unknown	no strings	15
01912630	825	Unknown	1 strings	26
00549e60	824	Unknown	no strings	31
0076f670	824	Unknown	no strings	25
007b7bf0	824	GNAudioSampleFormat	9 strings	4
012a8950	824	Unknown	no strings	2
01bb7880	824	Unknown	no strings	27
01efbe80	824	Unknown	no strings	28
00b29730	823	Unknown	no strings	33
00d3b530	823	Unknown	no strings	23
00d3d240	823	Unknown	no strings	23
00e41520	823	GNLocalizationTarget	1 strings	25
010162c0	823	Unknown	1 strings	1
017955a0	823	GNUni	9 strings	34
00be6700	822	Unknown	1 strings	21
0108e640	822	Unknown	no strings	1
01c5c620	822	Unknown	no strings	32
000ba700	821	Unknown	no strings	31
01d9cc80	821	Unknown	no strings	22
01d9d1f0	821	Unknown	no strings	22
01dba1f0	821	GNTableColumnAssoc	2 strings	17
01e5e740	821	Unknown	no strings	34
01f99d80	821	Unknown	14 strings	1
007c6620	820	GNInt	8 strings	18
00b7f240	820	Unknown	no strings	25
013f5f90	820	Unknown	no strings	25
01dfebd0	820	Unknown	no strings	17
01f44ac0	820	Unknown	no strings	26
006d3710	819	Unknown	no strings	26
008dd2f8	819	Unknown	9 strings	30
01786580	819	Unknown	1 strings	26
019a68b0	819	MUEditorSubview	1 strings	15
01c35270	819	Unknown	no strings	16
001c6ac0	818	GNDrawPath	1 strings	15
00835de0	818	GNUni	7 strings	24
0094c3f0	818	Unknown	no strings	10
00cfc320	818	GNUni	8 strings	18
01bd0660	818	MUSpectrumShaper	1 strings	24
0038cc50	817	Unknown	no strings	14
0071a2c0	817	Unknown	no strings	36
00919540	817	Unknown	6 strings	2
0093890a	817	Unknown	11 strings	33
00c26750	817	Unknown	no strings	21
00efcddc	817	Unknown	1 strings	2
01791360	817	Unknown	no strings	11
0183d890	817	Unknown	no strings	23
01f81010	817	Unknown	no strings	25
0063f230	816	Unknown	no strings	26
01183b10	816	MUPart	8 strings	26
01266770	816	Unknown	no strings	18
01c638f0	816	Unknown	no strings	34
000756d0	815	MUMultiTrackHeaderViewController	1 strings	21
008d82ee	815	Unknown	no strings	7
00aa4288	815	Unknown	no strings	3
00dc07c0	815	Unknown	no strings	26
015fd450	814	Unknown	no strings	16
018b9bc0	814	GNString	5 strings	19
01998b60	814	Unknown	no strings	25
004a21b0	813	Unknown	no strings	18
006cff00	813	MULSSGenerator	1 strings	22
008b585e	813	Unknown	9 strings	30
008c727a	813	Unknown	9 strings	30
008c8d3a	813	Unknown	9 strings	30
0091a660	813	Unknown	9 strings	30
0094ba79	813	Unknown	no strings	10
00aaacca	813	Unknown	9 strings	30
00bd5410	813	Unknown	no strings	17
00c83bf0	813	Unknown	no strings	23
01964590	813	Unknown	no strings	19
019a9050	813	Unknown	no strings	20
00059a60	812	GNRunLoopObserver	1 strings	16
0006a130	812	MDAudioTrackItem	1 strings	23
0097f1da	812	Unknown	no strings	5
00b12270	812	GNUni	6 strings	20
012c3160	812	Unknown	no strings	21
016cf050	812	Unknown	no strings	18
017e50e0	812	Unknown	no strings	21
0195bf50	812	Unknown	no strings	25
01a675b0	812	Unknown	no strings	23
01b8db70	812	MUDetectionActivationSlider	1 strings	12
004a3af0	811	MUAudioFileSource	1 strings	17
00801f60	811	Unknown	no strings	28
0101c930	811	Unknown	2 strings	1
01b18b60	811	Unknown	no strings	22
01c96430	811	Unknown	no strings	27
01e7d160	811	GNUni	4 strings	37
002641f0	810	Unknown	no strings	29
00264660	810	Unknown	no strings	29
0053fd80	810	MURenderSliceTimeContext	1 strings	15
00b7d310	810	Unknown	no strings	33
00df1060	810	Unknown	no strings	29
00e3d570	810	Unknown	no strings	4
012e7fb0	810	Unknown	no strings	27
016d1460	810	Unknown	no strings	23
0191ce40	810	Unknown	no strings	26
007cb380	809	Unknown	no strings	28
00b90b60	809	Unknown	no strings	1
01e9eb30	809	GNMultipleValue	2 strings	15
002c54d0	808	Unknown	no strings	13
00992af2	808	Unknown	6 strings	31
017a7040	808	GNString	2 strings	22
000bff70	807	Unknown	no strings	24
002bceb0	807	MDEditorScrollView	1 strings	19
009f0cbe	807	Unknown	no strings	2
00d51840	807	Unknown	no strings	15
01266b80	807	Unknown	no strings	18
01948a20	807	Unknown	no strings	23
01a31a80	807	Unknown	no strings	29
01e3cb60	807	Unknown	no strings	11
01e9efa0	807	Unknown	no strings	34
001b5060	806	GNUni	10 strings	23
00901056	806	Unknown	11 strings	2
00bc7570	806	Unknown	no strings	10
00cb9a00	806	Unknown	no strings	23
016b7d40	806	Unknown	5 strings	23
01b15110	806	Unknown	no strings	25
01bcb080	806	Unknown	no strings	28
01dbe380	806	Unknown	no strings	18
01f54830	806	Unknown	2 strings	27
0034af00	805	MDMetaWindowController	1 strings	17
004ba0d0	805	GNString	1 strings	25
01cfd290	805	Unknown	no strings	24
004566f0	804	Unknown	no strings	24
008bccf0	804	Unknown	9 strings	29
00ac8330	804	Unknown	no strings	4
01cec4a0	804	Unknown	no strings	21
00a645b4	803	Unknown	no strings	4
00c34160	803	Unknown	no strings	19
00cb2d80	803	Unknown	no strings	31
011b1ff0	803	MUSpectrumShaper	1 strings	15
019f5e40	803	MUAudioSourceAttackItem	1 strings	15
00553810	802	MDActivityDiagramView	1 strings	17
008bc706	802	Unknown	no strings	5
017ce460	802	Unknown	no strings	24
019003c0	802	Unknown	no strings	15
01d3ce20	802	Unknown	no strings	30
008c58ee	801	Unknown	9 strings	29
00dcf910	801	Unknown	3 strings	14
00e31de0	801	Unknown	no strings	23
01677060	801	GNUni	8 strings	21
01a19df0	801	Unknown	no strings	25
01ecc1e0	801	Unknown	no strings	19
000ef7c0	800	Unknown	no strings	32
0044be80	799	Unknown	no strings	29
009915be	799	Unknown	5 strings	31
01b4cd30	799	Unknown	no strings	17
01d62660	799	Unknown	no strings	30
001fb4b0	798	GNWindow	8 strings	32
01523040	798	Unknown	no strings	19
015fe030	798	Unknown	no strings	14
01704310	798	Unknown	no strings	5
01ada2c0	798	Unknown	no strings	22
01edad20	798	Unknown	no strings	20
0060dd80	797	Unknown	no strings	18
00988b32	797	Unknown	4 strings	9
00fe2a10	797	Unknown	1 strings	1
012c2b70	797	Unknown	no strings	15
017aa660	797	Unknown	1 strings	29
01da59a0	797	Unknown	no strings	23
0009ddd0	796	Unknown	no strings	27
004fdeb0	796	Unknown	no strings	29
009128e4	796	Unknown	no strings	20
00d2fe60	796	Unknown	no strings	4
00d6c3d0	796	Unknown	no strings	22
00f9df19	796	Unknown	no strings	1
01bfca80	796	Unknown	no strings	23
0010cbb0	795	Unknown	no strings	24
00d69a70	795	Unknown	no strings	17
00e269c0	795	Unknown	no strings	20
016b4a70	795	Unknown	4 strings	17
000ebf80	794	Unknown	no strings	26
00551070	794	Unknown	no strings	22
0096fa62	794	Unknown	no strings	9
00d4f200	794	GNUni	5 strings	12
00d4f570	794	GNUni	5 strings	12
00e47ce0	794	Unknown	no strings	23
01a99670	794	Unknown	no strings	22
0051be00	793	Unknown	no strings	24
00b4b300	793	Unknown	no strings	18
0124f820	793	Unknown	no strings	35
018060a0	793	Unknown	no strings	18
0197e990	793	Unknown	no strings	27
01b0a160	793	Unknown	no strings	16
002cd6f0	792	Unknown	no strings	26
00456b80	792	Unknown	no strings	24
006f41e0	792	Unknown	no strings	37
00b0e240	792	GNMidiEvent	7 strings	22
00bc1160	792	Unknown	no strings	29
00c620d0	792	GNPopUpButton	1 strings	24
016f28b0	792	Unknown	no strings	27
01950bb0	792	Unknown	no strings	22
01cb4790	792	Unknown	no strings	27
01dbcf20	792	Unknown	no strings	18
01e11b30	792	Unknown	no strings	28
002aa330	791	MDMetaWindowController	1 strings	19
0060f290	791	GNFilePath	2 strings	17
00772060	791	Unknown	no strings	33
009f7870	791	Unknown	no strings	4
015fdc20	791	Unknown	no strings	12
016577d0	791	Unknown	no strings	27
018c5590	791	Unknown	no strings	21
01b8ca00	791	MUAudioSourcePrincipalItem	1 strings	21
01c39580	791	MUAudioSourcePrincipalItem	1 strings	21
01d75460	791	Unknown	no strings	26
01f618c0	791	GNDictionary	1 strings	16
00240260	790	Unknown	no strings	32
005ba230	790	GNUni	8 strings	20
007eb9c0	790	GNModuleView	1 strings	23
01979d80	790	Unknown	no strings	19
01a7fb40	790	Unknown	no strings	20
01ecc740	790	Unknown	no strings	16
01f0c0c0	790	Unknown	no strings	23
0003e610	789	GNFastFourierTransformer	1 strings	14
0082bdb0	789	MUDisplayTimeMapperGridLine	1 strings	15
009e89dc	789	Unknown	no strings	20
014d5a80	789	MUAudioSourcePrincipalItem	1 strings	13
017cf650	789	Unknown	no strings	23
005de2a0	788	MDPluginWindowResizeView	1 strings	14
00ac71d0	788	Unknown	no strings	3
008c5314	787	Unknown	no strings	6
009f748a	787	Unknown	no strings	4
00e2f480	787	Unknown	no strings	14
010b0f90	787	Unknown	no strings	3
012a1a90	787	Unknown	no strings	20
0140e440	787	Unknown	no strings	37
01778610	787	Unknown	no strings	27
01922920	787	Unknown	no strings	30
003bef50	786	MDAudioTrackHeaderViewController	1 strings	22
00e89400	786	Unknown	no strings	28
012eb7d0	786	Unknown	no strings	25
017e82b0	786	Unknown	no strings	27
0006a850	785	Unknown	no strings	20
009b93be	785	Unknown	no strings	7
00adb250	785	Unknown	3 strings	15
00c6a000	785	Unknown	1 strings	19
00e15ce0	785	Unknown	no strings	30
00fb2110	785	Unknown	4 strings	3
012e8440	785	Unknown	no strings	19
017718e0	785	Unknown	no strings	21
002c95a0	784	Unknown	no strings	15
00a6c84e	784	Unknown	9 strings	3
00b757a0	784	Unknown	no strings	21
00d6de90	784	Unknown	no strings	32
010709f0	784	Unknown	1 strings	1
0165d320	784	Unknown	no strings	21
01d5eb20	784	Unknown	no strings	21
01eacf20	784	Unknown	no strings	13
004595e0	783	Unknown	no strings	24
0099e640	783	Unknown	4 strings	19
00acb370	783	Unknown	no strings	1
00da50e0	783	Unknown	no strings	23
019fbe00	783	Unknown	no strings	17
01eaec50	783	Unknown	no strings	23
0024d690	782	Unknown	no strings	21
010b12c0	782	Unknown	no strings	2
012591f0	782	Unknown	5 strings	21
018c77c0	782	Unknown	no strings	14
019d4170	782	Unknown	no strings	26
01eb1ad0	782	Unknown	5 strings	21
007dd2b0	781	Unknown	no strings	20
00cd4fc0	781	Unknown	no strings	18
01389a30	781	Unknown	no strings	25
01a21920	781	Unknown	no strings	22
01a59d50	781	Unknown	no strings	20
0037a2e0	780	Unknown	no strings	27
00548c70	780	Unknown	no strings	26
00d41040	780	Unknown	no strings	13
00e392f0	780	Unknown	no strings	1
012e53c0	780	Unknown	no strings	23
00f9f577	779	Unknown	no strings	1
019ab310	779	Unknown	no strings	21
01417540	778	Unknown	no strings	25
01525fb0	778	Unknown	no strings	14
016b6000	778	Unknown	4 strings	19
019f61e0	778	MUAudioSourceAttackItem	1 strings	15
01c51df0	778	Unknown	no strings	24
01e46ed0	778	Unknown	2 strings	11
00359bd0	777	Unknown	no strings	29
0057e5d0	777	GNHeartbeatHandler	2 strings	16
01e54290	777	Unknown	no strings	25
00457000	776	Unknown	no strings	22
00914024	776	Unknown	no strings	8
015bc030	776	Unknown	no strings	18
01ec9880	776	Unknown	no strings	28
000714a0	775	MDMetaWindowController	1 strings	19
000f3de0	775	MUElementAnalyzer	1 strings	21
00223aa0	775	Unknown	no strings	26
003baf40	775	MDMetaWindowController	1 strings	20
008bf9d4	775	Unknown	no strings	5
00ac92d0	775	Unknown	no strings	3
00b46bd0	775	Unknown	no strings	36
00bc1590	775	Unknown	no strings	27
00dbebd0	775	Unknown	2 strings	22
00e1d530	775	Unknown	no strings	16
00e59160	775	GNBinaryKeyValueUnarchiver	3 strings	20
016948c0	775	MUAraPlugInWrapperDelegate	2 strings	18
018064c0	775	Unknown	no strings	17
01bb6530	775	Unknown	no strings	23
002d3310	774	MDProjectAudioSource	2 strings	17
0054ca70	773	Unknown	no strings	29
00879290	773	MDToolbarTransportCtrl	1 strings	23
00dd0650	773	Unknown	5 strings	26
01bfa490	773	MUAudioSourcePrincipalItem	1 strings	21
01cc4500	773	Unknown	no strings	16
0044f9a0	772	Unknown	no strings	23
008d1fec	772	Unknown	2 strings	7
008d711c	772	Unknown	no strings	1
00971af6	772	Unknown	no strings	23
0098b608	772	Unknown	4 strings	11
00c36d90	772	Unknown	no strings	26
01f98990	772	GNColor	1 strings	13
00c73be0	771	Unknown	no strings	25
00cd3610	771	Unknown	no strings	13
01d15bc0	771	GNControl	1 strings	23
01f5b910	771	Unknown	no strings	32
0100e300	770	Unknown	no strings	19
01032af0	770	Unknown	2 strings	1
011d2d70	770	GNUni	9 strings	19
01cb6940	770	Unknown	no strings	21
01d00230	770	Unknown	no strings	27
01e04d10	770	Unknown	no strings	16
009444b0	769	Unknown	6 strings	35
0115f970	769	GNUni	10 strings	32
018fdaf0	769	Unknown	no strings	16
019446a0	769	Unknown	no strings	20
01ba9470	769	Unknown	no strings	23
01c8d230	769	Unknown	no strings	29
01d5e6e0	769	Unknown	no strings	20
01df7e80	769	Unknown	no strings	23
01664ba0	768	Unknown	no strings	22
01b70bd0	768	Unknown	no strings	20
01eabe50	768	Unknown	no strings	6
007f5730	767	Unknown	no strings	23
013fea10	767	Unknown	no strings	26
01776110	767	Unknown	no strings	23
001871b0	766	GNPullDownButton	1 strings	18
0091b06a	766	Unknown	9 strings	2
00b06810	766	GNMidiFileKeySignature	1 strings	14
00b76f10	766	Unknown	no strings	9
00e36370	766	Unknown	no strings	15
011137c0	766	MUChord	1 strings	14
015269a0	766	Unknown	5 strings	14
017f4240	766	Unknown	no strings	27
01e2ec70	766	GNClassDescription	1 strings	19
01f14e50	766	GNString	1 strings	18
01f7c800	766	Unknown	no strings	30
00456020	765	Unknown	no strings	24
0060f6d0	765	GNFilePath	2 strings	17
0061e270	765	Unknown	no strings	28
0063ec20	765	Unknown	no strings	28
00914e0e	765	Unknown	no strings	4
00cbd950	765	Unknown	no strings	27
01c4f180	765	Unknown	no strings	27
01eb5e80	765	Unknown	no strings	20
00a669ac	764	Unknown	no strings	4
012ed0d0	764	Unknown	no strings	26
01e46a20	764	Unknown	no strings	26
00094d10	763	Unknown	no strings	26
0012fcb0	763	MDExportControllerRegion	1 strings	14
00e32850	763	Unknown	1 strings	33
00efbaff	763	Unknown	no strings	1
0106c7b0	763	Unknown	15 strings	1
01c9d710	763	Unknown	no strings	18
005db8e0	762	Unknown	5 strings	14
007e14f0	762	Unknown	5 strings	14
009cdd32	762	Unknown	1 strings	21
00e6f320	762	Unknown	1 strings	27
01327470	762	Unknown	no strings	18
01ca74b0	762	Unknown	no strings	20
01db1f60	762	Unknown	no strings	14
00016510	761	Unknown	no strings	16
0015f810	761	GNString	2 strings	17
0023f500	761	Unknown	no strings	23
0031cb70	761	Unknown	no strings	22
00496ec0	761	Unknown	no strings	26
012f0520	761	Unknown	no strings	20
01c0b2e0	761	Unknown	no strings	19
01c67800	761	Unknown	no strings	29
01d1d260	761	Unknown	no strings	22
01d98e50	761	GNMultiRulerView	1 strings	16
01e88fc0	761	GNPDFView	1 strings	15
00154c40	760	Unknown	no strings	18
00ade1d0	760	TSocket	1 strings	9
00b78e70	760	Unknown	no strings	26
0101f9a0	760	Unknown	no strings	1
01111660	760	GNUni	8 strings	20
01892450	760	Unknown	3 strings	29
01cfb480	760	Unknown	no strings	33
0053a050	759	Unknown	no strings	10
0053a480	759	Unknown	no strings	10
00643ea0	759	Unknown	no strings	26
00b19680	759	Unknown	no strings	26
011a0e80	759	MUTrack	6 strings	24
01d82060	759	GNResponder	1 strings	12
01e1aa30	759	Unknown	no strings	25
0010f410	758	Unknown	no strings	25
006e92f0	758	MDMetaWindowController	1 strings	23
00ef8b0e	758	Unknown	1 strings	2
0149bce0	758	MUElementAnalyzer	1 strings	4
017cc6c0	758	Unknown	2 strings	24
01c0ade0	758	Unknown	no strings	28
002ede30	757	MDMetaWindowController	1 strings	20
003a1100	757	MDEditorViewController	1 strings	18
006c9eb0	757	Unknown	no strings	24
008d7f18	757	Unknown	9 strings	28
00c925a0	757	Unknown	1 strings	10
016553c0	757	Unknown	no strings	20
01656080	757	Unknown	no strings	20
016cb280	757	Unknown	no strings	17
01d04130	757	GNMultipleValue	2 strings	16
01d1c9a0	757	Unknown	no strings	26
00057c70	756	GNRange	6 strings	16
002ce2a0	756	Unknown	no strings	26
01c1a5a0	756	Unknown	no strings	19
01cacee0	756	Unknown	no strings	20
01e26ab0	756	Unknown	no strings	25
01f424c0	756	Unknown	no strings	24
006dbc00	755	Unknown	no strings	24
008c6154	755	Unknown	9 strings	5
00a21b48	755	Unknown	no strings	9
00a230c8	755	Unknown	no strings	9
00a25ee8	755	Unknown	no strings	9
00a273f8	755	Unknown	no strings	9
00a2a148	755	Unknown	no strings	9
00a2b7f8	755	Unknown	no strings	9
00a30118	755	Unknown	no strings	9
00a31838	755	Unknown	no strings	9
00a32f38	755	Unknown	no strings	9
00a34578	755	Unknown	no strings	9
00a37578	755	Unknown	no strings	9
00a3a408	755	Unknown	no strings	9
00a3bac8	755	Unknown	no strings	9
00a3d208	755	Unknown	no strings	9
014fa5d0	755	Unknown	no strings	26
0008eac0	754	Unknown	no strings	13
0070f2e0	754	MDAudioTrackHeaderViewController	1 strings	25
0070f740	754	MDAudioTrackHeaderViewController	1 strings	25
0133aef0	754	Unknown	no strings	21
016b5480	754	Unknown	5 strings	20
01c2cb70	754	GNCoord	7 strings	20
00269ad0	753	Unknown	no strings	22
00dcc2a0	753	Unknown	2 strings	30
00e85330	753	Unknown	no strings	25
010c70a0	753	Unknown	4 strings	3
011efc00	753	Unknown	no strings	21
0142dc30	753	Unknown	no strings	14
014b7630	753	Unknown	no strings	10
0165b470	753	Unknown	no strings	23
019f81d0	753	Unknown	no strings	28
019f90e0	753	Unknown	no strings	23
001ab9a0	752	GNAppearance	1 strings	16
001f5ef0	752	GNLocalizationTarget	2 strings	19
00c77d90	752	Unknown	no strings	32
0100bea0	752	Unknown	no strings	1
018943d0	752	Unknown	1 strings	23
0027db70	751	Unknown	no strings	27
00a2e7c8	751	Unknown	no strings	9
01eda150	751	Unknown	no strings	17
007886a0	750	Unknown	1 strings	18
00c62b20	750	Unknown	no strings	23
00f2bfc0	750	Unknown	no strings	2
00f78ae0	750	Unknown	3 strings	7
01715150	750	Unknown	no strings	5
00e0cea0	749	Unknown	no strings	26
014b71e0	749	Unknown	no strings	2
014cc9f0	749	Unknown	no strings	19
014ccdd0	749	Unknown	no strings	19
016ba380	749	MUAraContentReader	7 strings	14
000887a0	748	MDMetaWindowController	1 strings	17
00ba1140	748	Unknown	2 strings	20
00c73090	748	GNValue	2 strings	16
00c73430	748	GNValue	2 strings	16
011f6d20	748	MUPulseAssignmentTarget	1 strings	17
0038c320	747	GNHeartbeatHandler	6 strings	13
00639540	747	Unknown	no strings	22
012d21a0	747	GNList	1 strings	16
013933d0	747	Unknown	no strings	24
01525c50	747	Unknown	no strings	12
0152d930	747	Unknown	no strings	16
016d53b0	747	Unknown	no strings	23
01ca93d0	746	GNList	1 strings	17
006451f0	745	Unknown	no strings	27
0078e160	745	MUElementAnalyzer	1 strings	18
00d40820	745	Unknown	no strings	22
01cf6d20	745	Unknown	no strings	14
01d58c00	745	Unknown	no strings	33
00b18e60	744	Unknown	no strings	30
019dc8d0	744	Unknown	no strings	23
01b82620	744	Unknown	no strings	20
01e55990	744	Unknown	no strings	21
00016af0	743	Unknown	no strings	21
002a5e90	743	Unknown	no strings	1
0188cd90	743	GNString	1 strings	16
01915bf0	743	GNUni	7 strings	21
01ace610	743	Unknown	no strings	25
01dccc70	743	GNScrollView	1 strings	20
01ed75d0	743	Unknown	no strings	13
006d1290	742	GNString	1 strings	23
00daed40	742	GNOA	3 strings	21
0140a320	742	Unknown	no strings	19
01c75590	742	Unknown	no strings	29
01ca25e0	742	Unknown	no strings	21
01df9250	742	Unknown	no strings	25
00175e90	741	MDTooltipsPrefCtrl	3 strings	11
004f5300	741	MDTransferPluginTrackHeaderViewController	3 strings	11
0065a810	741	MDMetaWindowController	1 strings	17
00aa461e	741	Unknown	10 strings	3
00ab85e2	741	Unknown	no strings	3
00d4f8e0	741	GNObject	3 strings	11
00de80b0	741	Unknown	no strings	24
00e46700	741	Unknown	no strings	26
018c2150	741	Unknown	no strings	13
01a96f20	741	Unknown	no strings	16
01ad07f0	741	Unknown	1 strings	22
01b03cb0	741	Unknown	no strings	27
01bfdce0	741	MUDetectionBaseInsp	3 strings	11
01d642c0	741	Unknown	no strings	18
0024a8a0	740	Unknown	no strings	23
002b1d10	740	GNOperationProgressObserver	2 strings	15
0060eed0	740	GNFilePath	2 strings	16
012972e0	740	MUAudioSourcePrincipalItem	1 strings	21
016b19d0	740	Unknown	4 strings	23
016b3170	740	Unknown	4 strings	23
0178c570	740	Unknown	no strings	24
0188b880	740	MUAlignmentAssignment	1 strings	16
005ce3a0	739	MDInspectorViewController	2 strings	20
00abf8bb	739	Unknown	2 strings	12
017c5270	739	Unknown	no strings	16
01885a40	739	Unknown	no strings	31
019a5880	739	MUEditorSubview	1 strings	15
01db24f0	739	Unknown	no strings	14
01e9c840	739	Unknown	no strings	19
004ba5c0	738	Unknown	no strings	23
009b3200	738	Unknown	no strings	1
00e36cf0	738	Unknown	no strings	22
016b2150	738	Unknown	5 strings	19
01bad8c0	738	Unknown	no strings	21
01c62da0	738	Unknown	no strings	29
01e466c0	738	Unknown	2 strings	11
01e618c0	738	Unknown	no strings	23
004ac180	737	Unknown	no strings	19
00655fa0	737	MUMultiTrackView	1 strings	23
00bb9c80	737	Unknown	no strings	20
00d1ea30	737	GNValue	2 strings	12
00d301b0	737	Unknown	no strings	16
00e45630	737	GNBKVA	1 strings	30
01073370	737	Unknown	1 strings	1
019140a0	737	Unknown	no strings	22
01d54930	737	Unknown	no strings	1
01e1b270	737	Unknown	no strings	22
00996ab8	736	Unknown	4 strings	25
014f38a0	736	Unknown	no strings	24
0167a5b0	736	Unknown	no strings	35
004addb0	735	MDErrorController	3 strings	9
004b9aa0	735	MDRecordingPrefCtrl	3 strings	9
006c6ab0	735	MDMetaWindowController	1 strings	19
007fb340	735	MDExportAudioController	3 strings	9
00cb32e0	735	Unknown	no strings	25
01e26eb0	735	Unknown	no strings	27
01eca6c0	735	Unknown	no strings	21
002c2c30	734	Unknown	no strings	22
0091bf56	734	Unknown	9 strings	27
00a44eb6	734	Unknown	3 strings	15
00a45716	734	Unknown	3 strings	15
00a49a36	734	Unknown	3 strings	15
00a4a286	734	Unknown	3 strings	15
00a4d006	734	Unknown	3 strings	15
00a4e206	734	Unknown	3 strings	15
00b3ee10	734	Unknown	1 strings	19
00c3b010	734	Unknown	no strings	29
00d48360	734	Unknown	no strings	16
014004b0	734	Unknown	no strings	22
01ca4950	734	MUPasteboardElementPasteIdentifier	1 strings	16
01ebfd60	734	Unknown	no strings	28
00619340	733	Unknown	no strings	35
0099d9d6	733	Unknown	4 strings	22
00e83da0	733	Unknown	no strings	2
0130f200	733	MUPerformanceRenderer	2 strings	15
00085bd0	732	MDMetaWindowController	1 strings	15
006d3ba0	732	Unknown	no strings	24
00b29dd0	732	Unknown	no strings	1
00b86d20	732	Unknown	no strings	6
00fd4af0	732	Unknown	no strings	2
01e91a20	732	Unknown	no strings	44
00379f30	731	GNString	2 strings	17
004bb230	731	Unknown	no strings	27
00905a1c	731	Unknown	9 strings	27
00ab25b2	731	Unknown	9 strings	3
00c2e750	731	Unknown	no strings	18
00def2f0	731	Unknown	no strings	33
00e88fc0	731	Unknown	no strings	24
010be3a0	731	Unknown	3 strings	1
010f1fd0	731	GNUni	7 strings	17
0118b080	731	MUPerformanceMidiExporter	1 strings	16
014f9e70	731	Unknown	1 strings	12
01b05350	731	Unknown	no strings	19
01de9ba0	731	Unknown	no strings	25
00624150	730	Unknown	no strings	34
00624670	730	Unknown	no strings	34
007894f0	730	Unknown	no strings	21
00789930	730	Unknown	no strings	21
009d8738	730	Unknown	4 strings	18
01a09a50	730	Unknown	no strings	26
01dff100	730	Unknown	no strings	18
009dedf4	729	Unknown	no strings	1
009face2	729	Unknown	no strings	5
00e98a70	729	Unknown	2 strings	21
0126eaa0	729	MUAudioSourceSibilantItem	1 strings	16
015298a0	729	Unknown	no strings	13
01529c50	729	Unknown	no strings	13
015fe7b0	729	Unknown	no strings	14
01e1c5c0	729	Unknown	no strings	26
01e69f00	729	Unknown	2 strings	17
00ab076a	728	Unknown	9 strings	3
00ab186a	728	Unknown	9 strings	3
011c2320	728	MUTempoDetectionRange	1 strings	16
015fe420	728	Unknown	no strings	13
01ce9490	728	Unknown	no strings	20
0092aa9a	727	Unknown	no strings	9
00a4aad6	727	Unknown	3 strings	15
00a6a008	727	Unknown	no strings	6
00ab4f34	727	Unknown	no strings	8
00c72990	727	GNValue	2 strings	16
00c72d10	727	GNValue	2 strings	16
00ce7c30	727	Unknown	no strings	14
00e90e50	727	Unknown	no strings	2
01146e30	727	Unknown	no strings	40
0114f310	727	GNFraction	6 strings	16
01b1bda0	727	Unknown	no strings	22
009d9144	726	Unknown	no strings	49
00ab3302	726	Unknown	9 strings	3
00df72c0	726	GNList	2 strings	13
01691640	726	Unknown	4 strings	27
01e5ae20	726	Unknown	no strings	12
01e61dc0	726	Unknown	no strings	22
01e621d0	726	Unknown	no strings	22
01e625e0	726	Unknown	no strings	22
01f711a0	726	Unknown	no strings	23
00252f80	725	Unknown	no strings	19
00ab628a	725	Unknown	no strings	10
012f7880	725	Unknown	no strings	25
01349890	725	Unknown	no strings	18
0153dae0	725	Unknown	no strings	20
01c46820	725	Unknown	no strings	17
01f44020	725	Unknown	no strings	28
001bf8f0	724	GNUni	6 strings	18
007f2390	724	Unknown	no strings	29
008cb37c	724	Unknown	no strings	3
00a61f12	724	Unknown	no strings	41
00c72290	724	GNValue	2 strings	17
011cbec0	724	MUElement	7 strings	19
011eb250	724	Unknown	no strings	17
017d3860	724	Unknown	no strings	25
01debcb0	724	Unknown	no strings	24
01ed8d70	724	Unknown	no strings	21
00d55d70	723	Unknown	no strings	20
0149bfe0	723	Unknown	no strings	7
01661910	723	MUAraAudioSource	2 strings	20
01786270	723	MUBarSignature	3 strings	14
003b72f0	722	Unknown	no strings	17
00b7ce70	722	Unknown	no strings	30
00b7d850	722	Unknown	no strings	30
00d50630	722	MDNotificationObserver	2 strings	17
016d20d0	722	Unknown	no strings	22
01a80070	722	Unknown	no strings	19
01aa85c0	722	Unknown	no strings	21
01ea09a0	722	Unknown	no strings	30
01ea20a0	722	Unknown	no strings	30
00207f80	721	GNKeyValueUnarchiverDelegate	2 strings	17
0043e450	721	MDMetaWindowController	1 strings	15
00c72610	721	GNValue	2 strings	17
00fa4860	721	Unknown	1 strings	1
007424c0	720	Unknown	no strings	16
01147a40	720	MUElementRealtimeInfo	1 strings	16
015b99a0	720	Unknown	no strings	23
0050da50	719	MDNotificationObserver	4 strings	21
00e26420	719	Unknown	no strings	29
01a51f80	719	Unknown	no strings	28
01d6e6c0	719	Unknown	no strings	18
01078800	718	Unknown	no strings	1
010b1e10	718	Unknown	no strings	2
011b7960	718	Unknown	no strings	16
0194d210	718	Unknown	no strings	22
001f3c10	717	GNTableViewDelegate	3 strings	12
00c302d0	717	GNOverloudTapedesk	1 strings	18
00ce69c0	717	Unknown	no strings	16
00d573e0	717	Unknown	no strings	17
0176f970	717	Unknown	no strings	26
019f8880	717	Unknown	no strings	23
019f8cb0	717	Unknown	no strings	23
01e629f0	717	Unknown	no strings	22
00756ee0	716	Unknown	no strings	27
009c9d38	716	Unknown	2 strings	8
00ccf1e0	716	Unknown	no strings	15
01167aa0	716	MULSSElementRenderRequest	1 strings	16
017715d0	716	Unknown	no strings	17
00151f70	715	Unknown	no strings	10
008e0ede	715	Unknown	no strings	6
00a46076	715	Unknown	3 strings	15
00a46a16	715	Unknown	3 strings	15
00a473b6	715	Unknown	3 strings	15
00a47d56	715	Unknown	3 strings	15
00a486f6	715	Unknown	3 strings	15
00a49096	715	Unknown	3 strings	15
00a4b326	715	Unknown	3 strings	15
00a4bcc6	715	Unknown	3 strings	15
00a4c666	715	Unknown	3 strings	15
00a4d866	715	Unknown	3 strings	15
00a4ead6	715	Unknown	3 strings	15
00a4f476	715	Unknown	3 strings	15
00a4fe16	715	Unknown	3 strings	15
00eff5ff	715	Unknown	no strings	2
00f36490	715	Unknown	no strings	20
0101f6c0	715	Unknown	no strings	1
016450a0	715	Unknown	no strings	7
017ccf90	715	GNString	2 strings	17
01b6ebf0	715	Unknown	no strings	31
005b0a20	714	GNUni	8 strings	22
00cdcc40	714	GNUni	8 strings	19
0181e2d0	714	Unknown	2 strings	28
019a7930	714	MUEditorSubview	1 strings	11
01c898c0	714	Unknown	no strings	25
01c8d6c0	714	MUBarSignature	1 strings	20
01e8ac80	714	GNPrintSettings	1 strings	15
00064b50	713	GNObject	7 strings	23
0013c230	713	Unknown	no strings	21
00904fb8	713	Unknown	8 strings	26
00919ed2	713	Unknown	no strings	3
00d31230	713	Unknown	no strings	23
01328810	713	Unknown	no strings	15
019c3480	713	Unknown	no strings	14
01e8bbf0	713	GNStackView	1 strings	14
008f1ff4	712	Unknown	no strings	2
009e4146	712	Unknown	no strings	9
00b1bad0	712	Unknown	no strings	9
00efd407	712	Unknown	no strings	2
00fa0460	712	Unknown	no strings	1
018653b0	712	Unknown	no strings	14
009298da	711	Unknown	no strings	7
00b7b410	711	Unknown	no strings	22
00e79730	711	GNUni	7 strings	23
00f9b500	711	Unknown	no strings	1
00fa07d0	711	Unknown	no strings	1
014ed8e0	711	Unknown	no strings	17
016bcb60	711	Unknown	1 strings	21
01eb9990	711	Unknown	no strings	18
00341be0	710	Unknown	no strings	22
004a17d0	710	Unknown	no strings	20
005ae980	710	MDEditorViewAggregate	6 strings	22
00d268e0	710	Unknown	no strings	22
01656470	710	Unknown	no strings	21
01656830	710	Unknown	no strings	21
017db4e0	710	Unknown	no strings	23
01d86e10	710	Unknown	no strings	24
002eacb0	709	MDAudioTrackItem	1 strings	17
00763bc0	709	Unknown	no strings	16
00b75d60	709	Unknown	no strings	11
0185db20	709	Unknown	no strings	25
0188fab0	709	Unknown	no strings	29
01de7760	709	GNTableView	1 strings	25
01e6c7a0	709	Unknown	no strings	22
00532890	708	Unknown	no strings	26
007801f0	708	Unknown	no strings	24
00789100	708	Unknown	no strings	23
00809560	708	GNMenu	1 strings	19
00cdf9a0	708	Unknown	no strings	20
0116b7a0	708	GNUnarchiverImporter	2 strings	16
01508bf0	708	Unknown	no strings	22
019a9940	708	Unknown	no strings	14
01a18fb0	708	Unknown	no strings	14
01cf3b20	708	Unknown	no strings	6
0053bd80	707	Unknown	no strings	40
0054d030	707	Unknown	no strings	26
008851c0	707	Unknown	no strings	8
008b6b36	707	Unknown	no strings	4
00c71940	707	GNString	1 strings	20
00d2a2e0	707	Unknown	no strings	18
00d4c4e0	707	Unknown	no strings	26
01bb86c0	707	Unknown	no strings	25
01df4930	707	Unknown	no strings	33
00b70e10	706	Unknown	no strings	26
00c91cf0	706	Unknown	no strings	16
00e3f120	706	Unknown	no strings	26
011eeeb0	706	Unknown	no strings	19
01c4ae30	706	Unknown	no strings	17
01d95980	706	Unknown	no strings	24
01dcc4e0	706	GNScrollView	1 strings	16
01e0c890	706	Unknown	no strings	26
0053e5a0	705	GNUni	8 strings	26
0076ffb0	705	MDEditorView	1 strings	25
00889cd8	705	Unknown	8 strings	26
008c0a64	705	Unknown	8 strings	26
0090fcca	705	Unknown	8 strings	26
00a67176	705	Unknown	8 strings	26
016b8e20	705	Unknown	4 strings	23
0195bb80	705	Unknown	no strings	23
019781b0	705	Unknown	no strings	18
01983fb0	705	Unknown	no strings	23
01cf7910	705	Unknown	no strings	18
01d39830	705	Unknown	no strings	13
000a6b00	704	MDWorkspaceView	3 strings	5
00722260	704	Unknown	no strings	17
0096b317	704	Unknown	no strings	27
00c29420	704	Unknown	no strings	11
01e9de00	704	Unknown	no strings	22
006ec400	703	MDMetaWindowController	1 strings	18
009ae862	703	Unknown	4 strings	21
00b3e5a0	703	Unknown	1 strings	18
00c18aa0	703	Unknown	no strings	26
00c35fe0	703	Unknown	no strings	26
0102aac0	703	Unknown	no strings	1
012376c0	703	Unknown	no strings	24
014efd00	703	Unknown	no strings	3
016b6360	703	Unknown	5 strings	19
018068b0	703	Unknown	no strings	15
01893e60	703	Unknown	no strings	27
0197ef60	703	Unknown	no strings	20
000b7160	702	Unknown	no strings	19
0109a8a0	702	Unknown	1 strings	1
01c75fe0	702	Unknown	no strings	28
01ceb2c0	702	Unknown	no strings	25
01e32c00	702	Unknown	no strings	38
009f9eb4	701	Unknown	no strings	4
01164770	701	MULoop	9 strings	27
0131df10	701	Unknown	no strings	21
016b8170	701	Unknown	4 strings	18
01703070	701	Unknown	no strings	18
01be58e0	701	Unknown	no strings	20
01ede410	701	Unknown	2 strings	29
0078d680	700	Unknown	no strings	19
0112e4c0	700	MUTimeline	8 strings	30
011da6c0	700	Unknown	1 strings	15
01c0e870	700	Unknown	no strings	25
01c85f60	700	Unknown	no strings	23
00a9cfcc	699	Unknown	no strings	4
00aea110	699	Unknown	no strings	1
019c76d0	699	Unknown	no strings	20
019c7c20	699	Unknown	no strings	20
019c86b0	699	Unknown	no strings	20
01d23ed0	699	Unknown	no strings	25
009646e7	698	Unknown	no strings	3
0051e1e0	697	Unknown	no strings	20
008c8a68	697	Unknown	8 strings	2
012e61a0	697	Unknown	no strings	16
01353c30	697	Unknown	no strings	20
01ba9ae0	697	Unknown	no strings	19
01e4e790	697	Unknown	no strings	26
008c6fa8	696	Unknown	8 strings	2
012682a0	696	Unknown	no strings	16
0140d780	696	Unknown	no strings	30
016ba9d0	696	Unknown	6 strings	14
01704aa0	696	Unknown	no strings	26
01a66610	696	Unknown	no strings	22
01b60e40	696	Unknown	no strings	24
01b61220	696	Unknown	no strings	24
01b61600	696	Unknown	no strings	24
01b619e0	696	Unknown	no strings	24
01d85680	696	Unknown	1 strings	17
00991b10	695	Unknown	6 strings	26
00a22682	695	Unknown	2 strings	11
00a23db0	695	Unknown	2 strings	11
00a36aaa	695	Unknown	2 strings	11
00a3994c	695	Unknown	2 strings	11
00c837f0	695	Unknown	no strings	19
00c84370	695	Unknown	no strings	19
00e38730	695	Unknown	5 strings	22
0116cbb0	695	MUMatrixPath	1 strings	15
018bf930	695	Unknown	no strings	14
01a7bc70	695	Unknown	no strings	18
002358e0	694	Unknown	no strings	30
002efb20	694	Unknown	no strings	15
008e11ee	694	Unknown	9 strings	6
016d6df0	694	Unknown	no strings	20
01835ec0	694	Unknown	no strings	12
018ad410	694	MUTestViewController	1 strings	19
01dd5240	694	Unknown	no strings	15
003bf7a0	693	Unknown	no strings	21
00928788	693	Unknown	3 strings	12
00954e8c	693	Unknown	no strings	12
00a30d9c	693	Unknown	2 strings	11
00ab5dcc	693	Unknown	no strings	12
00c6d2a0	693	Unknown	no strings	1
00d92680	693	GNString	1 strings	10
00e2e660	693	Unknown	2 strings	24
00e3bf70	693	Unknown	no strings	1
00e3c230	693	Unknown	no strings	1
00f2d1d0	693	Unknown	no strings	2
012c9ae0	693	Unknown	no strings	19
015c47d0	693	Unknown	no strings	29
0090f984	692	Unknown	7 strings	3
009f35cc	692	Unknown	1 strings	4
012c9770	692	Unknown	no strings	19
01b7c320	692	Unknown	no strings	17
01d09150	692	Unknown	no strings	24
00ae9740	691	Unknown	no strings	1
016a5910	691	MUAraDocumentController	6 strings	25
01e33780	691	Unknown	no strings	29
0017b240	690	Unknown	no strings	138
0097c422	690	Unknown	no strings	10
00b2b4d0	690	Unknown	no strings	12
00c9e710	690	Unknown	no strings	18
00cec890	690	Unknown	no strings	138
00e8dcc0	690	GNValue	3 strings	13
014e9f00	690	Unknown	no strings	5
00a254e8	689	Unknown	2 strings	11
00a26a1e	689	Unknown	2 strings	11
00a28074	689	Unknown	2 strings	11
00a29754	689	Unknown	2 strings	11
00a2adf2	689	Unknown	2 strings	11
00a2c52c	689	Unknown	2 strings	11
00a2dc86	689	Unknown	2 strings	11
00a2f5e6	689	Unknown	2 strings	11
00a3254e	689	Unknown	2 strings	11
00a33bce	689	Unknown	2 strings	11
00a35344	689	Unknown	2 strings	11
00a381ea	689	Unknown	2 strings	11
00a3b07c	689	Unknown	2 strings	11
00a3c7f4	689	Unknown	2 strings	11
00a3df20	689	Unknown	2 strings	11
013f63e0	689	Unknown	no strings	21
016908b0	689	MUAraPlugInWrapperDelegate	1 strings	14
00262a90	688	Unknown	no strings	17
00263640	688	Unknown	no strings	17
0053b0a0	688	Unknown	no strings	17
00e35460	688	GNOperationProgressObserver	2 strings	12
01d086f0	688	Unknown	no strings	14
01d3b170	688	Unknown	no strings	33
00a71af6	687	Unknown	no strings	5
00b4a710	687	Unknown	no strings	25
00bc3220	687	Unknown	no strings	26
012a1fa0	687	Unknown	no strings	19
017d0b30	687	Unknown	no strings	24
018b9f90	687	Unknown	no strings	21
01e34100	687	Unknown	no strings	19
01e56280	686	Unknown	no strings	23
000fec10	685	MDToolbarQuantizeMacrosCtrl	3 strings	8
0027aa00	685	Unknown	3 strings	11
002bf6e0	685	MDToolbarRightPluginConfigCtrl	3 strings	11
003b2450	685	MDToolbarPositionCtrl	3 strings	11
00610b00	685	MDToolbarAraClickCtrl	3 strings	11
0063af70	685	Unknown	no strings	22
006cdee0	685	Unknown	no strings	30
006e9b50	685	MDToolbarEditorViewCtrl	3 strings	11
00853b20	685	Unknown	no strings	34
00b31190	685	GNAudioProcessor	5 strings	11
00b50d90	685	GNMidiConnection	3 strings	11
012a4320	685	MUFader	3 strings	11
014c36d0	685	Unknown	no strings	21
01a93e70	685	MUAudioSourceSeparationPrefCtrl	3 strings	11
01b41b10	685	MUScaleCreationData	3 strings	11
01b56960	685	MUScaleDetectionOptionsData	3 strings	11
01d7e3a0	685	GNBackgroundView	3 strings	11
01db1310	685	GNSplitView	3 strings	11
01f18290	685	GNWizardView	3 strings	11
0026a580	684	Unknown	no strings	39
005da070	684	MDPlaybackController	2 strings	12
0061e790	684	Unknown	no strings	26
00b61800	684	Unknown	no strings	28
00c8ee40	684	Unknown	no strings	16
00ce07a0	684	Unknown	no strings	22
012df600	684	Unknown	no strings	21
0008b310	683	MDMetaWindowController	1 strings	16
000f3710	683	MDMetaWindowController	1 strings	16
00182050	683	GNIconsViewAssoc	2 strings	18
002d96b0	683	MDMetaWindowController	1 strings	16
003a7490	683	MDMetaWindowController	1 strings	16
003b27f0	683	MDMetaWindowController	1 strings	16
00448b60	683	MDMetaWindowController	1 strings	16
00610ec0	683	MDMetaWindowController	1 strings	16
00759cf0	683	Unknown	no strings	20
00abd1ab	683	Unknown	no strings	11
015c73a0	683	Unknown	no strings	8
01c61680	683	Unknown	no strings	21
01f92410	683	GNActionRegistration	1 strings	17
003bf380	682	Unknown	no strings	31
00be5fd0	682	Unknown	2 strings	21
013e5de0	682	Unknown	no strings	20
013e61a0	682	Unknown	no strings	20
014636d0	682	Unknown	no strings	16
0196a1c0	682	Unknown	no strings	23
01a13460	682	Unknown	no strings	19
01ed5f90	682	Unknown	no strings	17
00090b20	681	Unknown	no strings	23
006c7220	681	MDVolumeFader	1 strings	15
00807040	681	MDElementQuantizeWrapper	2 strings	12
00989906	681	Unknown	4 strings	10
00d9b160	681	Unknown	no strings	12
00f7cc20	681	Unknown	7 strings	1
01194790	681	MUPitchApproachMapper	1 strings	14
012523c0	681	Unknown	no strings	9
01917050	681	Unknown	no strings	26
01a255c0	681	Unknown	no strings	26
01f81f80	681	GNShortCutSearchField	1 strings	14
004a8460	680	MDMetaWindowController	1 strings	14
0051b640	680	Unknown	no strings	21
0051ba20	680	Unknown	no strings	21
0102d800	680	Unknown	1 strings	1
01110970	680	GNUni	6 strings	25
01524590	680	Unknown	no strings	1
015c91d0	680	Unknown	no strings	23
01ed1bf0	680	Unknown	1 strings	23
00068fb0	679	MDAnalyserTestView	3 strings	9
00102320	679	MDNoLicenseController	3 strings	9
004b5760	679	Unknown	no strings	25
0054c3c0	679	MDURLOpenedController	3 strings	9
00756aa0	679	Unknown	no strings	24
008056c0	679	Unknown	1 strings	21
00b35dc0	679	GNAudioProcessorController	4 strings	9
00b4ff20	679	GNMidiComponent	3 strings	9
00c22cc0	679	GNOverloudConvolverController	3 strings	9
00d45190	679	Unknown	no strings	4
01a7cd20	679	Unknown	no strings	23
01acf580	679	MUScalePanel	3 strings	9
01b53760	679	MUScaleDetectionOptionsCtrl	3 strings	9
01c1b4a0	679	MUBrowserView	3 strings	9
01cffdc0	679	GNUpdateCheckController	3 strings	9
01de4210	679	Unknown	no strings	12
000f9300	678	Unknown	no strings	2
0022d390	678	Unknown	no strings	21
007ea750	678	Unknown	no strings	32
0098a3ce	678	Unknown	5 strings	17
00b713e0	678	Unknown	no strings	21
00bc2d70	678	Unknown	no strings	26
01528450	678	Unknown	no strings	20
018d9740	678	Unknown	no strings	17
01bd4470	678	MUSpectrumShaper	1 strings	16
01bfebb0	678	Unknown	no strings	21
0080b970	677	MUTextFieldDragAndEditHandler	2 strings	17
008706d0	677	MUFormant	1 strings	14
009a0388	677	Unknown	4 strings	15
00f2c862	677	Unknown	no strings	2
012ea9e0	677	Unknown	no strings	12
019bd990	677	Unknown	no strings	24
01ba3960	677	MUTextFieldDragAndEditHandler	2 strings	17
01be3200	677	MUSpectrumShaper	5 strings	27
01e57a30	677	Unknown	no strings	22
01f64a20	677	Unknown	no strings	17
01c631e0	676	Unknown	no strings	24
01db8bf0	676	Unknown	no strings	13
01dce080	676	Unknown	no strings	18
002e82b0	675	Unknown	no strings	20
00392f00	675	MDMetaWindowController	1 strings	15
005af2c0	675	MDDetectionElementInsp	1 strings	15
01d87280	675	Unknown	no strings	7
01e42850	675	Unknown	no strings	15
001b40a0	674	GNUni	7 strings	15
008bd972	674	Unknown	6 strings	3
00b80190	674	Unknown	no strings	18
00bdeca0	674	Unknown	2 strings	19
00c4a000	674	GNRangeFactorFormatter	1 strings	14
00d6be80	674	Unknown	no strings	34
010a39d0	674	Unknown	1 strings	1
013e9470	674	Unknown	no strings	5
017e0a10	674	Unknown	no strings	18
01813900	674	MUPitchMapper	1 strings	14
018acf50	674	Unknown	no strings	26
01b221c0	674	Unknown	no strings	26
01ca2ec0	674	GNValue	1 strings	21
01e30190	674	Unknown	no strings	22
01ecada0	674	GNTextAutoCompleterItem	1 strings	20
00d28e50	673	Unknown	1 strings	22
00d2f010	673	Unknown	no strings	18
00e5a070	673	MUST	1 strings	15
00f46910	673	Unknown	no strings	1
010c3570	673	Unknown	3 strings	4
01257570	673	GNString	1 strings	21
016efaf0	673	Unknown	no strings	26
01d55450	673	Unknown	no strings	1
00331e40	672	Unknown	no strings	26
008ffcc6	672	Unknown	no strings	4
00b32070	672	Unknown	3 strings	16
00c243f0	672	Unknown	no strings	18
00c79930	672	Unknown	no strings	16
00d17c40	672	Unknown	no strings	19
00e56ef0	672	GNData	3 strings	12
015c7920	672	Unknown	no strings	4
01969e40	672	Unknown	no strings	23
019ebb20	672	GNDictionary	1 strings	15
0023c880	671	Unknown	no strings	29
009b8f5a	671	LsObjectCache	3 strings	16
00bf6440	671	GNUni	2 strings	22
00d204f0	671	GNString	1 strings	21
00deeb50	671	Unknown	no strings	30
00deef20	671	Unknown	no strings	30
014bc920	671	Unknown	no strings	15
00f76800	670	Unknown	2 strings	1
014d5e20	670	Unknown	no strings	13
01cee610	670	Unknown	no strings	14
002bf9b0	669	MDMetaWindowController	1 strings	12
00f0335c	669	Unknown	no strings	1
00f322c0	669	Unknown	2 strings	9
00f87fd0	669	Unknown	no strings	1
019f0970	669	MUPitchSystemRulerView	1 strings	15
01d2b270	669	Unknown	no strings	12
009d33c4	668	Unknown	no strings	5
0135d960	668	Unknown	no strings	23
01a06000	668	Unknown	no strings	28
01a063e0	668	Unknown	no strings	28
01c412a0	668	Unknown	1 strings	20
01d48390	668	Unknown	no strings	10
01de8070	668	Unknown	no strings	21
01e15b80	668	Unknown	no strings	14
01eadc50	668	Unknown	1 strings	5
00069350	667	Unknown	no strings	26
0065f0d0	667	Unknown	no strings	23
00b4be00	667	Unknown	no strings	25
00de1d40	667	Unknown	no strings	25
00fe2770	667	Unknown	1 strings	1
013f4430	667	Unknown	no strings	20
016bb8f0	667	Unknown	1 strings	18
019e1dd0	667	Unknown	no strings	18
019e21f0	667	Unknown	no strings	18
01a13090	667	Unknown	no strings	19
0025c370	666	Unknown	no strings	26
00baf520	666	Unknown	no strings	13
00ca61c0	666	Unknown	no strings	21
00cdf530	666	Unknown	no strings	25
01512890	666	Unknown	no strings	16
00010750	665	GNAudioPlugInDescription	8 strings	4
000b6c10	665	Unknown	1 strings	21
012596f0	665	Unknown	no strings	10
00099fa0	664	Unknown	no strings	27
0056b300	664	GNLicenseContext	1 strings	17
00751820	664	Unknown	no strings	13
0088b734	664	Unknown	8 strings	24
008bdc36	664	Unknown	8 strings	24
00ac9e90	664	Unknown	no strings	1
00d2ebb0	664	Unknown	no strings	23
010c4660	664	Unknown	13 strings	1
01cf9ae0	664	GNScrollView	1 strings	11
0024dae0	663	Unknown	no strings	17
00826d80	663	GNNumberFormatter	5 strings	17
0096c22d	663	Unknown	no strings	28
00d57ab0	663	Unknown	no strings	17
00d58150	663	Unknown	no strings	17
00d8cf90	663	Unknown	no strings	24
00f07060	663	Unknown	no strings	2
014f6fc0	663	Unknown	no strings	14
01bee5d0	663	Unknown	no strings	19
0029f2f0	662	Unknown	no strings	15
008dcf76	662	Unknown	8 strings	5
00adfca2	662	Unknown	no strings	6
00adfffe	662	Unknown	no strings	6
010b0cf0	662	Unknown	no strings	1
015b9640	662	Unknown	no strings	14
0077fd70	661	Unknown	no strings	26
0135d2e0	661	Unknown	no strings	14
013fdaf0	661	Unknown	no strings	20
017936d0	661	Unknown	no strings	30
01820ea0	661	Unknown	no strings	20
01df9df0	661	Unknown	no strings	22
001c7e80	660	GNEvent	6 strings	4
016b1e00	660	Unknown	5 strings	18
016b35a0	660	Unknown	5 strings	18
016b5cb0	660	Unknown	5 strings	18
016b9200	660	Unknown	5 strings	18
016bace0	660	Unknown	4 strings	17
016bbe20	660	Unknown	4 strings	17
016bd0f0	660	Unknown	4 strings	17
018bac20	660	Unknown	1 strings	26
01f170f0	660	Unknown	no strings	17
00362540	659	Unknown	no strings	13
007db2b0	659	Unknown	no strings	13
00d20d90	659	GNList	3 strings	9
0165a0f0	659	Unknown	no strings	21
017a7800	659	Unknown	no strings	24
01eb2dc0	659	Unknown	no strings	17
0005f200	658	GNTask	1 strings	16
00391ff0	658	Unknown	no strings	23
007f4cf0	658	MDEditorScrollView	1 strings	14
008b7946	658	Unknown	no strings	4
00916ace	658	Unknown	8 strings	24
0091c86e	658	Unknown	no strings	1
00983d42	658	Unknown	3 strings	5
00b2f6b0	658	Unknown	no strings	16
00cb3840	658	Unknown	no strings	13
00d902b0	658	Unknown	no strings	8
00f60140	658	Unknown	no strings	1
012f8ad0	658	Unknown	no strings	20
012f8e60	658	Unknown	no strings	20
016ba6a0	658	Unknown	3 strings	15
000813d0	657	Unknown	no strings	23
00805bd0	657	Unknown	no strings	22
019a6f50	657	Unknown	no strings	15
01a8a330	657	GNValue	1 strings	14
00052160	656	GNNotificationCenter	1 strings	16
0058d210	656	GNCustomCircularSlider	1 strings	15
0081f080	656	MUColorCorrectionView	1 strings	14
008dbdd4	656	Unknown	2 strings	4
00aaa7fe	656	Unknown	8 strings	3
01c51220	656	Unknown	no strings	24
01cc8fe0	656	GNDictionary	1 strings	15
00941ba8	655	Unknown	no strings	1
00c6c630	655	Unknown	no strings	1
014832d0	655	Unknown	no strings	15
01f37e20	655	Unknown	no strings	16
00507310	654	Unknown	no strings	26
005224d0	654	Unknown	no strings	15
0098f81a	654	Unknown	12 strings	18
00a00ec8	654	Unknown	no strings	7
00aca7e0	654	Unknown	no strings	1
00d58c40	654	Unknown	no strings	18
01602560	654	Unknown	no strings	7
0190cc30	654	Unknown	no strings	30
019280d0	654	MUDetectionEditorView	1 strings	17
019a6410	654	MUEditorElementView	1 strings	9
01c635e0	654	Unknown	no strings	22
01ed20d0	654	Unknown	1 strings	23
00315fc0	653	Unknown	no strings	7
00371b30	653	MDFileBrowserInsp	1 strings	15
00ae0b7f	653	Unknown	no strings	6
013f5760	653	Unknown	no strings	15
01ca6bb0	653	Unknown	no strings	20
003932a0	652	Unknown	no strings	15
005b5e80	652	Unknown	no strings	37
00cd6020	652	Unknown	no strings	17
00e80da0	652	Unknown	no strings	25
014c0100	652	Unknown	no strings	18
01a779a0	652	Unknown	no strings	19
01d2f3b0	652	Unknown	no strings	18
01da8610	652	Unknown	no strings	18
01f18560	652	Unknown	no strings	19
00957a95	651	Unknown	no strings	10
00ae65e0	651	Unknown	no strings	1
01794120	651	Unknown	no strings	23
019db8b0	651	Unknown	no strings	24
01e641f0	651	Unknown	no strings	12
01f7bcc0	651	Unknown	no strings	19
008d7c1a	650	Unknown	7 strings	2
0097cf46	650	Unknown	no strings	1
00a229f2	650	Unknown	2 strings	6
00a24120	650	Unknown	2 strings	6
00a36e1a	650	Unknown	2 strings	6
00a39cbc	650	Unknown	2 strings	6
00e3c970	650	Unknown	no strings	1
017dcae0	650	MUNoiseMapper	1 strings	16
017f3ef0	650	Unknown	no strings	15
01ec1500	650	Unknown	no strings	26
00566d70	649	MDWorkspaceModuleViewController	1 strings	19
0088d230	649	Unknown	no strings	2
008b91c8	649	Unknown	no strings	4
008c420e	649	Unknown	6 strings	2
00a3110a	649	Unknown	2 strings	6
00b6a810	649	Unknown	no strings	7
0150ec20	649	Unknown	no strings	16
01d6fa10	649	Unknown	no strings	20
00107b60	648	Unknown	no strings	27
00127400	648	Unknown	no strings	21
00358260	648	Unknown	no strings	26
00bd1510	648	Unknown	no strings	24
00d283b0	648	GNSerialNumber	1 strings	17
00d3ac30	648	Unknown	no strings	8
00df6180	648	Unknown	2 strings	15
01109be0	648	Unknown	no strings	39
01312080	648	Unknown	no strings	16
01a58ff0	648	Unknown	no strings	21
01d133b0	648	Unknown	no strings	22
00082580	647	Unknown	no strings	15
000c4430	647	Unknown	no strings	19
009f10eb	647	Unknown	no strings	2
00d3bef0	647	Unknown	no strings	18
00e9e1c0	647	Unknown	no strings	5
010fa130	647	MUAudioRecorderCenter	1 strings	16
013231f0	647	Unknown	no strings	22
015f9150	647	Unknown	no strings	19
017d5470	647	Unknown	no strings	13
01a735b0	647	MUChord	1 strings	13
01a73920	647	MUChord	1 strings	13
003acd80	646	Unknown	no strings	20
0089194a	646	Unknown	no strings	1
008b5436	646	Unknown	8 strings	2
008f231e	646	Unknown	9 strings	2
00ad6940	646	Unknown	no strings	4
00ce0c00	646	Unknown	1 strings	21
016b3ce0	646	Unknown	4 strings	18
0190c1a0	646	Unknown	no strings	1
01b1e460	646	Unknown	no strings	19
01c33b70	646	Unknown	no strings	27
002de0f0	645	Unknown	no strings	24
004680d0	645	Unknown	no strings	25
00a25852	645	Unknown	2 strings	6
00a26d88	645	Unknown	2 strings	6
00a283de	645	Unknown	2 strings	6
00a29abe	645	Unknown	2 strings	6
00a2b15c	645	Unknown	2 strings	6
00a2c896	645	Unknown	2 strings	6
00a2dff0	645	Unknown	2 strings	6
00a2f950	645	Unknown	2 strings	6
00a328b8	645	Unknown	2 strings	6
00a33f38	645	Unknown	2 strings	6
00a356ae	645	Unknown	2 strings	6
00a38554	645	Unknown	2 strings	6
00a3b3e6	645	Unknown	2 strings	6
00a3cb5e	645	Unknown	2 strings	6
00a3e28a	645	Unknown	2 strings	6
00d21790	645	GNNull	4 strings	22
00e4d310	645	GNJSONGenerator	10 strings	16
00e9a240	645	Unknown	1 strings	21
00f03614	645	Unknown	no strings	1
019e7900	645	Unknown	no strings	2
01c32a00	645	Unknown	no strings	21
01cb8770	645	Unknown	no strings	16
01ccc680	645	Unknown	no strings	21
01d99a50	645	GNMultiRulerView	1 strings	14
01e0dc40	645	Unknown	no strings	18
01f7b740	645	Unknown	no strings	3
00655410	644	GNInfoController	1 strings	20
0094fdf0	644	Unknown	no strings	1
00ad64b0	644	Unknown	no strings	4
00ad6dd0	644	Unknown	no strings	4
00caef90	644	Unknown	no strings	20
01a12270	644	Unknown	no strings	16
003bebd0	643	MDMetaWindowController	1 strings	16
007f5ec0	643	GNPullDownButton	1 strings	14
007f6250	643	GNPullDownButton	1 strings	14
007f65e0	643	GNPullDownButton	1 strings	14
00b7e620	643	Unknown	no strings	27
010bcb30	643	Unknown	no strings	1
012ebd30	643	Unknown	no strings	10
012ebfe0	643	Unknown	no strings	10
015b3350	643	Unknown	no strings	15
0009edf0	642	Unknown	no strings	26
00bf87d0	642	GNString	1 strings	14
00d41430	642	Unknown	no strings	12
013ecba0	642	Unknown	no strings	21
01bb10c0	642	Unknown	no strings	18
0025ece0	641	Unknown	no strings	23
010bf9e0	641	Unknown	1 strings	1
0118a6a0	641	MUTrack	8 strings	23
01313720	641	Unknown	no strings	20
018c1dd0	641	MUTagOptionAttribute	1 strings	15
01b91500	641	Unknown	no strings	21
01ccbbc0	641	Unknown	no strings	21
01f312b0	641	Unknown	no strings	20
0021eea0	640	Unknown	no strings	14
002f1240	640	MDAudioTrackItem	1 strings	15
00b77cb0	640	Unknown	no strings	1
00b870b0	640	Unknown	no strings	2
00d587f0	640	Unknown	no strings	20
00d590b0	640	Unknown	no strings	20
00fd9310	640	Unknown	7 strings	1
01cc2760	640	Unknown	no strings	1
01f02a40	640	GNString	1 strings	15
01f44640	640	Unknown	no strings	20
01f7cd50	640	Unknown	no strings	25
006577f0	639	Unknown	no strings	25
01ab2a40	639	GNString	1 strings	16
01bfba30	639	Unknown	no strings	22
01e4b9a0	639	Unknown	no strings	19
005631a0	638	MDEditorView	1 strings	16
00ad5540	638	Unknown	no strings	4
00ad5b10	638	Unknown	no strings	4
00ce3d80	638	Unknown	no strings	16
00dad420	638	Unknown	no strings	17
00df0630	638	Unknown	no strings	17
011f78b0	638	Unknown	no strings	15
01670fa0	638	Unknown	1 strings	20
017c56a0	638	GNFraction	6 strings	14
019a7590	638	Unknown	no strings	18
009f5a30	637	Unknown	no strings	10
00b621b0	637	Unknown	no strings	27
0044c950	636	Unknown	no strings	20
00459a90	636	Unknown	no strings	18
00609c50	636	Unknown	no strings	22
008e30d2	636	Unknown	no strings	4
00958ae0	636	Unknown	no strings	7
00b21b60	636	Unknown	no strings	13
0123ac80	636	Unknown	no strings	22
01657410	636	Unknown	no strings	24
01736840	636	Unknown	no strings	26
01a0ac00	636	Unknown	no strings	21
01d47c40	636	Unknown	no strings	24
01e595b0	636	Unknown	3 strings	13
000830c0	635	Unknown	no strings	10
009daaae	635	Unknown	no strings	15
00a61c5c	635	Unknown	no strings	21
00bf3f50	635	GNOverloudConvolver	1 strings	23
00cba120	635	Unknown	no strings	23
00e4a130	635	Unknown	no strings	23
00e53510	635	Unknown	no strings	21
01024220	635	Unknown	no strings	1
0102b910	635	Unknown	no strings	1
01804160	635	Unknown	no strings	15
01d900f0	635	GNGraphicsContext	1 strings	16
01e18770	635	Unknown	no strings	21
002a9ff0	634	MDMetaWindowController	1 strings	12
00d6ebd0	634	Unknown	no strings	22
00df5d40	634	Unknown	2 strings	15
012b9ad0	634	Unknown	no strings	2
01bb5f00	634	Unknown	no strings	17
01d883a0	634	Unknown	no strings	13
01dae920	634	Unknown	no strings	9
01f30d40	634	Unknown	8 strings	8
001de420	633	GNUni	6 strings	15
0037ab30	633	Unknown	no strings	22
00e55d80	633	Unknown	no strings	23
01056810	633	Unknown	3 strings	1
01433780	633	Unknown	no strings	28
014fc970	633	Unknown	2 strings	14
019ad3e0	633	MUEditorSubview	1 strings	11
01b7bf20	633	Unknown	no strings	10
01cc68d0	633	Unknown	no strings	1
0023e900	632	Unknown	no strings	21
0025e630	632	Unknown	no strings	21
014bd640	632	Unknown	no strings	19
017d5dc0	632	Unknown	no strings	12
01b4c850	632	Unknown	no strings	21
01ba2680	632	Unknown	no strings	17
01d818b0	632	Unknown	no strings	12
01e85f80	632	GNLocaleExportController	1 strings	16
0021b390	631	MDScaleModeSequenceView	1 strings	15
00291c30	631	Unknown	no strings	23
0062deb0	631	Unknown	1 strings	18
00e9a650	631	Unknown	1 strings	21
01418260	631	Unknown	no strings	11
01ccbf60	631	Unknown	no strings	21
01f1fc80	631	Unknown	8 strings	15
0095c67a	630	Unknown	no strings	1
009e4ecc	630	Unknown	no strings	5
01892140	630	GNString	1 strings	14
01c07800	630	Unknown	no strings	17
01e3b960	630	Unknown	no strings	15
000bace0	629	Unknown	no strings	25
0023cd00	629	Unknown	no strings	24
0023d150	629	Unknown	no strings	24
005f1790	629	MDViewSettings	7 strings	4
005f1a30	629	MDViewSettings	7 strings	4
008fffc2	629	Unknown	8 strings	4
00941932	629	Unknown	3 strings	11
009ccdd5	629	Unknown	7 strings	12
00b3ce60	629	Unknown	no strings	19
00c29780	629	Unknown	no strings	23
019694b0	629	Unknown	no strings	21
019698a0	629	Unknown	no strings	21
01a25ee0	629	Unknown	no strings	17
01d32790	629	Unknown	no strings	23
002c0100	628	MDMetaWindowController	1 strings	15
002cba10	628	MDMetaWindowController	1 strings	12
00b4f760	628	GNPlugInWrapperDelegate	1 strings	18
00cd6cd0	628	Unknown	no strings	18
00ce3320	628	Unknown	no strings	19
01a89190	628	Unknown	no strings	18
00db32a0	627	Unknown	no strings	26
0120a2e0	627	Unknown	no strings	20
01320250	627	Unknown	no strings	17
013e7d10	627	Unknown	no strings	18
013ece50	627	Unknown	no strings	21
01c3aae0	627	Unknown	no strings	20
00045740	626	GNJob	6 strings	4
005c6d00	626	MDEditorViewController	6 strings	4
0085d370	626	MUSignatureEditorView	6 strings	4
008634f0	626	MUTempoEditorView	6 strings	4
008874c0	626	MDWorkspaceView	1 strings	9
009e0c3c	626	Unknown	4 strings	4
00e6d7a0	626	Unknown	no strings	26
01111a30	626	Unknown	4 strings	14
015c9600	626	Unknown	no strings	14
017433e0	626	Unknown	no strings	13
01b82070	626	Unknown	no strings	16
004a0530	625	Unknown	no strings	16
00cd9c60	625	Unknown	no strings	19
013f1180	625	Unknown	no strings	20
0165fd70	625	GNFraction	6 strings	12
018da2a0	625	Unknown	no strings	4
01a8bff0	625	Unknown	no strings	15
01b5a070	625	Unknown	no strings	25
01c0f300	625	Unknown	no strings	20
01e354b0	625	Unknown	no strings	15
008bca62	624	Unknown	7 strings	4
01073660	624	Unknown	1 strings	2
01394a40	624	Unknown	1 strings	22
01d38830	624	Unknown	no strings	11
00335da0	623	Unknown	4 strings	17
006c48c0	623	Unknown	no strings	19
007c9e20	623	Unknown	4 strings	17
00aa0894	623	Unknown	no strings	2
00b38c20	623	Unknown	5 strings	17
00c1a2c0	623	Unknown	no strings	23
00ce1700	623	Unknown	no strings	18
00de4b90	623	Unknown	no strings	18
013fc010	623	Unknown	no strings	4
016cc400	623	Unknown	no strings	15
017fa950	623	Unknown	no strings	19
01d0ec70	623	Unknown	no strings	11
01d22e00	623	Unknown	4 strings	17
01ed0d70	623	Unknown	no strings	26
01f08380	623	Unknown	1 strings	24
0030e7f0	622	MUMultiTrackTracksView	1 strings	21
0052d020	622	Unknown	no strings	11
00b5d1a0	622	Unknown	no strings	19
00bc0a20	622	Unknown	no strings	13
010816a0	622	Unknown	no strings	1
01b7c6b0	622	Unknown	no strings	16
01cf7150	622	Unknown	no strings	12
01f92800	622	GNActionRegistration	1 strings	17
0096ba8a	621	Unknown	no strings	17
009fb2f0	621	Unknown	no strings	2
00fbdd80	621	Unknown	no strings	1
012ea6f0	621	Unknown	no strings	12
01312f90	621	Unknown	no strings	22
0190f240	621	Unknown	no strings	18
00703c00	620	Unknown	no strings	17
016ac280	620	Unknown	no strings	18
0171c180	620	GNString	1 strings	20
01e3c0a0	620	Unknown	no strings	10
004a4d90	619	Unknown	no strings	20
00611860	619	Unknown	no strings	26
007bd5b0	619	Unknown	6 strings	13
0088dffa	619	Unknown	no strings	1
00bd1ca0	619	Unknown	no strings	12
00f4b150	619	Unknown	1 strings	1
011eded0	619	Unknown	no strings	1
0161e1a0	619	Unknown	no strings	7
018ec500	619	Unknown	no strings	17
01c92050	619	Unknown	no strings	16
007bdc90	618	Unknown	5 strings	13
009ae428	618	Unknown	4 strings	19
00f33170	618	Unknown	no strings	2
011a5bd0	618	GNInt	5 strings	22
0142e970	618	Unknown	no strings	15
01cf85d0	618	Unknown	no strings	9
00385ce0	617	Unknown	no strings	19
00914382	617	Unknown	7 strings	7
00d613b0	617	Unknown	no strings	14
01151740	617	MULibraryFileKind	10 strings	3
013fc290	617	Unknown	no strings	16
019184e0	617	Unknown	no strings	21
01c50580	617	Unknown	no strings	23
00543570	616	Unknown	no strings	14
005efdc0	616	MUTextField	1 strings	13
009cf554	616	Unknown	no strings	2
00c3b7b0	616	Unknown	no strings	23
017dd2b0	616	Unknown	no strings	5
01e77210	616	Unknown	no strings	15
01f561f0	616	Unknown	no strings	3
000c6250	615	Unknown	1 strings	12
00511de0	615	Unknown	no strings	11
0091bc56	615	Unknown	7 strings	3
00adb600	615	TSocket	2 strings	8
00d73c90	615	Unknown	no strings	24
00ddd990	615	Unknown	no strings	3
013133d0	615	Unknown	no strings	22
01b16ca0	615	Unknown	no strings	18
01be64b0	615	Unknown	no strings	18
01da5fb0	615	Unknown	no strings	22
009d4418	614	Unknown	4 strings	18
00d07010	614	Unknown	1 strings	18
00dd8370	614	Unknown	no strings	24
01e9f5a0	614	Unknown	no strings	12
00093470	613	Unknown	no strings	25
005323e0	613	Unknown	no strings	27
008d8e40	613	Unknown	no strings	3
01256a50	613	Unknown	no strings	20
014fd840	613	Unknown	no strings	20
01774880	613	Unknown	no strings	19
01784be0	613	MULoopComponentDensityDummyEnumRegistrationClass	5 strings	4
01785110	613	MULoopComponentPitchRangeDummyEnumRegistrationClass	5 strings	4
017d81c0	613	MULoopToneDummyEnumRegistrationClass	5 strings	4
017e7190	613	Unknown	no strings	18
000030f0	612	Unknown	no strings	26
00073b40	612	Unknown	no strings	19
0012b970	612	MDExportControllerItem	1 strings	15
003a85d0	612	MDMetaWindowController	1 strings	12
008ed63e	612	Unknown	5 strings	2
00905508	612	Unknown	no strings	2
009da82e	612	Unknown	1 strings	7
00d54360	612	Unknown	no strings	16
01652930	612	Unknown	no strings	16
016a5360	612	MUAraDocumentController	5 strings	17
01cca7a0	612	Unknown	no strings	25
01d13800	612	Unknown	no strings	23
01d16560	612	Unknown	no strings	18
01f45960	612	Unknown	no strings	21
000f3ac0	611	MDMetaWindowController	1 strings	12
009710c4	611	Unknown	no strings	16
00b160d0	611	Unknown	no strings	19
00cbbfd0	611	Unknown	no strings	13
013e6a80	611	Unknown	no strings	17
01521110	611	Unknown	4 strings	13
015b9e20	611	Unknown	no strings	22
01690310	611	MUAraPlugInWrapperDelegate	1 strings	14
0170d020	611	Unknown	no strings	20
000585f0	610	GNVariable	1 strings	14
004b8670	610	Unknown	no strings	28
010f5320	610	MUAudioSourceDescription	6 strings	22
0110ae80	610	MUAudioSourceDescription	5 strings	26
015f8d00	610	Unknown	no strings	2
000b41e0	609	MDAsyncProcess	1 strings	17
008b7058	609	Unknown	7 strings	22
008c3a20	609	Unknown	7 strings	22
008c566e	609	Unknown	7 strings	5
010d8920	609	MUGrooveBasedQuarterAnalyzer	1 strings	19
01ca7bd0	609	Unknown	4 strings	13
01e41810	609	Unknown	no strings	6
00d46530	608	Unknown	no strings	22
00d46aa0	608	Unknown	no strings	22
015bcb20	608	Unknown	no strings	25
015faee0	608	Unknown	no strings	26
01b192b0	608	Unknown	no strings	22
01b6e930	608	Unknown	no strings	11
01cacbe0	608	GNPBListWrapper	1 strings	15
001d1410	607	Unknown	3 strings	20
00561840	607	MDCopyAndPaste	1 strings	16
00814030	607	MUScrollerSlider	1 strings	14
00a6817e	607	Unknown	no strings	3
00b6b8c0	607	Unknown	no strings	23
00dbb5a0	607	Unknown	no strings	23
015abbd0	607	GNDictionary	1 strings	15
015b7fe0	607	Unknown	no strings	7
01f7c3a0	607	GNRadialColorGradient	1 strings	15
008de01a	606	Unknown	5 strings	2
00bd8740	606	Unknown	no strings	20
00c74170	606	Unknown	no strings	12
00d25b40	606	Unknown	4 strings	22
00d46dc0	606	Unknown	no strings	23
00d66830	606	GNObject	3 strings	4
00d66bb0	606	GNObject	3 strings	4
01a05b50	606	Unknown	no strings	23
01bca740	606	Unknown	no strings	23
01c796d0	606	Unknown	no strings	28
000866b0	605	Unknown	no strings	21
002eee80	605	Unknown	no strings	13
004a87c0	605	Unknown	no strings	21
00ab94d4	605	Unknown	no strings	8
00bb7ca0	605	Unknown	1 strings	21
00bdad20	605	GNPlugInHostDocument	1 strings	14
01d2aeb0	605	Unknown	no strings	17
0043f880	604	Unknown	2 strings	21
006483a0	604	Unknown	no strings	25
00812d20	604	MUScaleRulerHeaderSquareTextField	1 strings	13
00b2a950	604	Unknown	no strings	26
00c6c8c0	604	Unknown	no strings	1
01cb6670	604	Unknown	no strings	10
01d45080	604	Unknown	no strings	16
01e775c0	604	GNTableTextDataField	1 strings	13
01f47190	604	Unknown	no strings	16
006fabd0	603	Unknown	no strings	18
0091d200	603	Unknown	no strings	1
009aec30	603	Unknown	3 strings	19
00c81410	603	Unknown	no strings	24
00e89df0	603	Unknown	no strings	17
012a6fc0	603	Unknown	no strings	18
01ce4ab0	603	Unknown	no strings	11
01d741d0	603	Unknown	no strings	19
00153100	602	Unknown	1 strings	18
00170e40	602	MDProgressViewBar	1 strings	15
00201ac0	602	GNTimer	1 strings	13
00d79820	602	Unknown	no strings	14
010c1860	602	Unknown	3 strings	2
012c85c0	602	Unknown	no strings	18
012df8d0	602	Unknown	no strings	16
01504640	602	Unknown	1 strings	18
0150a640	602	Unknown	1 strings	18
01a61310	602	Unknown	no strings	17
01aa6890	602	Unknown	no strings	17
01bbc300	602	Unknown	no strings	13
01cb9170	602	Unknown	no strings	13
01e18220	602	Unknown	no strings	10
01efdb00	602	Unknown	no strings	9
000c1be0	601	Unknown	no strings	28
0011eac0	601	Unknown	no strings	18
00356ea0	601	Unknown	no strings	20
0043df50	601	Unknown	no strings	16
0080a190	601	MUDetectionActivationSlider	1 strings	15
009a8daa	601	Unknown	no strings	4
009f4b13	601	Unknown	no strings	4
00b6ff00	601	Unknown	no strings	24
01030140	601	Unknown	no strings	1
019e6f90	601	Unknown	no strings	3
01c49e10	601	MUTempoEditorViewItem	1 strings	19
01d99db0	601	GNMultiRulerView	1 strings	15
01dbdd40	601	Unknown	no strings	16
01df05b0	601	Unknown	no strings	18
01f7db00	601	Unknown	no strings	21
000ff260	600	MDMetaWindowController	1 strings	12
002d9a60	600	MDMetaWindowController	1 strings	12
003a7840	600	MDMetaWindowController	1 strings	12
00448850	600	MDMetaWindowController	1 strings	12
0045f200	600	MDMetaWindowController	1 strings	12
004a9400	600	MDMetaWindowController	1 strings	12
00831880	600	MUTextFieldDragAndEditHandler	2 strings	13
0096c720	600	Unknown	no strings	9
00e44ff0	600	Unknown	1 strings	19
0116a4c0	600	Unknown	no strings	14
01e5e460	600	Unknown	1 strings	11
01e5f4b0	600	Unknown	no strings	17
000f9080	599	GNControl	3 strings	5
0012d660	599	MDExportControllerFormat	3 strings	4
006faff0	599	Unknown	no strings	18
00789d70	599	Unknown	no strings	19
007b1530	599	GNSoundFile	3 strings	4
00efda22	599	Unknown	no strings	1
0110c460	599	MUAudioSourceDescription	7 strings	16
012c8210	599	Unknown	no strings	16
015095d0	599	MUPart	3 strings	21
01eb31c0	599	Unknown	no strings	12
01ecfac0	599	Unknown	no strings	22
00187e40	598	GNScroller	1 strings	15
00356890	598	Unknown	no strings	20
005f3190	598	MDViewSettings	6 strings	4
00c880c0	598	Unknown	no strings	15
00def740	598	Unknown	no strings	15
00e45ff0	598	Unknown	no strings	20
014d1e00	598	Unknown	no strings	19
0168e5c0	598	Unknown	9 strings	24
01e7ef60	598	GNComboBox	1 strings	13
008be936	597	Unknown	7 strings	22
008c44ba	597	Unknown	7 strings	22
008c96e8	597	Unknown	7 strings	22
008cb890	597	Unknown	7 strings	22
008d572c	597	Unknown	7 strings	22
00906968	597	Unknown	7 strings	22
00919924	597	Unknown	7 strings	22
009f7f02	597	Unknown	no strings	7
00bc6940	597	Unknown	no strings	19
00cb1fa0	597	Unknown	no strings	15
00f6f7e0	597	Unknown	1 strings	1
0140d370	597	Unknown	no strings	19
01500530	597	Unknown	no strings	20
016b9ed0	597	MUAraContentReader	4 strings	15
017d58d0	597	Unknown	no strings	20
01cc98b0	597	Unknown	no strings	16
00171760	596	MDProgressViewController	1 strings	13
0023dfd0	596	Unknown	no strings	19
00451150	596	Unknown	no strings	20
005e6ed0	596	MDToolbarPositionCtrl	1 strings	15
00618f70	596	Unknown	no strings	30
00971330	596	Unknown	no strings	14
00b19fa0	596	Unknown	no strings	22
00cf8050	596	GNStream	4 strings	4
00efcac6	596	Unknown	no strings	4
00f5e830	596	Unknown	1 strings	1
017df3a0	596	GNInt	4 strings	11
0186be40	596	Unknown	no strings	19
01c030e0	596	Unknown	no strings	17
01ccc2f0	596	Unknown	no strings	17
001e1200	595	GNRange	6 strings	18
00f2bb1f	595	Unknown	no strings	1
010da0a0	595	MULoopWatermarkAnalyzer	1 strings	17
014bf230	595	Unknown	no strings	1
01d4b830	595	Unknown	no strings	21
000f95b0	594	Unknown	no strings	2
00869410	594	Unknown	no strings	32
009c6b2c	594	Unknown	no strings	1
0110ccb0	594	GNData	4 strings	16
000f4cc0	593	Unknown	no strings	23
004f9d80	593	Unknown	no strings	15
00d8cbf0	593	Unknown	no strings	23
01b7cfc0	593	Unknown	no strings	15
01d694d0	593	Unknown	no strings	23
008469f0	592	MUScaleBrowser	5 strings	17
0092a7ce	592	Unknown	no strings	7
00b10c00	592	GNPolyMidiInstrument	1 strings	15
00b76800	592	Unknown	no strings	13
0173ef00	592	Unknown	no strings	20
017946a0	592	Unknown	no strings	21
019aeb20	592	Unknown	no strings	13
01a66aa0	592	Unknown	no strings	21
01c93360	592	Unknown	no strings	20
01d73110	592	Unknown	no strings	15
00306fc0	591	MDTransferPluginTrackHeaderViewController	1 strings	12
00940f84	591	Unknown	3 strings	13
00dad000	591	Unknown	no strings	18
00ed3992	591	Unknown	no strings	1
00ed3be1	591	Unknown	no strings	1
016f5440	591	Unknown	no strings	21
018bc9c0	591	GNValue	1 strings	13
01d98b80	591	GNMultiRulerView	1 strings	10
0055f640	590	GNHeartbeatHandler	2 strings	19
00807c50	590	Unknown	no strings	118
0080df20	590	MUElementFormantInspector	1 strings	17
00c324e0	590	Unknown	no strings	4
00c70850	590	Unknown	no strings	18
013dbcd0	590	GNOperationProgressObserver	2 strings	11
0153de70	590	Unknown	no strings	17
01944f30	590	Unknown	no strings	6
01dd32f0	590	Unknown	no strings	18
01e731f0	590	GNHeartbeatHandler	2 strings	19
0006a5a0	589	Unknown	no strings	14
000883e0	589	Unknown	no strings	22
000fdf90	589	Unknown	no strings	12
001c3150	589	GNTextViewDelegate	2 strings	11
002beee0	589	MDMetaWindowController	1 strings	13
00526a80	589	Unknown	1 strings	17
008dab96	589	Unknown	7 strings	22
00c338a0	589	Unknown	no strings	12
00e3cd10	589	GNData	3 strings	12
013ed100	589	Unknown	no strings	17
01521e60	589	Unknown	no strings	1
0166d4c0	589	Unknown	no strings	18
016b0100	589	Unknown	2 strings	15
0023f1d0	588	Unknown	no strings	18
004a5a00	588	Unknown	no strings	20
006fe4f0	588	Unknown	no strings	23
008401e0	588	GNBrowserDataField	4 strings	16
00bba6c0	588	Unknown	no strings	15
00c615f0	588	Unknown	no strings	16
0198a0a0	588	Unknown	no strings	15
019bf190	588	Unknown	no strings	11
01e0c230	588	Unknown	no strings	18
001c5b80	587	GNDraggingInfo	1 strings	13
00611270	587	Unknown	no strings	21
00a9f004	587	Unknown	no strings	4
0103ff30	587	Unknown	1 strings	1
017bf3c0	587	Unknown	no strings	15
01bfef80	587	Unknown	no strings	15
01c01f90	587	Unknown	no strings	16
00457d20	586	Unknown	no strings	16
0065b0f0	586	Unknown	no strings	22
009dfbf8	586	Unknown	no strings	5
010ce910	586	MUAmplitudeAnalyzer	1 strings	16
01e56f90	586	GNStringTable	1 strings	12
01ee61e0	586	Unknown	no strings	15
01f164d0	586	Unknown	no strings	25
00181a30	585	GNFormattedTitleAssoc	1 strings	18
005b1650	585	GNUni	8 strings	22
007fafb0	585	Unknown	no strings	18
00f31830	585	Unknown	no strings	10
0125ec90	585	Unknown	no strings	18
016601d0	585	GNValue	1 strings	13
0171b9c0	585	Unknown	no strings	23
001839c0	584	GNFormatter	2 strings	20
00184f70	584	GNMenuView	1 strings	16
004a9ce0	584	MDLogoView	1 strings	15
00c60a70	584	Unknown	no strings	18
00db09b0	584	Unknown	no strings	18
010ba790	584	Unknown	no strings	3
014a89c0	584	Unknown	no strings	11
0165b1b0	584	Unknown	no strings	13
01815fa0	584	Unknown	no strings	8
01d20ca0	584	Unknown	no strings	21
01d661f0	584	Unknown	no strings	23
01df1960	584	GNTableViewAssoc	1 strings	16
0080b600	583	MUDetectionQuarterAssignmentInspector	1 strings	17
0080da70	583	MUElementAmplitudeInspector	1 strings	17
009d382a	583	Unknown	no strings	6
00e2d190	583	Unknown	no strings	23
01048150	583	Unknown	no strings	1
010c3820	583	Unknown	6 strings	2
01505340	583	Unknown	no strings	22
01ba5860	583	MUTextFieldDragAndEditHandler	2 strings	15
01bba650	583	MUTextFieldDragAndEditHandler	2 strings	15
01c12550	583	MUElementFadeInspector	1 strings	17
01e1a190	583	Unknown	no strings	16
01ece090	583	Unknown	no strings	21
00269ed0	582	Unknown	no strings	17
007a5ec0	582	GNSoundFileAIFFWriter	1 strings	17
00b64970	582	Unknown	no strings	20
00d40470	582	Unknown	no strings	18
00d8dd20	582	Unknown	1 strings	17
00dcf200	582	Unknown	1 strings	14
0142e5e0	582	Unknown	no strings	11
0164df60	582	Unknown	no strings	23
0190d9a0	582	Unknown	2 strings	19
00051da0	581	GNNotification	4 strings	4
0012ffe0	581	MDExportControllerRegion	3 strings	4
0021b050	581	MDChordSequenceView	1 strings	14
0080f2b0	581	MUHorizontalOverviewScroller	1 strings	14
00839f30	581	MUAudioSourceDescription	3 strings	4
0096a284	581	Unknown	no strings	20
00a00682	581	Unknown	5 strings	9
00b9b440	581	Unknown	no strings	23
00da49e0	581	Unknown	no strings	22
0113d230	581	MUElementAnalyzer	3 strings	4
013214f0	581	Unknown	no strings	19
01733dd0	581	Unknown	1 strings	19
019c10c0	581	Unknown	no strings	19
01b7ad50	581	Unknown	no strings	18
01dddd60	581	Unknown	no strings	19
00188a20	580	GNSwitchButton	1 strings	13
0033b5b0	580	Unknown	no strings	26
00504770	580	Unknown	no strings	25
008127f0	580	MUScaleRulerHeaderProgressButton	1 strings	13
009df20a	580	Unknown	no strings	3
00af4470	580	GNPolyMidiInstrument	1 strings	18
00e9df10	580	Unknown	no strings	1
00fbd190	580	Unknown	1 strings	1
010a1510	580	Unknown	1 strings	1
013ebd50	580	Unknown	no strings	18
013ff8e0	580	Unknown	no strings	15
01aa4830	580	MUPlaybackView	1 strings	13
01e769d0	580	GNRadioButton	1 strings	13
009ce84c	579	Unknown	no strings	13
00a147bc	579	Unknown	2 strings	17
00ad9ff0	579	Unknown	no strings	3
00b13c40	579	Unknown	no strings	26
00bf9510	579	Unknown	1 strings	21
0100c700	579	Unknown	no strings	1
01bf5140	579	MUMultiTrackDropTargets	1 strings	13
0017b500	578	GNAnimationView	1 strings	16
001932c0	578	Unknown	no strings	8
00447c70	578	Unknown	no strings	19
00a66d0e	578	Unknown	7 strings	3
00b2e6d0	578	Unknown	no strings	21
00c4bbb0	578	Unknown	4 strings	12
00c6dbc0	578	Unknown	no strings	8
00d67220	578	GNObject	3 strings	4
00daff00	578	Unknown	no strings	18
00dd9100	578	Unknown	1 strings	18
01278c70	578	Unknown	no strings	17
01b587b0	578	Unknown	no strings	22
01c26760	578	Unknown	no strings	8
000a8dd0	577	MDNotificationObserver	5 strings	16
010c5370	577	Unknown	2 strings	1
01de5660	577	Unknown	1 strings	15
0006f3d0	576	MDMetaWindowController	1 strings	16
00357e20	576	Unknown	no strings	22
0091a1be	576	Unknown	8 strings	3
00b5ec40	576	Unknown	no strings	22
00dd16c0	576	Unknown	no strings	19
00e00580	576	Unknown	no strings	23
01433c40	576	Unknown	no strings	16
01700f60	576	Unknown	no strings	17
01940d70	576	Unknown	no strings	14
01e17860	576	Unknown	no strings	14
01f4e6a0	576	Unknown	no strings	1
00179040	575	Unknown	2 strings	23
002dd870	575	Unknown	no strings	20
009b9b44	575	Unknown	4 strings	21
009cc4fb	575	Unknown	1 strings	12
00aa7086	575	Unknown	no strings	4
013699d0	575	Unknown	no strings	15
015b82b0	575	Unknown	no strings	5
01913980	575	Unknown	1 strings	22
01d3a930	575	Unknown	no strings	18
001899f0	574	GNTabView	1 strings	19
0035a900	574	MDKeyModifierActionHelper	1 strings	12
004f01b0	574	Unknown	no strings	15
00863790	574	MUTempoEditorView	3 strings	5
0088984a	574	Unknown	no strings	2
008c05de	574	Unknown	no strings	2
00aae772	574	Unknown	no strings	3
00d5a9c0	574	Unknown	2 strings	17
01034c20	574	Unknown	no strings	1
011cd5a0	574	MUTrackPreloadRange	1 strings	12
01d26620	574	Unknown	no strings	16
01f8ce40	574	Unknown	no strings	17
007fbb40	573	Unknown	no strings	14
0080bf20	573	MUDetectionBaseInsp	1 strings	18
008be6d6	573	Unknown	6 strings	2
00a139b2	573	Unknown	3 strings	16
00bbfa40	573	Unknown	no strings	11
010596c0	573	Unknown	1 strings	2
01787bb0	573	Unknown	no strings	8
01a041f0	573	Unknown	no strings	17
01c312d0	573	Unknown	no strings	17
01d51f30	573	Unknown	no strings	1
01e6d410	573	Unknown	no strings	6
00068b60	572	GNInt	5 strings	14
002c2710	572	Unknown	no strings	14
002fa180	572	GNBorderStyle	3 strings	5
00565ea0	572	Unknown	no strings	15
00711930	572	MDPluginPreferencesController	1 strings	14
00808f90	572	MUPasteboardHandler	1 strings	19
00ef7cdb	572	Unknown	no strings	3
013fe1d0	572	Unknown	no strings	12
017c0290	572	Unknown	no strings	23
01bd91b0	572	Unknown	no strings	18
01cfc0e0	572	Unknown	no strings	18
01cfc3c0	572	Unknown	no strings	18
01d3ac40	572	Unknown	no strings	14
01eabaa0	572	Unknown	no strings	7
00135840	571	GNSoundFileFormat	3 strings	4
002af9a0	571	Unknown	no strings	16
00811850	571	MUScaleDetectionOptionsCtrl	1 strings	18
00dfab50	571	Unknown	no strings	26
00e1c940	571	Unknown	1 strings	17
010c3320	571	Unknown	10 strings	1
011554e0	571	MULoopWorkflowStep	9 strings	3
01194410	571	Unknown	no strings	31
012a81f0	571	Unknown	no strings	17
016d72a0	571	Unknown	no strings	19
017d79e0	571	MULoopComponentId	3 strings	4
01e9a760	571	Unknown	no strings	21
002d6160	570	MDProjectAudioSource	1 strings	12
00364bb0	570	Unknown	no strings	12
00561de0	570	Unknown	no strings	15
005dbd30	570	MDPluginTimeProgressor	1 strings	10
00c7fa90	570	Unknown	no strings	16
00d16be0	570	GNQualifierVariable	1 strings	14
012e57f0	570	MULSSGenerator	1 strings	14
017d1b50	570	Unknown	2 strings	18
019da0f0	570	Unknown	no strings	11
01b05670	570	Unknown	no strings	17
01ce0d70	570	Unknown	no strings	8
01cfb920	570	Unknown	no strings	18
01e6e800	570	Unknown	no strings	12
01f42cb0	570	Unknown	1 strings	20
0056f450	569	GNCelemonyAccountClient	5 strings	15
0085a3b0	569	GNFraction	5 strings	12
008c37ca	569	Unknown	6 strings	4
00951ac0	569	Unknown	2 strings	3
0097bef4	569	Unknown	no strings	8
00b7cae0	569	Unknown	no strings	22
00e88a90	569	Unknown	no strings	19
010d0100	569	MUAudioGeneratorRenderer	1 strings	16
017e3fb0	569	Unknown	no strings	32
01bd3c40	569	MUSpectrumShaper	1 strings	16
01caa390	569	Unknown	no strings	7
01dd6cc0	569	Unknown	no strings	11
000f12a0	568	MDSystemLoadView	1 strings	13
00810670	568	MUPointBasedFunctionView	1 strings	19
00b71b20	568	Unknown	no strings	15
00b8e6a0	568	GNSoundFileCache	1 strings	12
00bf33e0	568	GNOverloudMutronIIIWah	1 strings	18
00de5030	568	Unknown	no strings	15
016be890	568	Unknown	no strings	14
01a77500	568	Unknown	no strings	22
01c8e070	568	MUSignatureEditorRulerView	1 strings	11
01d24c50	568	Unknown	no strings	20
0023d5a0	567	Unknown	no strings	23
002e3100	567	MDTransferPluginTrackHeaderViewController	1 strings	17
0088b428	567	Unknown	6 strings	5
00a9aea4	567	Unknown	no strings	5
00aebab0	567	Unknown	no strings	21
00b2fa60	567	Unknown	no strings	14
01329cf0	567	Unknown	no strings	16
0188f2b0	567	Unknown	no strings	19
01b81d90	567	Unknown	no strings	17
01dd6930	567	Unknown	no strings	12
00b27640	566	Unknown	no strings	1
00d8fd30	566	Unknown	1 strings	22
00e134b0	566	Unknown	no strings	21
00e8f8c0	566	Unknown	no strings	12
012dfc10	566	Unknown	no strings	15
0150f500	566	Unknown	no strings	13
01a36510	566	Unknown	no strings	9
01b53ad0	566	Unknown	no strings	19
01cfbc00	566	Unknown	no strings	18
01e5bd60	566	Unknown	1 strings	1
01eb3ca0	566	Unknown	no strings	14
0030b420	565	MDAudioTrackItem	1 strings	11
0095ceac	565	Unknown	no strings	10
0125a2f0	565	Unknown	no strings	18
0126f100	565	Unknown	no strings	16
01df4ef0	565	Unknown	no strings	21
01e15f00	565	Unknown	no strings	13
0024b760	564	Unknown	no strings	13
0024de90	564	Unknown	no strings	16
009b01a6	564	Unknown	6 strings	27
01415520	564	MUSpectrumShaper	1 strings	12
01c4e0b0	564	Unknown	no strings	24
01db2dc0	564	Unknown	no strings	7
009883ee	563	Unknown	4 strings	9
0098ae78	563	Unknown	4 strings	9
00ccfb30	563	Unknown	no strings	11
00dabfc0	563	Unknown	no strings	15
00e3c4f0	563	Unknown	no strings	1
00e3c730	563	Unknown	no strings	1
01cfb0d0	563	Unknown	no strings	1
01e5c410	563	Unknown	1 strings	4
000b5720	562	Unknown	no strings	25
000c24e0	562	Unknown	no strings	6
0039f0d0	562	Unknown	no strings	13
00655020	562	Unknown	no strings	17
009a86b0	562	Unknown	no strings	6
009abfe2	562	Unknown	5 strings	16
00ce55a0	562	Unknown	no strings	13
0103a8e0	562	Unknown	1 strings	2
019ae080	562	Unknown	no strings	5
01a40570	562	Unknown	no strings	1
01a5cd20	562	MUTool	1 strings	15
01d39b10	562	Unknown	no strings	20
01deec00	562	GNTableColumnAssoc	1 strings	13
01deef50	562	GNTableColumnAssoc	1 strings	13
01e63b70	562	Unknown	no strings	17
0017e420	561	GNBrowserDataField	1 strings	14
002de8e0	561	Unknown	no strings	22
009d70d8	561	Unknown	no strings	8
0114d0f0	561	GNInt	5 strings	11
01166a70	561	MULSSElementRenderer	1 strings	13
011b4770	561	GNInt	5 strings	11
011d3bc0	561	MUTranspositionMapper	3 strings	4
011d6e90	561	MUVoiceMapper	3 strings	4
0150a2e0	561	MUScalePitchSystemSequence	1 strings	20
0165a450	561	Unknown	no strings	9
01a5d400	561	Unknown	1 strings	23
01bf3920	561	MUMultiTrackView	1 strings	16
01ca71c0	561	Unknown	2 strings	9
01e9e600	561	Unknown	no strings	21
002d6cb0	560	MDProjectAudioSource	3 strings	4
002fcbc0	560	MUMultiTrackView	3 strings	4
0031a0f0	560	Unknown	no strings	16
00332340	560	Unknown	no strings	17
003540f0	560	Unknown	no strings	21
0046fc10	560	MDToolbarActivityCtrl	1 strings	19
004b5500	560	MDToolbarLayouter	3 strings	4
00540740	560	MURenderSliceTimeContext	3 strings	4
005c82b0	560	MDEditorViewController	3 strings	4
005c8510	560	MDEditorViewController	3 strings	4
005cbd80	560	MDFileBrowserInsp	3 strings	4
005da8e0	560	MDPlaybackController	3 strings	4
005f5130	560	MDWorkspaceLayoutStrategy	3 strings	4
005f5390	560	MDWorkspaceLayoutStrategy	3 strings	4
0064c7a0	560	Unknown	no strings	30
008ef24a	560	Unknown	no strings	1
00cc56c0	560	GNBinaryKeyValueArchiverDelegate	3 strings	11
00cc6460	560	GNBinaryKeyValueArchiverDelegate	3 strings	11
00ed3762	560	Unknown	no strings	1
01407c20	560	Unknown	no strings	22
0168ea70	560	Unknown	8 strings	23
016aeee0	560	Unknown	4 strings	19
01941d40	560	Unknown	no strings	18
01c50170	560	Unknown	no strings	21
01d4da00	560	GNGraphicsContextState	3 strings	4
01d4dc60	560	GNGraphicsContextState	3 strings	4
0048b760	559	Unknown	no strings	8
007ef7c0	559	GNOperationProgressObserver	2 strings	16
00afe410	559	GNInt	5 strings	11
00bcb330	559	Unknown	no strings	11
00c8d380	559	Unknown	no strings	4
00debcf0	559	Unknown	no strings	19
0117c2b0	559	GNUni	8 strings	19
011e95b0	559	MUThirdsCircle	1 strings	12
01aef330	559	Unknown	no strings	15
00029710	558	GNAttributeType	1 strings	14
00455a20	558	Unknown	no strings	20
00763640	558	Unknown	no strings	9
0082f7f0	558	MUTextFieldDragAndEditHandler	2 strings	11
00cb2800	558	Unknown	no strings	18
00db2960	558	Unknown	no strings	17
01251710	558	GNNull	5 strings	14
01400c50	558	Unknown	no strings	11
016af570	558	Unknown	4 strings	16
0173bbf0	558	Unknown	no strings	17
019c13c0	558	Unknown	no strings	16
01c03420	558	Unknown	no strings	17
01c03760	558	Unknown	no strings	17
01d6c2d0	558	Unknown	no strings	11
000619d0	557	GNThread	3 strings	4
001e3dc0	557	GNPopUpButton	1 strings	12
00310970	557	Unknown	no strings	23
00501710	557	Unknown	no strings	19
005efaa0	557	Unknown	no strings	31
009e70a0	557	Unknown	no strings	4
00c9c3c0	557	Unknown	no strings	19
00d1e780	557	GNString	1 strings	11
00d3b130	557	Unknown	no strings	16
00d3ce40	557	Unknown	no strings	16
00da7ea0	557	GNForeignThreadPool	3 strings	4
0100c280	557	Unknown	no strings	1
0168f7f0	557	MUAraModelManager	6 strings	26
0192bba0	557	Unknown	no strings	15
01a67240	557	Unknown	no strings	19
01bd8c50	557	Unknown	no strings	15
01be7d10	557	Unknown	no strings	16
01c4b180	557	Unknown	no strings	12
01f43950	557	Unknown	no strings	19
00177bb0	556	Unknown	no strings	19
001e4aa0	556	GNPopUpButtonAssoc	1 strings	14
00502e50	556	Unknown	no strings	28
0095583c	556	Unknown	2 strings	15
009cf328	556	Unknown	no strings	3
00af1220	556	Unknown	no strings	17
00b31a30	556	Unknown	no strings	12
012664b0	556	Unknown	no strings	11
0135d660	556	Unknown	no strings	13
015c31c0	556	Unknown	no strings	1
016d5920	556	Unknown	no strings	18
01b7b0a0	556	Unknown	no strings	19
01e3f2c0	556	Unknown	no strings	2
001883f0	555	GNSplitView	1 strings	19
00385960	555	Unknown	no strings	13
00810180	555	MUPitchSystemRulerView	1 strings	15
00970288	555	Unknown	no strings	4
00ea96f2	555	Unknown	no strings	1
01b9c8a0	555	Unknown	no strings	16
01b9cc10	555	Unknown	no strings	16
01f45680	555	GNInfoController	1 strings	13
00aa31be	554	Unknown	no strings	6
00bcd190	554	GNSoundFilePreloadRange	1 strings	11
00fce680	554	Unknown	no strings	5
0177e1f0	554	Unknown	no strings	20
018c64d0	554	Unknown	no strings	16
01a1af40	554	Unknown	no strings	19
01a362b0	554	Unknown	no strings	9
01b2b1d0	554	Unknown	no strings	1
01e93c70	554	Unknown	no strings	21
00053f90	553	GNStringAnalyzer	1 strings	11
0084c490	553	MUPreviewController	1 strings	14
008d865e	553	Unknown	5 strings	4
008d8920	553	Unknown	7 strings	20
00967b0c	553	Unknown	no strings	4
01195860	553	MUPitchClassMapper	3 strings	4
01197c30	553	MUPitchMapper	3 strings	4
01197e80	553	MUPitchMapper	3 strings	4
011d3970	553	MUTranspositionMapper	3 strings	4
011d74a0	553	MUPartMapperScaleScope	3 strings	4
016af230	553	Unknown	4 strings	18
017712c0	553	Unknown	no strings	12
017794e0	553	Unknown	no strings	6
0017f5f0	552	GNComboBoxAssoc	1 strings	17
008192b0	552	Unknown	no strings	10
00de0f30	552	Unknown	no strings	19
0141f160	552	Unknown	no strings	23
0192bf20	552	Unknown	no strings	15
01bb2d10	552	Unknown	2 strings	9
000343f0	551	GNClassModel	2 strings	16
001852e0	551	GNModuleViewAssoc	1 strings	18
00272a20	551	MDQuantizeController	1 strings	19
004fc6d0	551	MDHorizontalRulerSelectorView	1 strings	17
008b7348	551	Unknown	no strings	3
008b806c	551	Unknown	no strings	3
009c8fcc	551	Unknown	1 strings	4
00c5e440	551	Unknown	no strings	17
00dd4a40	551	Unknown	no strings	16
00e43c20	551	Unknown	no strings	1
00e90c20	551	Unknown	no strings	1
00fccfb0	551	Unknown	no strings	1
010d7b20	551	GNUni	5 strings	24
012879b0	551	Unknown	no strings	14
0151ca60	551	GNUni	5 strings	14
01773fe0	551	Unknown	no strings	12
0177d950	551	Unknown	no strings	20
0177de30	551	Unknown	no strings	20
018b8a80	551	GNHeartbeatHandler	2 strings	11
01b5a510	551	Unknown	no strings	21
01c09b60	551	Unknown	1 strings	15
01d2a8f0	551	Unknown	no strings	15
01dd66d0	551	GNControl	1 strings	9
0003f4c0	550	GNFile	3 strings	4
000639a0	550	GNTypedStream	3 strings	4
001bfee0	550	GNCursor	1 strings	11
002d6a60	550	MDProjectAudioSource	3 strings	4
00300f60	550	MUMultiTrackView	3 strings	4
005580b0	550	Unknown	1 strings	19
005ac4f0	550	MUDetectionEditorView	3 strings	4
006472f0	550	Unknown	no strings	18
007b2680	550	GNSoundFile	3 strings	4
00832d80	550	MUPitchTitleDisplayMode	3 strings	4
00866df0	550	MUTempoEditorView	3 strings	4
008b966c	550	Unknown	7 strings	20
009e5486	550	Unknown	no strings	3
00b04d60	550	GNMidiFile	3 strings	4
00b06e60	550	GNMidiFileKeyType	3 strings	4
00bcc880	550	GNSoundFileCacheRequest	1 strings	11
00c7a080	550	Unknown	no strings	22
00d68120	550	GNObject	3 strings	4
0198ffd0	550	Unknown	no strings	20
01aa8f10	550	Unknown	no strings	18
01b9ee80	550	Unknown	no strings	15
01ba1c90	550	Unknown	no strings	15
01bb4e00	550	Unknown	no strings	15
01bb7e50	550	Unknown	no strings	15
01bf0b70	550	Unknown	no strings	19
01bfc3d0	550	Unknown	no strings	15
01c233f0	550	Unknown	no strings	20
01ee0640	550	Unknown	no strings	15
00090780	549	Unknown	no strings	13
00953063	549	Unknown	3 strings	12
00b38500	549	Unknown	no strings	3
01259a60	549	Unknown	2 strings	14
01878fb0	549	Unknown	no strings	11
019c83e0	549	Unknown	no strings	14
01a9dab0	549	Unknown	no strings	12
01ce4390	549	Unknown	no strings	11
00b7be00	548	Unknown	no strings	19
00d1eda0	548	GNString	1 strings	11
00d1f040	548	GNString	1 strings	11
00e7d000	548	Unknown	no strings	1
00e8f2a0	548	Unknown	no strings	11
01063840	548	Unknown	no strings	1
010c3c80	548	Unknown	9 strings	3
012b6e60	548	Unknown	no strings	9
016962f0	548	MUAraPersistentObject	1 strings	11
0172b460	548	Unknown	no strings	1
017cfc50	548	Unknown	1 strings	18
01cec050	548	Unknown	no strings	12
0012e9c0	547	MDExportControllerFormat	3 strings	4
00190ad0	547	GNMenuView	3 strings	4
001b20a0	547	GNBoxView	1 strings	12
0030bb60	547	MDAudioTrackItem	3 strings	4
005bc0d0	547	MDEditorScrollView	3 strings	4
005be530	547	MDEditorView	3 strings	4
005be780	547	MDEditorView	3 strings	4
005da690	547	MDPlaybackController	3 strings	4
006dc860	547	MDVolumeFader	3 strings	4
007935f0	547	Unknown	no strings	13
009e5262	547	Unknown	no strings	3
00a624be	547	Unknown	no strings	41
00bfbb00	547	Unknown	no strings	20
00c0ef00	547	Unknown	no strings	14
00cc8780	547	Unknown	no strings	15
00d4acc0	547	GNString	1 strings	15
00e777b0	547	GNHTTPRequest	3 strings	4
011b2370	547	MUSpectrumShaper	3 strings	4
012a52b0	547	Unknown	no strings	12
0132c660	547	Unknown	no strings	21
013dd3f0	547	Unknown	no strings	14
015c24c0	547	Unknown	no strings	3
017766f0	547	Unknown	no strings	12
017d86f0	547	MULoopSwingResolutionIndexDummyEnumRegistrationClass	3 strings	4
01d4e050	547	QualityScoring	3 strings	4
01de4c40	547	Unknown	no strings	11
01f25620	547	Unknown	1 strings	7
00039550	546	Unknown	no strings	11
00339ee0	546	Unknown	no strings	16
0092e2c6	546	Unknown	3 strings	13
0093a51a	546	Unknown	4 strings	15
0095cb76	546	Unknown	no strings	9
009fca36	546	Unknown	no strings	3
00ca0840	546	Unknown	no strings	10
00d8e100	546	Unknown	1 strings	25
00d9c300	546	Unknown	no strings	10
00e817d0	546	Unknown	no strings	10
00f31bf0	546	Unknown	no strings	9
0101f050	546	Unknown	2 strings	2
0106cbe0	546	Unknown	1 strings	1
018ac3f0	546	Unknown	no strings	12
01a25050	546	Unknown	no strings	20
01a9d1d0	546	Unknown	no strings	14
01ca8220	546	Unknown	3 strings	11
0018b960	545	GNToolbarPalette	1 strings	18
004960c0	545	Unknown	no strings	13
0055ee40	545	MDWelcomePanelController	1 strings	17
007a77d0	545	GNSoundFileWAVEReader	1 strings	14
00966d65	545	Unknown	no strings	6
00ab7e04	545	Unknown	4 strings	13
00b4de00	545	Unknown	no strings	19
00b4e200	545	Unknown	no strings	19
00c3b430	545	Unknown	no strings	17
00e91580	545	Unknown	no strings	11
011f7510	545	Unknown	no strings	18
01312870	545	Unknown	no strings	15
0173b7c0	545	Unknown	no strings	20
01a5c3e0	545	Unknown	no strings	26
01b61dc0	545	Unknown	no strings	19
01c0ec80	545	Unknown	no strings	16
01cc5aa0	545	Unknown	no strings	11
01d0b3b0	545	Unknown	no strings	18
0017c120	544	GNToolBox	1 strings	18
001b2330	544	GNBorderStyle	3 strings	5
001ec260	544	GNScrollView	3 strings	5
002e2b40	544	MDVolumeSlider	1 strings	13
0037a800	544	GNString	1 strings	17
0052cc40	544	Unknown	no strings	8
0080e730	544	MUElementTimeInspector	1 strings	16
00813ce0	544	MUScaleStretchTuningView	1 strings	16
008c94a6	544	Unknown	6 strings	2
009fb00b	544	Unknown	no strings	3
009fbfb8	544	Unknown	no strings	3
00a6f5c6	544	Unknown	no strings	11
00ac099f	544	Unknown	3 strings	13
00b77430	544	Unknown	no strings	2
00b77a90	544	Unknown	no strings	2
00c7e840	544	Unknown	no strings	19
00d3f840	544	Unknown	no strings	24
011f6270	544	MUPulseAssignmentTarget	1 strings	4
01a152a0	544	MUDetectionPitchIndexAssignmentInspector	1 strings	16
01b0a620	544	Unknown	no strings	17
01c15c90	544	MUDetectionPitchCenterAssignmentInspector	1 strings	16
01da7fd0	544	Unknown	1 strings	19
01e3bcd0	544	Unknown	no strings	10
01e44a80	544	Unknown	no strings	7
01e82de0	544	GNBorderStyle	3 strings	5
000c3e50	543	Unknown	no strings	13
002dc360	543	Unknown	no strings	22
00ab9278	543	Unknown	no strings	14
00f72750	543	Unknown	9 strings	3
01266200	543	Unknown	no strings	11
013da5a0	543	Unknown	3 strings	17
019a72b0	543	Unknown	no strings	13
019dd050	543	Unknown	no strings	13
01db9210	543	Unknown	no strings	13
01e41d90	543	Unknown	no strings	13
001e02c0	542	GNTypographicLayout	1 strings	13
003372c0	542	Unknown	no strings	16
004b40e0	542	MDToolbarLayouter	1 strings	17
00c88bb0	542	Unknown	no strings	19
00fd7840	542	Unknown	1 strings	1
0152ec70	542	Unknown	no strings	15
017792c0	542	Unknown	no strings	6
0000dfe0	541	MUHostTimelineReader	5 strings	14
0035bbc0	541	Unknown	no strings	12
0039f7d0	541	Unknown	no strings	14
00908df2	541	Unknown	7 strings	20
00e7dbc0	541	Unknown	no strings	1
01484850	541	Unknown	no strings	25
01704680	541	Unknown	no strings	9
01aa4330	541	MUScaleBrowserItem	1 strings	16
01cc4ae0	541	Unknown	no strings	12
01f152b0	541	Unknown	no strings	15
009166aa	540	Unknown	no strings	5
00f05be4	540	Unknown	no strings	1
014ec6b0	540	Unknown	no strings	12
0176a2f0	540	Unknown	no strings	18
01b9dd50	540	Unknown	no strings	12
01bf1150	540	Unknown	no strings	9
00180450	539	GNCustomAssoc	1 strings	17
00355420	539	Unknown	no strings	22
00375250	539	Unknown	no strings	16
00565c40	539	MDTrackInsp	1 strings	15
00bf1e60	539	GNOverloudCompressor	1 strings	16
00ce1020	539	Unknown	no strings	18
01741b90	539	Unknown	no strings	8
01e737d0	539	GNBrowserDataSource	2 strings	16
0003cc30	538	Unknown	no strings	32
00043ac0	538	GNFraction	5 strings	11
00445ea0	538	Unknown	no strings	17
0080cdd0	538	MUDisplayPerformanceTimeMapper	1 strings	19
00826580	538	MUDetectionActivationSlider	1 strings	10
0094631c	538	Unknown	7 strings	23
00b10260	538	GNInt	4 strings	15
00db0470	538	Unknown	no strings	18
016f1a80	538	Unknown	no strings	16
01771c60	538	Unknown	no strings	15
01813bd0	538	MUPitchMapper	3 strings	5
01c1fe10	538	Unknown	no strings	13
00c7a7e0	537	Unknown	no strings	20
00c7ace0	537	Unknown	no strings	20
010b6150	537	Unknown	no strings	1
01654a70	537	Unknown	no strings	14
0175f5f0	537	Unknown	no strings	12
017d13c0	537	Unknown	no strings	17
019f2910	537	Unknown	no strings	16
01d05080	537	Unknown	1 strings	15
01e59140	537	Unknown	no strings	14
01f81660	537	Unknown	no strings	15
000c67f0	536	Unknown	no strings	13
0036e910	536	Unknown	no strings	23
004ae680	536	Unknown	no strings	19
00ae3262	536	Unknown	no strings	5
00b5af60	536	Unknown	no strings	10
00b77210	536	Unknown	no strings	2
00b77650	536	Unknown	no strings	2
00c1a890	536	GNOverloudConvolver	2 strings	9
00c930a0	536	Unknown	no strings	18
00de7070	536	GNHashAlgorithm	1 strings	10
00e58c60	536	GNBinaryKeyValueUnarchiver	2 strings	16
00e7bdc0	536	Unknown	no strings	1
011e6210	536	MUPotentialPathConnectionType	3 strings	4
016be130	536	MUAraContentReader	7 strings	5
01778fe0	536	Unknown	no strings	16
017fee20	536	Unknown	no strings	17
01803d20	536	MUPitchMapper	2 strings	9
01f90be0	536	GNShortCutSearchField	1 strings	11
0024e2a0	535	Unknown	no strings	21
0031ef40	535	MURelativeTimeProgressor	1 strings	13
006101a0	535	Unknown	no strings	11
009e87a4	535	Unknown	no strings	13
00e8ffc0	535	Unknown	no strings	10
01ef79a0	535	Unknown	no strings	13
00003ae0	534	GNPlugInControllerWrapper	1 strings	18
0054f510	534	Unknown	no strings	6
0098bde0	534	Unknown	4 strings	8
00a5475e	534	Unknown	no strings	23
00ae3664	534	Unknown	no strings	5
00d31720	534	Unknown	no strings	17
00dbd3b0	534	Unknown	1 strings	16
00e86820	534	Unknown	no strings	22
010e8f80	534	MUTimeSliceParameterBuffer	1 strings	16
014ee5f0	534	Unknown	no strings	12
01805370	534	Unknown	no strings	11
01a1dd20	534	Unknown	no strings	21
01a1e050	534	Unknown	no strings	21
01a1e380	534	Unknown	no strings	21
01c51a50	534	Unknown	no strings	7
01c5faf0	534	Unknown	no strings	17
01d8b250	534	Unknown	no strings	9
01edf3b0	534	Unknown	no strings	4
01f13fd0	534	Unknown	no strings	14
0031b7e0	533	Unknown	no strings	17
008139b0	533	MUScaleStretchTuningCtrl	1 strings	17
00ac1416	533	Unknown	3 strings	7
00af0870	533	GNAudioProcessorView	1 strings	18
00b6e120	533	Unknown	no strings	13
010d7110	533	MUElementRenderCluster	1 strings	18
012a85e0	533	Unknown	no strings	22
0142a580	533	MUGrooveBasedGrooveAssignment	1 strings	13
0184ac30	533	MUScaleRegion	1 strings	19
01b253d0	533	MUAudioFileSource	1 strings	13
01d954d0	533	GNMultiRulerView	1 strings	18
01db5150	533	Unknown	no strings	12
01e5c1a0	533	Unknown	1 strings	9
001b5c70	532	GNCharacterFormat	3 strings	4
001b7d70	532	GNClipView	3 strings	4
001b7fb0	532	GNClipView	3 strings	4
001b81f0	532	GNClipView	3 strings	4
001b8430	532	GNClipView	3 strings	4
001ecb80	532	GNScrollView	3 strings	4
001ef760	532	GNSplitViewItem	3 strings	4
00573310	532	MDAnimation	3 strings	4
00576f30	532	MDEditorDescription	3 strings	4
0057b970	532	MDLayer	3 strings	4
005f3e70	532	MDViewSettings	3 strings	4
0079afc0	532	MDExportController	3 strings	4
0083fe80	532	GNBrowser	3 strings	4
0086fe10	532	GNButtonType	3 strings	4
00980652	532	Unknown	no strings	1
009e3592	532	Unknown	no strings	10
00af9e20	532	GNAudioNullDevice	1 strings	12
010f6bf0	532	GNUni	5 strings	13
01117360	532	MUChordLabelingSystem	3 strings	4
0117f2d0	532	MUChordContext	3 strings	4
01186300	532	MUChordContext	3 strings	4
01190a80	532	MUPerformanceRenderer	3 strings	4
01190cc0	532	MUPerformanceRenderer	3 strings	4
01194ef0	532	MUPitchApproachMapper	3 strings	4
01195cf0	532	MUPitchClassMapper	3 strings	4
0119c0c0	532	MUPropertyPointSpecialProperty	3 strings	4
011d6c50	532	MUVoiceMapper	3 strings	4
011d7860	532	MUVoiceMapper	3 strings	4
019db340	532	Unknown	no strings	15
01c85c10	532	Unknown	no strings	12
01d95e40	532	Unknown	no strings	20
01e8d890	532	GNToolbar	3 strings	4
00acc600	531	Unknown	4 strings	13
00ad83c0	531	Unknown	no strings	2
00b77870	531	Unknown	no strings	2
00cc95f0	531	GNBCFA	1 strings	21
00cd91f0	531	Unknown	no strings	19
00e97360	531	Unknown	1 strings	17
010b6910	531	Unknown	1 strings	3
0151d140	531	MUFretInstrumentVoicing	1 strings	13
019be1d0	531	Unknown	no strings	13
019c1c00	531	Unknown	no strings	9
01d61100	531	Unknown	no strings	17
01ed1670	531	GNTextAutoCompleterItem	3 strings	7
0098ba8a	530	Unknown	5 strings	19
009e56ac	530	Unknown	no strings	4
00a5818e	530	Unknown	4 strings	22
00a5860e	530	Unknown	4 strings	22
00a58a2e	530	Unknown	4 strings	22
00a58e2e	530	Unknown	4 strings	22
00a5921e	530	Unknown	4 strings	22
00a5960e	530	Unknown	4 strings	22
00a59a2e	530	Unknown	4 strings	22
00a59e2e	530	Unknown	4 strings	22
00a5a21e	530	Unknown	4 strings	22
00a5a60e	530	Unknown	4 strings	22
00a5a9fe	530	Unknown	4 strings	22
00a5adee	530	Unknown	4 strings	22
00a5b1de	530	Unknown	4 strings	22
00a5b5ce	530	Unknown	4 strings	22
00a5b9ce	530	Unknown	4 strings	22
00a5bdfe	530	Unknown	4 strings	22
00a5c1fe	530	Unknown	4 strings	22
00a5c5ee	530	Unknown	4 strings	22
00a5c9de	530	Unknown	4 strings	22
00ade570	530	Unknown	no strings	1
00cce050	530	Unknown	no strings	11
00d1f570	530	GNString	1 strings	12
00fcd880	530	Unknown	no strings	4
01023ab0	530	Unknown	1 strings	1
015feec0	530	Unknown	1 strings	17
015ff220	530	Unknown	no strings	2
01d66f10	530	Unknown	no strings	18
01e4d060	530	Unknown	no strings	18
0001cda0	529	GNJob	1 strings	16
0054e980	529	Unknown	no strings	18
0088fc89	529	Unknown	1 strings	5
008df2a7	529	Unknown	1 strings	5
0099952c	529	Unknown	4 strings	15
00a88b97	529	Unknown	1 strings	5
00bbbde0	529	Unknown	no strings	20
00e4cc70	529	GNJSONGenerator	7 strings	14
00e7c020	529	Unknown	no strings	1
01194a70	529	MUPitchApproachMapper	3 strings	4
01194cb0	529	MUPitchApproachMapper	3 strings	4
01195620	529	MUPitchClassMapper	3 strings	4
01195ab0	529	MUPitchClassMapper	3 strings	4
011d70f0	529	MUVoiceMapper	3 strings	4
01510b20	529	Unknown	no strings	10
017e6010	529	Unknown	no strings	18
019412f0	529	Unknown	no strings	17
0009c8e0	528	Unknown	no strings	16
00205030	528	GNUIDObjectConnection	1 strings	13
0039bb90	528	Unknown	no strings	18
0057cff0	528	MUMPDReader	1 strings	16
006e5a00	528	Unknown	no strings	22
006e5db0	528	Unknown	no strings	22
008112f0	528	MUScaleCreatePitchSystemCtrl	1 strings	16
00812fc0	528	Unknown	no strings	14
00a65fa8	528	Unknown	no strings	5
00d10270	528	Unknown	1 strings	12
00dd57c0	528	Unknown	no strings	15
012a6870	528	Unknown	no strings	30
014ed100	528	Unknown	no strings	5
01537720	528	Unknown	no strings	19
01774ef0	528	Unknown	no strings	12
017cdb60	528	GNString	1 strings	13
017cde30	528	GNString	1 strings	13
0181e090	528	GNString	3 strings	12
01a59400	528	Unknown	no strings	20
01c4a1a0	528	MUTempoEditorRulerView	1 strings	15
01f30aa0	528	Unknown	5 strings	8
00090480	527	Unknown	no strings	19
001cab90	527	GNFontDescription	1 strings	13
006097d0	527	Unknown	no strings	14
008bb2a4	527	Unknown	7 strings	19
008bc030	527	Unknown	7 strings	19
008bff2e	527	Unknown	7 strings	19
00997160	527	Unknown	2 strings	3
009f609c	527	Unknown	no strings	3
00d1f2e0	527	GNString	1 strings	12
00e5cf00	527	GNBinaryArchiveTypeInfoContainer	1 strings	20
00f6b3d0	527	Unknown	no strings	2
00fbedb0	527	Unknown	1 strings	1
015ab850	527	Unknown	no strings	17
01785c90	527	Unknown	no strings	6
01a18a00	527	Unknown	no strings	16
01bf35c0	527	Unknown	no strings	16
01de4620	527	Unknown	no strings	22
007af3c0	526	GNMidiEventPacket	1 strings	13
009bc5b8	526	Unknown	no strings	5
00c71ff0	526	GNString	1 strings	15
00c8f220	526	Unknown	no strings	11
01689980	526	Unknown	2 strings	14
0184af70	526	Unknown	no strings	17
01d0e580	526	Unknown	2 strings	16
0009acf0	525	Unknown	no strings	17
008d3766	525	Unknown	no strings	4
00abeec2	525	Unknown	6 strings	2
00c8ead0	525	Unknown	no strings	18
00df4a00	525	Unknown	1 strings	16
00f2287c	525	Unknown	no strings	1
010eb850	525	Unknown	1 strings	19
0126bcd0	525	MUSampledFunction	1 strings	12
013fee70	525	Unknown	no strings	21
015fbe40	525	Unknown	no strings	15
019013d0	525	Unknown	no strings	11
01ad3320	525	Unknown	no strings	11
01b46340	525	Unknown	no strings	19
00b6a3c0	524	Unknown	no strings	19
00b78980	524	Unknown	no strings	3
00e53870	524	Unknown	3 strings	19
00e89a30	524	Unknown	no strings	16
01552cd0	524	Unknown	no strings	22
015fab90	524	Unknown	no strings	18
017aa1e0	524	Unknown	no strings	22
01d23920	524	Unknown	no strings	13
01e328d0	524	Unknown	no strings	22
01edd760	524	Unknown	no strings	22
000ecb60	523	Unknown	no strings	19
0010c180	523	Unknown	no strings	8
0044d3b0	523	Unknown	no strings	22
00991dc8	523	Unknown	5 strings	20
0099f3a2	523	Unknown	4 strings	13
00bf1bb0	523	GNOverloudParametricEQ	1 strings	18
00dae710	523	Unknown	no strings	11
00e34da0	523	Unknown	11 strings	20
0124f2e0	523	MUChordSequence	5 strings	15
015fec80	523	Unknown	no strings	12
01690050	523	Unknown	6 strings	23
01774c90	523	Unknown	no strings	14
01a771f0	523	MUTimeHandleToolViewInfo	1 strings	20
01d646c0	523	Unknown	no strings	12
01d7c320	523	Unknown	no strings	22
01de7c30	523	GNTableView	1 strings	13
01deffb0	523	Unknown	no strings	19
01f0c590	523	Unknown	no strings	12
00010a10	522	GNAudioPlugInDescription	3 strings	4
00137d60	522	Unknown	no strings	19
001abd00	522	GNAppearance	3 strings	4
001c87b0	522	GNEvent	3 strings	4
005657d0	522	MDTooltipsPrefCtrl	1 strings	18
00628800	522	MDDocumentConversionSheet	1 strings	18
0081a5a0	522	MUBrowserView	3 strings	4
00d97d10	522	Unknown	no strings	7
00d9a330	522	Unknown	no strings	17
00f6ab60	522	Unknown	1 strings	1
011169f0	522	MUChordLabelingSystem	3 strings	4
01116d90	522	MUChordLabelingSystem	3 strings	4
01116fc0	522	MUChordLabelingSystem	3 strings	4
011175a0	522	MUChordLabelingSystem	3 strings	4
01152660	522	MULineMapper	3 strings	4
0118b970	522	MUPerformanceMidiExporter	3 strings	4
014f9630	522	Unknown	no strings	20
015f7fc0	522	Unknown	no strings	11
0173c410	522	Unknown	no strings	22
01a33500	522	Unknown	no strings	19
01e8af80	522	GNPrintSettings	3 strings	4
01e8bef0	522	GNStackView	3 strings	4
01f43090	522	Unknown	no strings	20
000c7760	521	Unknown	no strings	11
001a2a30	521	GNToolBoxView	1 strings	11
002dc6f0	521	Unknown	no strings	17
00358720	521	Unknown	no strings	20
00367bf0	521	Unknown	no strings	14
008b6e3a	521	Unknown	6 strings	3
0092d24e	521	Unknown	3 strings	14
009ca8f2	521	Unknown	no strings	3
00c376f0	521	Unknown	no strings	18
00ce7310	521	Unknown	no strings	10
01063c20	521	Unknown	1 strings	1
01b17610	521	Unknown	no strings	8
01ceca90	521	Unknown	no strings	15
01d09fc0	521	Unknown	no strings	15
01e73a80	521	GNUni	2 strings	19
01ee0360	521	Unknown	no strings	15
00587df0	520	MUMultiTrackTrackElement	1 strings	15
005b9d10	520	MUEditorSubview	1 strings	14
006d4950	520	Unknown	no strings	22
007cbaa0	520	Unknown	no strings	20
008737a0	520	MDToolbarLeftConfigCtrl	1 strings	20
00904b02	520	Unknown	no strings	3
00bcad70	520	Unknown	no strings	18
00d4fbf0	520	GNObject	2 strings	9
010c3eb0	520	Unknown	10 strings	2
0123d700	520	Unknown	no strings	17
01858af0	520	Unknown	no strings	14
01a20c30	520	Unknown	no strings	10
01efdfe0	520	GNPopUpButton	1 strings	13
00010c40	519	GNAudioPlugInDescription	3 strings	4
0002f270	519	Unknown	no strings	12
0005ce40	519	GNSortOrdering	3 strings	4
000ee1a0	519	MDRightInspectorController	1 strings	17
000f8a60	519	GNControl	3 strings	4
00116d00	519	MDRecordingPrefCtrl	1 strings	17
0019c530	519	GNTableView	3 strings	4
001a47f0	519	GNAction	3 strings	4
001c8cc0	519	GNEvent	3 strings	4
001f20a0	519	GNSortOrderDirection	3 strings	4
001f5240	519	GNTabView	3 strings	4
00211bf0	519	GNToolTipLocation	3 strings	4
003bc3e0	519	Unknown	no strings	19
005767e0	519	MDEditorDescription	3 strings	4
00576a10	519	MDEditorDescription	3 strings	4
00a14dd0	519	Unknown	no strings	1
00aad00c	519	Unknown	no strings	5
00afd730	519	GNAudioSimpleFilter	3 strings	4
00e573e0	519	Unknown	no strings	11
0111d700	519	MUDescriptionGrade	3 strings	4
011999d0	519	MUPitchRunMapper	3 strings	4
0151f2d0	519	MUScaleModeSequence	3 strings	4
01bde350	519	MUSpectrumShaper	3 strings	4
01c4a490	519	GNPropertyObserver	2 strings	15
01e79290	519	GNAnimation	3 strings	4
01e7f820	519	GNComboBox	3 strings	4
01e8dad0	519	GNToolbar	3 strings	4
01f7d1a0	519	Unknown	no strings	20
00751e50	518	Unknown	no strings	25
0080fc00	518	MUPitchDriftTool	1 strings	19
00884180	518	Unknown	no strings	19
00905790	518	Unknown	7 strings	2
0090ee9a	518	Unknown	no strings	3
0096739e	518	Unknown	no strings	6
00acfb20	518	Unknown	no strings	3
00b03ae0	518	GNAudioProcessorEvent	5 strings	18
00b09950	518	GNMidiFileTempo	1 strings	10
00c71d60	518	GNString	1 strings	15
010c7f70	518	Unknown	4 strings	1
011a7e10	518	GNInt	6 strings	12
0128de60	518	Unknown	no strings	16
014ffc90	518	Unknown	no strings	21
015c22b0	518	Unknown	no strings	4
0165e460	518	Unknown	no strings	18
017fe550	518	Unknown	no strings	9
01a523c0	518	Unknown	no strings	21
01c0ffb0	518	Unknown	no strings	21
01c4a8b0	518	MUAdvancedTempoDetectionDialog	1 strings	18
01cf9e30	518	GNScrollView	1 strings	12
01d11980	518	Unknown	no strings	15
01effce0	518	Unknown	no strings	13
0002ecf0	517	GNBitfield	1 strings	10
005513c0	517	MDActivityDiagramView	1 strings	16
006f5fc0	517	Unknown	no strings	26
0076fba0	517	Unknown	no strings	16
008087a0	517	MUColorCorrectionCtrl	1 strings	17
00990aed	517	Unknown	no strings	5
009f5d18	517	Unknown	no strings	3
00e5f7d0	517	GNLicenseResult	1 strings	16
00fd1300	517	Unknown	no strings	1
01df0ad0	517	GNString	1 strings	12
01df0d90	517	GNString	1 strings	12
01e02bc0	517	GNDictionary	1 strings	14
01f7b490	517	Unknown	no strings	18
0027ee00	516	Unknown	no strings	20
002be670	516	Unknown	no strings	17
0031b2a0	516	Unknown	no strings	15
00560cc0	516	MDTestValuesController	1 strings	20
007bf5f0	516	GNSoundFileNFFWriter	1 strings	10
007c0ba0	516	GNSoundFileSNDWriter	1 strings	10
00c7fe10	516	Unknown	no strings	14
00cab720	516	Unknown	no strings	16
00cfc6e0	516	GNSocket	1 strings	10
00d1e2d0	516	GNString	1 strings	10
012f8840	516	Unknown	no strings	14
015287d0	516	Unknown	no strings	14
0165d800	516	Unknown	no strings	16
0165f820	516	MUBarSignature	1 strings	10
0168faf0	516	Unknown	6 strings	23
016b9a60	516	Unknown	1 strings	14
01706530	516	MUBeatSelection	1 strings	10
01c5c070	516	Unknown	no strings	16
01d65ec0	516	Unknown	no strings	16
01e05490	516	Unknown	no strings	20
01f2a010	516	Unknown	no strings	15
00179a50	515	Unknown	no strings	8
003696e0	515	MDMetaWindowController	1 strings	13
0057aed0	515	GNUni	7 strings	18
006e87c0	515	Unknown	no strings	16
00af24b0	515	GNMidiFileReader	1 strings	16
00bf5290	515	GNHeartbeatHandler	1 strings	15
00fc2db0	515	Unknown	1 strings	1
010c4380	515	Unknown	9 strings	1
0115eb90	515	GNUni	8 strings	23
01255530	515	GNUni	5 strings	12
01483650	515	Unknown	no strings	12
015c7140	515	Unknown	no strings	8
0177fdd0	515	Unknown	no strings	21
01c5be20	515	Unknown	no strings	16
01c5f8c0	515	Unknown	no strings	9
01da5610	515	GNString	1 strings	13
01e73d90	515	GNComboBox	1 strings	20
01e87ec0	515	GNPDFImage	1 strings	12
0018c900	514	GNToolTipController	1 strings	15
00501c20	514	GNPullDownButton	1 strings	12
00be9af0	514	GNSimpleXMLElement	1 strings	12
00c68b40	514	Unknown	no strings	14
017cad90	514	GNString	1 strings	11
017cb550	514	GNString	1 strings	11
017cb7f0	514	GNString	1 strings	11
017cc420	514	GNString	1 strings	11
017cee60	514	GNString	1 strings	11
017cf100	514	GNString	1 strings	11
017cf3a0	514	GNString	1 strings	11
017d2720	514	GNString	1 strings	11
017d3160	514	GNString	1 strings	11
01893ad0	514	GNString	1 strings	11
0192c7a0	514	Unknown	no strings	16
01ad9f80	514	Unknown	no strings	12
01c21130	514	Unknown	no strings	18
01deae10	514	Unknown	no strings	15
01e125e0	514	Unknown	no strings	7
000e2470	513	Unknown	no strings	12
007a6fd0	513	GNSoundFileNFFWriter	1 strings	15
007a74c0	513	GNSoundFileSNDWriter	1 strings	15
009fffd2	513	Unknown	no strings	2
00ade790	513	Unknown	no strings	1
00af0290	513	GNAudioProcessorController	1 strings	17
00bff5f0	513	GNOverloudGainReductionView	1 strings	16
00df3740	513	Unknown	no strings	18
00e5b2a0	513	GNBinaryKeyValueUnarchiver	4 strings	15
010f68b0	513	GNUni	5 strings	12
012756a0	513	Unknown	no strings	14
012c7b60	513	Unknown	no strings	14
012e7210	513	Unknown	no strings	13
014ec110	513	Unknown	no strings	5
01a4efc0	513	Unknown	no strings	18
01ab2150	513	Unknown	no strings	18
01c45890	513	Unknown	no strings	13
01d26990	513	Unknown	no strings	11
01d2e5e0	513	Unknown	no strings	10
01d3d460	513	Unknown	no strings	14
01d80540	513	Unknown	no strings	14
00040690	512	GNFileArchive	3 strings	5
00045190	512	GNJob	3 strings	5
00045510	512	GNOperationProgressObserver	3 strings	5
0005a0f0	512	GNUni	4 strings	5
00131aa0	512	GNUni	4 strings	5
001c1360	512	GNDebugObjectBrowser	3 strings	5
00341860	512	Unknown	no strings	13
0050b490	512	MUTimelineRulerView	3 strings	5
005153b0	512	MDPluginDocument	1 strings	15
0056c060	512	GNLicenseActivationDataDecryptor	3 strings	5
0056c400	512	GNLicenseILokProcessor	3 strings	5
0057d870	512	GNUni	4 strings	5
0057dbf0	512	GNUni	4 strings	5
0057faa0	512	GNUni	4 strings	5
005f0340	512	GNUni	4 strings	5
008308f0	512	MUTextFieldDragAndEditHandler	2 strings	10
00834210	512	GNUni	4 strings	5
00865db0	512	MUTempoEditorView	3 strings	5
00c745a0	512	Unknown	no strings	12
00cc3490	512	GNUni	4 strings	5
00e289a0	512	Unknown	no strings	13
00e358d0	512	GNUni	4 strings	5
00e77b50	512	GNUni	4 strings	5
00e77ed0	512	GNUni	4 strings	5
010d7590	512	MUEventBasedQuarterAssignmentAnalyzer	1 strings	18
010fb7f0	512	GNUni	4 strings	5
0131ba70	512	Unknown	no strings	12
013daf80	512	GNUni	4 strings	5
016a97f0	512	MUAraTrackObserver	3 strings	5
01bf62b0	512	GNUni	4 strings	5
01ecff20	512	Unknown	no strings	19
01ee5e60	512	Unknown	no strings	16
01f4aa70	512	GNHeartbeatHandlerRegistration	3 strings	5
00005710	511	Unknown	no strings	12
0015ae00	511	Unknown	no strings	18
004b77a0	511	Unknown	no strings	15
00d4c220	511	GNString	1 strings	15
0103fb80	511	Unknown	no strings	1
010a0f60	511	Unknown	4 strings	2
015b7d90	511	Unknown	no strings	5
01706fd0	511	GNFraction	4 strings	12
01918bd0	511	Unknown	no strings	18
019e84b0	511	Unknown	no strings	16
01d11040	511	Unknown	no strings	11
01e4c160	511	Unknown	no strings	19
01e6d120	511	Unknown	no strings	19
01f61ce0	511	Unknown	1 strings	17
01f90590	511	Unknown	no strings	16
0030bdf0	510	MUMultiTrackTrackView	1 strings	15
0038c010	510	Unknown	no strings	15
0059e760	510	MUPerformanceTimeView	1 strings	15
00e45c10	510	Unknown	no strings	24
011b9c20	510	GNUni	7 strings	19
01233c30	510	MUQuarterAssignmentBeat	1 strings	12
0129a650	510	Unknown	no strings	14
0129a8a0	510	Unknown	no strings	14
013c8a60	510	Unknown	no strings	11
0165cf20	510	Unknown	no strings	18
01944cb0	510	Unknown	no strings	13
01f09c50	510	Unknown	no strings	25
0027ad60	509	Unknown	no strings	21
00562f50	509	MDEditorScrollView	1 strings	15
008d52ba	509	Unknown	no strings	2
008fd490	509	Unknown	no strings	6
00906482	509	Unknown	no strings	2
00b30e80	509	Unknown	no strings	21
00b7dcf0	509	Unknown	no strings	21
00b7e000	509	Unknown	no strings	21
00b7e310	509	Unknown	no strings	21
00dab660	509	Unknown	no strings	9
01779830	509	Unknown	no strings	17
017f2dc0	509	Unknown	no strings	6
01928f30	509	Unknown	no strings	13
01aa1760	509	MURelativeTimeProgressor	1 strings	12
01baae50	509	Unknown	no strings	15
01d824e0	509	Unknown	no strings	13
01df3eb0	509	Unknown	no strings	17
01e93790	509	Unknown	no strings	21
01ea0e40	509	Unknown	no strings	21
01ea1150	509	Unknown	no strings	21
01ea1460	509	Unknown	no strings	21
01ea1770	509	Unknown	no strings	21
01ea1a80	509	Unknown	no strings	21
01ea1d90	509	Unknown	no strings	21
01ea2540	509	Unknown	no strings	21
001df210	508	GNParagraphFormat	1 strings	12
006f0120	508	MDTempoEditorHelper	1 strings	17
007a53d0	508	GNMidiEventPacket	1 strings	19
00889ac6	508	Unknown	7 strings	2
008bfd18	508	Unknown	5 strings	3
008c085a	508	Unknown	7 strings	2
00bc5ef0	508	Unknown	no strings	19
00d042e0	508	Unknown	3 strings	13
00e63050	508	Unknown	no strings	18
010c4180	508	Unknown	3 strings	2
010dd260	508	MUMidiIOSlot	1 strings	17
011f4d10	508	Unknown	no strings	7
017d1ec0	508	Unknown	no strings	17
018045a0	508	Unknown	no strings	19
01918f80	508	Unknown	no strings	18
01c52e30	508	Unknown	no strings	22
01d51a40	508	Unknown	no strings	14
0064dc10	507	Unknown	no strings	17
00ac9a30	507	Unknown	no strings	3
00c71440	507	GNString	1 strings	15
00c716c0	507	GNString	1 strings	15
00d2a010	507	Unknown	6 strings	17
00dcb280	507	Unknown	3 strings	14
011f6ad0	507	MUPulseAssignmentTarget	1 strings	3
0137c150	507	Unknown	no strings	15
014fa1c0	507	Unknown	no strings	16
015fd9b0	507	Unknown	no strings	8
019ec4c0	507	Unknown	no strings	14
01a597e0	507	Unknown	no strings	18
01aa7bc0	507	Unknown	no strings	15
01c33700	507	GNTableView	1 strings	14
01d46b40	507	Unknown	no strings	15
0017fbd0	506	GNControlAssoc	1 strings	15
0038fbc0	506	MDAsyncDocumentAdder	1 strings	13
00842710	506	GNDisplayGroup	4 strings	17
009aefd0	506	Unknown	no strings	3
00a2eb36	506	Unknown	no strings	8
00b37610	506	GNAudioProcessor	1 strings	10
01308280	506	Unknown	no strings	8
015c33f0	506	Unknown	no strings	1
019be470	506	Unknown	no strings	1
01c6e400	506	Unknown	no strings	7
01eae0c0	506	Unknown	no strings	7
01f2fbe0	506	Unknown	4 strings	10
004faf60	505	Unknown	no strings	16
00501f20	505	Unknown	no strings	24
005fbb80	505	GNUni	4 strings	15
009b1e08	505	Unknown	no strings	6
00c91010	505	Unknown	5 strings	12
00ccf640	505	GNFileArchivePrivate	1 strings	16
019246c0	505	Unknown	no strings	18
0192e160	505	Unknown	no strings	18
019e75f0	505	Unknown	no strings	11
01a13aa0	505	Unknown	no strings	18
01a155b0	505	Unknown	no strings	18
01a19a70	505	Unknown	no strings	18
01a1abc0	505	Unknown	no strings	18
01a407b0	505	Unknown	no strings	18
01a5dca0	505	Unknown	no strings	18
01a64570	505	Unknown	no strings	18
01a95f40	505	Unknown	no strings	18
01aca870	505	Unknown	no strings	18
01ba3cc0	505	Unknown	no strings	18
01ba5af0	505	Unknown	no strings	18
01bba8e0	505	Unknown	no strings	18
01bbbec0	505	Unknown	no strings	18
01bf7020	505	Unknown	no strings	18
01c128c0	505	Unknown	no strings	18
01c15fa0	505	Unknown	no strings	18
01c1fa90	505	Unknown	no strings	18
01c3b290	505	Unknown	no strings	18
01d46020	505	Unknown	no strings	19
01f88b80	505	Unknown	no strings	15
0017eec0	504	GNClipView	1 strings	16
001bb380	504	GNComboBoxAssoc	1 strings	12
0043ed80	504	Unknown	no strings	16
008cb67c	504	Unknown	6 strings	2
00ddc6f0	504	Unknown	no strings	15
011039c0	504	MUAudioSourceItem	7 strings	17
014009a0	504	Unknown	no strings	12
0150c530	504	Unknown	no strings	13
017c0610	504	Unknown	no strings	13
01884ba0	504	Unknown	no strings	15
01d39530	504	Unknown	no strings	14
01d56840	504	GNString	3 strings	11
01d8fe60	504	Unknown	no strings	9
01e2a9a0	504	Unknown	no strings	14
01e9d4d0	504	Unknown	no strings	20
0018ae20	503	GNTextView	1 strings	14
008149f0	503	MUSignatureEditorView	1 strings	15
00a348e6	503	Unknown	1 strings	6
00caba80	503	Unknown	no strings	15
00d48750	503	Unknown	no strings	12
01505ea0	503	Unknown	no strings	14
01e29660	503	Unknown	no strings	6
0029d7d0	502	Unknown	no strings	13
004624b0	502	MDToolbarLeftPluginConfigCtrl	1 strings	19
00631870	502	Unknown	no strings	22
007f1f80	502	Unknown	no strings	17
0091d5a3	502	Unknown	1 strings	5
00930bc8	502	Unknown	no strings	24
00c6c330	502	Unknown	no strings	1
00e8dfb0	502	Unknown	no strings	20
00fbe250	502	Unknown	1 strings	1
010738d0	502	Unknown	1 strings	1
010bf340	502	Unknown	1 strings	1
011ce1f0	502	Unknown	no strings	10
0173be50	502	Unknown	no strings	19
0173c130	502	Unknown	no strings	19
017c3c30	502	Unknown	no strings	16
018bf220	502	Unknown	no strings	14
01946850	502	Unknown	no strings	15
01d7cd60	502	Unknown	no strings	15
01df73f0	502	Unknown	no strings	17
00189790	501	GNTableViewAssoc	1 strings	15
003ae120	501	GNHeartbeatHandler	1 strings	17
00b31d20	501	Unknown	no strings	7
00d1e530	501	GNString	1 strings	10
00e191b0	501	Unknown	no strings	14
010ce440	501	Unknown	1 strings	16
01684460	501	Unknown	no strings	7
0171e8d0	501	Unknown	no strings	19
0171ebf0	501	Unknown	no strings	19
0172a090	501	Unknown	no strings	19
01beaed0	501	Unknown	no strings	24
01d5a790	501	Unknown	no strings	20
00562380	500	MDDetectionEditorElementView	1 strings	13
005d9580	500	Unknown	no strings	28
006187d0	500	Unknown	no strings	21
0064d070	500	Unknown	no strings	18
00aca130	500	Unknown	no strings	4
00b15080	500	GNUni	4 strings	22
00cbe730	500	GNPropertyObserverRegistration	1 strings	16
00db3a00	500	Unknown	no strings	18
00db3e00	500	Unknown	no strings	18
00e045e0	500	GNDistinction	1 strings	12
00f94950	500	Unknown	1 strings	1
011d4f40	500	MUTurkishPentachord	1 strings	12
014ef680	500	Unknown	no strings	11
017703a0	500	Unknown	no strings	12
01ba4ed0	500	Unknown	no strings	13
01c01bb0	500	MUMultiTrackDropTarget	1 strings	16
