# Address	Size	Class	Source
000030f0	612	GNPlugInControllerWrapper	addr_proximity_forward
00003ae0	534	GNPlugInControllerWrapper	original
00005710	511	GNPlugInControllerWrapper	addr_proximity_backward
000067e0	4919	GNLocaleDataProvider	original
00009570	825	GNLicenseActivationDataDecryptor	original
0000bce0	1653	GNPlugInWrapper	original
0000dfe0	541	MUHostTimelineReader	original
0000ef30	1255	GNAudioPlugInDescription	original
00010750	665	GNAudioPlugInDescription	original
00010a10	522	GNAudioPlugInDescription	original
00010c40	519	GNAudioPlugInDescription	original
000111e0	1686	MUAraPlugInWrapper	original
00013150	1063	MUAraPlugInWrapper	addr_proximity_backward
00016510	761	GNString	field_patterns
00016af0	743	Unknown	original
0001cda0	529	GNJob	original
00023d10	1281	GNQueue	original
00026600	955	GNObject	original
000278b0	830	GNProperty	original
00029710	558	GNAttributeType	original
0002a9b0	1586	GNObject	original
0002cde0	2127	GNList	original
0002ecf0	517	GNBitfield	original
0002f270	519	GNBitfield	addr_proximity_backward
0002f700	1627	GNClassDescription	original
000343f0	551	GNClassModel	original
00038300	1006	GNInt	original
00039550	546	GNInt	addr_proximity_backward
00039a90	4091	GNUni	original
0003cc30	538	GNFastFourierTransformer	addr_proximity_forward
0003e610	789	GNFastFourierTransformer	original
0003ee50	835	GNFile	original
0003f4c0	550	GNFile	original
00040690	512	GNFileArchive	original
00043ac0	538	GNFraction	original
00043f30	883	GNCTypeID	original
00044470	2086	GNOperationProgressObserver	original
00045190	512	GNJob	original
00045510	512	GNOperationProgressObserver	original
00045740	626	GNJob	original
00046ae0	1175	GNJobCenter	original
000493b0	1047	GNObject	original
0004b1c0	1082	GNObject	original
00051da0	581	GNNotification	original
00052160	656	GNNotificationCenter	original
00053f90	553	GNStringAnalyzer	original
00057c70	756	GNRange	original
000585f0	610	GNVariable	original
00059a60	812	GNRunLoopObserver	original
0005a0f0	512	GNUni	original
0005aa20	1154	GNResponder	original
0005ce40	519	GNSortOrdering	original
0005f200	658	GNTask	original
00060b50	1889	GNThread	original
000619d0	557	GNThread	original
00062bf0	1069	GNTypedStream	original
000639a0	550	GNTypedStream	original
00064b50	713	GNObject	original
00065940	1652	GNUndoManager	original
00068b60	572	GNInt	original
00068fb0	679	MDAnalyserTestView	original
00069350	667	MDAnalyserTestView	addr_proximity_backward
00069a10	1054	MDMetaWindowController	original
0006a130	812	MDAudioTrackItem	original
0006a5a0	589	MDAudioTrackItem	addr_proximity_backward
0006a850	785	MDAudioTrackItem	addr_proximity_backward
0006b020	2257	MDAudioTrackItem	addr_proximity_backward
0006bed0	939	MDAudioTrackItem	addr_proximity_backward
0006c760	2360	MDAudioTrackItem	addr_proximity_backward
0006ec00	1367	MDToolbarGridCtrl	original
0006f3d0	576	MDMetaWindowController	original
0006f9e0	1392	MDMetaWindowController	addr_proximity_both
000703d0	953	MDMetaWindowController	addr_proximity_both
00070b90	1019	MDMetaWindowController	addr_proximity_both
000714a0	775	MDMetaWindowController	original
00072af0	2596	MDMetaWindowController	addr_proximity_backward
00073b40	612	MDMetaWindowController	addr_proximity_backward
00073fd0	1188	MDEditorScrollView	original
000756d0	815	MUMultiTrackHeaderViewController	original
00075c20	5472	MUMultiTrackHeaderViewController	addr_proximity_backward
000781f0	3369	GNFilePath	addr_proximity_forward
0007a0d0	4875	GNFilePath	original
0007bcd0	1947	GNFilePath	addr_proximity_both
0007cb70	10297	GNFilePath	original
000813d0	657	Unknown	original
00082580	647	MUSpectrumShaper	field_patterns
000830c0	635	MUElementAnalyzer	field_patterns
00084b70	1089	MDMetaWindowController	addr_proximity_forward
00085bd0	732	MDMetaWindowController	original
00085f60	1225	MDMetaWindowController	addr_proximity_backward
000866b0	605	MDMetaWindowController	addr_proximity_backward
000870e0	4785	MDToolbarTempoCtrl	original
000883e0	589	MDToolbarTempoCtrl	addr_proximity_backward
000887a0	748	MDMetaWindowController	original
00088bb0	2548	MDMetaWindowController	original
00089e00	1273	MDMetaWindowController	addr_proximity_both
0008a6e0	1963	MDMetaWindowController	original
0008b310	683	MDMetaWindowController	original
0008b6c0	3420	MDMetaWindowController	addr_proximity_both
0008d170	2287	MDMetaWindowController	original
0008dd70	1583	MDMetaWindowController	addr_proximity_both
0008eac0	754	MDMetaWindowController	addr_proximity_both
0008ee80	1852	MDMetaWindowController	original
0008f9e0	1857	MDMetaWindowController	original
00090480	527	MDMetaWindowController	addr_proximity_backward
00090780	549	MDMetaWindowController	addr_proximity_backward
00090b20	681	MDMetaWindowController	addr_proximity_backward
000916b0	1990	MDMetaWindowController	addr_proximity_backward
00093470	613	MDMetaWindowController	addr_proximity_backward
00093f60	1069	MDMetaWindowController	addr_proximity_backward
00094580	1103	MDMetaWindowController	addr_proximity_backward
00094d10	763	MDMetaWindowController	addr_proximity_backward
00095750	3845	GNRootView	original
00098b00	875	Unknown	original
00099fa0	664	GNString	field_patterns
0009a390	1343	GNString	field_patterns
0009acf0	525	Unknown	original
0009b2d0	3171	Unknown	original
0009c8e0	528	GNString	call_graph_iter1
0009ce00	1174	GNString	call_graph_iter1
0009ddd0	796	GNList	addr_proximity_forward
0009e200	1555	GNList	addr_proximity_both
0009edf0	642	GNList	addr_proximity_both
0009f2a0	2713	GNList	original
000a0cb0	862	GNInspector	original
000a32b0	5474	GNResponder	original
000a5ee0	2930	MDWorkspaceView	original
000a6b00	704	MDWorkspaceView	original
000a8dd0	577	MDNotificationObserver	original
000a9c40	1176	MDNotificationObserver	addr_proximity_backward
000aa260	1762	MDNotificationObserver	addr_proximity_backward
000ac6d0	1326	Unknown	original
000b41e0	609	MDAsyncProcess	original
000b5720	562	MDAsyncProcess	addr_proximity_backward
000b6c10	665	MDAsyncProcess	addr_proximity_backward
000b7160	702	MDAsyncProcess	addr_proximity_backward
000b75e0	2047	MDAsyncProcess	addr_proximity_backward
000b8680	6004	MDAsyncProcess	addr_proximity_backward
000ba700	821	MDMetaWindowController	addr_proximity_forward
000bace0	629	MDMetaWindowController	addr_proximity_both
000bb160	2214	MDMetaWindowController	original
000bc580	1690	MDMetaWindowController	addr_proximity_backward
000bd140	890	MDMetaWindowController	addr_proximity_backward
000bff70	807	Unknown	original
000c1be0	601	GNString	field_patterns
000c24e0	562	Unknown	original
000c28c0	2572	Unknown	original
000c3e50	543	GNRootView	addr_proximity_forward
000c4430	647	GNRootView	addr_proximity_both
000c49f0	3184	GNRootView	original
000c6250	615	GNRootView	addr_proximity_backward
000c67f0	536	GNRootView	addr_proximity_backward
000c6aa0	1823	GNRootView	addr_proximity_backward
000c7760	521	GNRootView	addr_proximity_backward
000c7ac0	58608	GNRootView	addr_proximity_backward
000e2470	513	Unknown	original
000e95a0	3421	MDToolbarTransportCtrl	original
000ea4c0	992	MUMultiTrackView	original
000eab90	1031	MDMetaWindowController	original
000eb190	2024	MDMetaWindowController	addr_proximity_both
000ebf80	794	MDMetaWindowController	addr_proximity_both
000ecb60	523	MDMetaWindowController	addr_proximity_both
000eceb0	1079	MDMetaWindowController	original
000ee1a0	519	MDRightInspectorController	original
000ee4c0	1026	MDToolbarRightConfigCtrl	original
000ee8f0	1116	MDMetaWindowController	original
000eef00	849	MDMetaWindowController	addr_proximity_both
000ef7c0	800	MDMetaWindowController	addr_proximity_both
000efd20	905	MDMetaWindowController	original
000f12a0	568	MDSystemLoadView	original
000f1700	2591	MDSystemLoadView	addr_proximity_backward
000f2940	2739	MDToolbarActivityCtrl	original
000f3710	683	MDMetaWindowController	original
000f3ac0	611	MDMetaWindowController	original
000f3de0	775	MUElementAnalyzer	original
000f4cc0	593	MUElementAnalyzer	addr_proximity_backward
000f62d0	3635	GNControl	original
000f8a60	519	GNControl	original
000f9080	599	GNControl	original
000f9300	678	GNControl	addr_proximity_backward
000f95b0	594	GNControl	addr_proximity_backward
000fabd0	1175	GNHeartbeatHandler	original
000fbb00	947	MDSystemLoadView	original
000fdf90	589	MDToolbarQuantizeMacrosCtrl	addr_proximity_forward
000fec10	685	MDToolbarQuantizeMacrosCtrl	original
000ff260	600	MDMetaWindowController	original
000ff590	982	MDMetaWindowController	addr_proximity_backward
001001a0	3335	MUSampledFunction	original
00102320	679	MDNoLicenseController	original
00102850	1071	MDNoLicenseController	addr_proximity_backward
00103050	3569	MDURLOpenedController	original
00104fb0	2272	MDURLOpenedController	addr_proximity_backward
00106380	2995	MDURLOpenedController	addr_proximity_backward
00107b60	648	MDURLOpenedController	addr_proximity_backward
00108380	1382	MDURLOpenedController	addr_proximity_backward
00108e20	2425	MDURLOpenedController	addr_proximity_backward
00109ad0	1079	MDURLOpenedController	addr_proximity_backward
0010ae60	2199	MUTempoEditorView	original
0010c180	523	MUTempoEditorView	addr_proximity_backward
0010cbb0	795	MUTempoEditorView	addr_proximity_backward
0010d0c0	960	MUTempoEditorView	addr_proximity_backward
0010db00	3362	GNSoundFile	original
0010f410	758	GNSoundFile	addr_proximity_backward
0010f8e0	1627	GNSoundFile	addr_proximity_backward
00110420	1308	GNString	original
00110e00	1509	GNList	original
001115a0	904	GNList	addr_proximity_both
00111ab0	4582	GNList	original
00113760	3368	GNList	addr_proximity_backward
00116d00	519	MDRecordingPrefCtrl	original
001177c0	5535	MDRecordingPrefCtrl	addr_proximity_backward
00119af0	1444	MDExportController	addr_proximity_forward
0011a370	3044	MDExportController	addr_proximity_both
0011b850	3053	MDExportController	original
0011c470	4164	MDExportController	addr_proximity_backward
0011e190	1589	GNStringTable	original
0011eac0	601	GNStringTable	addr_proximity_backward
0011edf0	1170	GNStringTable	addr_proximity_backward
0011f440	888	GNStringTable	addr_proximity_backward
0011fca0	5556	GNStringTable	addr_proximity_backward
001221b0	955	MUAudioFileSource	original
001227e0	4917	MUAudioFileSource	addr_proximity_both
00124e00	903	MUAudioFileSource	addr_proximity_both
001256c0	3844	MUAudioFileSource	addr_proximity_both
00126ca0	1200	MUAudioFileSource	addr_proximity_both
00127400	648	MUAudioFileSource	addr_proximity_both
00127790	5152	MUAudioFileSource	original
00129ad0	2488	MDExportAudioController	original
0012b970	612	MDExportControllerItem	original
0012d030	1384	MDExportControllerFormat	original
0012d660	599	MDExportControllerFormat	original
0012e9c0	547	MDExportControllerFormat	original
0012fcb0	763	MDExportControllerRegion	original
0012ffe0	581	MDExportControllerRegion	original
001305f0	4559	MDExportAudioController	original
00131aa0	512	GNUni	original
001353a0	1136	MDExportControllerHelper	original
00135840	571	GNSoundFileFormat	original
00135c10	1002	MDExportControllerHelper	original
00136020	906	MDExportControllerHelper	addr_proximity_backward
00137d60	522	MDExportControllerHelper	addr_proximity_backward
001381c0	998	MDMetaWindowController	original
00138fc0	1026	MDToolbarScaleModeCtrl	original
00139430	2410	MDMetaWindowController	original
0013a110	1501	MDMetaWindowController	addr_proximity_backward
0013aa20	1108	MDMetaWindowController	addr_proximity_backward
0013b330	1451	MDMetaWindowController	addr_proximity_backward
0013bc90	960	MDMetaWindowController	addr_proximity_backward
0013c230	713	MDMetaWindowController	addr_proximity_backward
0013c660	1172	MDMetaWindowController	addr_proximity_backward
0013cc10	1763	MDMetaWindowController	addr_proximity_backward
0013e510	2993	MDMetaWindowController	addr_proximity_backward
0013f900	6716	MDMetaWindowController	addr_proximity_backward
00141fc0	15500	MDMetaWindowController	field_patterns
001474b0	18752	MDMetaWindowController	field_patterns
0014df90	978	MDMetaWindowController	field_patterns
0014e540	6418	MDMetaWindowController	field_patterns
00150a00	3241	MDMetaWindowController	field_patterns
00151f70	715	MUPercussivePitchSystem	addr_proximity_forward
00153100	602	MUPercussivePitchSystem	addr_proximity_both
00153530	3837	MUPercussivePitchSystem	original
00154c40	760	MUPercussivePitchSystem	addr_proximity_backward
001552e0	2627	MUPercussivePitchSystem	addr_proximity_backward
001563c0	2192	MUPercussivePitchSystem	addr_proximity_backward
001570d0	1117	MUPercussivePitchSystem	addr_proximity_backward
00157780	7660	MUAudioFileSource	original
0015a600	1313	MULSSGenerator	addr_proximity_forward
0015ae00	511	MULSSGenerator	addr_proximity_both
0015b0f0	6622	MULSSGenerator	original
0015d630	831	MDAudioSourceInsp	addr_proximity_forward
0015dc00	962	MDAudioSourceInsp	addr_proximity_both
0015f220	1479	MDAudioSourceInsp	original
0015f810	761	GNString	original
0015fd00	4548	MUAudioFileSource	original
00161780	1389	MDEditorViewController	original
00162ad0	58160	MDEditorViewController	addr_proximity_backward
00170e40	602	MDProgressViewBar	original
00171760	596	MDProgressViewController	original
00173cd0	1556	Unknown	original
00175e90	741	MDTooltipsPrefCtrl	original
00177220	1487	MDTooltipsPrefCtrl	addr_proximity_backward
00177bb0	556	MDTooltipsPrefCtrl	addr_proximity_backward
00177f10	1614	MDTooltipsPrefCtrl	addr_proximity_backward
00179040	575	MDTooltipsPrefCtrl	addr_proximity_backward
00179a50	515	MDTooltipsPrefCtrl	addr_proximity_backward
0017a670	1611	MDTooltipsPrefCtrl	addr_proximity_backward
0017b240	690	MDTooltipsPrefCtrl	addr_proximity_backward
0017b500	578	GNAnimationView	original
0017c120	544	GNToolBox	original
0017e420	561	GNBrowserDataField	original
0017eec0	504	GNClipView	original
0017f5f0	552	GNComboBoxAssoc	original
0017fbd0	506	GNControlAssoc	original
00180450	539	GNCustomAssoc	original
00181a30	585	GNFormattedTitleAssoc	original
00182050	683	GNIconsViewAssoc	original
001839c0	584	GNFormatter	original
00184f70	584	GNMenuView	original
001852e0	551	GNModuleViewAssoc	original
001871b0	766	GNPullDownButton	original
00187e40	598	GNScroller	original
001883f0	555	GNSplitView	original
00188a20	580	GNSwitchButton	original
00189790	501	GNTableViewAssoc	original
001899f0	574	GNTabView	original
0018ae20	503	GNTextView	original
0018b960	545	GNToolbarPalette	original
0018c900	514	GNToolTipController	original
0018cef0	1608	GNHeartbeatHandler	original
0018ed50	1458	GNMenuView	original
00190ad0	547	GNMenuView	original
001912f0	1306	GNModuleView	original
001932c0	578	GNModuleView	addr_proximity_backward
00193b60	934	GNUni	original
00194050	9938	GNTableView	original
0019c530	519	GNTableView	original
0019f010	2491	GNToolBox	original
001a2a30	521	GNToolBoxView	original
001a47f0	519	GNAction	original
001a7600	854	GNActionQueue	original
001a9c00	1336	GNAffineTransform	original
001ab9a0	752	GNAppearance	original
001abd00	522	GNAppearance	original
001adcf0	2812	GNRootView	original
001b20a0	547	GNBoxView	original
001b2330	544	GNBorderStyle	original
001b3bf0	1098	GNHeartbeatHandler	original
001b40a0	674	GNUni	original
001b5060	806	GNUni	original
001b5c70	532	GNCharacterFormat	original
001b6490	3009	GNClipView	original
001b7d70	532	GNClipView	original
001b7fb0	532	GNClipView	original
001b81f0	532	GNClipView	original
001b8430	532	GNClipView	original
001b8c80	1352	GNColor	original
001baad0	927	GNUni	original
001bb380	504	GNComboBoxAssoc	original
001bcb00	1373	GNPropertyObserver	original
001bd950	1150	GNControlBackInfo	original
001bf8f0	724	GNUni	original
001bfee0	550	GNCursor	original
001c0c60	1232	GNPropertyObserver	original
001c1360	512	GNDebugObjectBrowser	original
001c3150	589	GNTextViewDelegate	original
001c36b0	3837	GNObject	original
001c5b80	587	GNDraggingInfo	original
001c6ac0	818	GNDrawPath	original
001c7610	2039	GNEvent	original
001c7e80	660	GNEvent	original
001c87b0	522	GNEvent	original
001c8cc0	519	GNEvent	original
001c97b0	1098	GNFont	original
001cab90	527	GNFontDescription	original
001cdcf0	1251	GNImage	original
001d1410	607	GNString	field_patterns
001d6520	1089	GNLayoutLine	original
001d7ee0	1345	GNMenu	original
001d9b50	1635	GNMenuItem	original
001de420	633	GNUni	original
001dead0	845	GNOutlineViewDataSource	original
001df210	508	GNParagraphFormat	original
001e02c0	542	GNTypographicLayout	original
001e1200	595	GNRange	original
001e3dc0	557	GNPopUpButton	original
001e4aa0	556	GNPopUpButtonAssoc	original
001e5f20	1107	GNWindowPositionConstraint	original
001e6fd0	1176	GNLabel	original
001e7990	1256	GNPullDownButton	original
001e9800	1513	GNScrollView	original
001ec260	544	GNScrollView	original
001ecb80	532	GNScrollView	original
001ee6b0	1577	GNSplitViewItem	original
001ef760	532	GNSplitViewItem	original
001efe70	2442	GNLocalizationTarget	original
001f20a0	519	GNSortOrderDirection	original
001f3c10	717	GNTableViewDelegate	original
001f42d0	1469	GNTabView	original
001f5240	519	GNTabView	original
001f5ef0	752	GNLocalizationTarget	original
001f8d00	3614	GNUni	original
001fb4b0	798	GNWindow	original
001fc440	6225	GNTextView	original
00201ac0	602	GNTimer	original
00205030	528	GNUIDObjectConnection	original
00207f80	721	GNKeyValueUnarchiverDelegate	original
00209e70	4174	GNKeyValueUnarchiverDelegate	original
0020de90	847	GNResponder	addr_proximity_forward
0020e5b0	3515	GNResponder	original
00210580	1968	GNHeartbeatHandler	original
00211bf0	519	GNToolTipLocation	original
00212cd0	29132	MDEditorViewController	original
0021b050	581	MDChordSequenceView	original
0021b390	631	MDScaleModeSequenceView	original
0021b740	2214	MDScaleModeSequenceView	addr_proximity_backward
0021cc80	4167	MDScaleModeSequenceView	addr_proximity_backward
0021e5f0	1295	MDScaleModeSequenceView	addr_proximity_backward
0021eea0	640	MDScaleModeSequenceView	addr_proximity_backward
0021f1f0	5945	MDScaleModeSequenceView	addr_proximity_backward
00221970	4885	MUAraMusicalContext	original
00223aa0	775	Unknown	original
00223fa0	3159	GNString	field_patterns
00225280	949	GNString	field_patterns
002257b0	1569	Unknown	original
00226290	2130	Unknown	original
00227060	3171	GNFilePath	field_patterns
00228b40	11889	GNFilePath	field_patterns
0022d390	678	GNString	field_patterns
0022da80	2979	Unknown	original
0022ee90	5656	MDEditorScrollView	call_graph_iter1
002312f0	2638	MUAraAudioSource	original
002323f0	4263	MDEditorScrollView	original
00234400	1879	MUTool	original
00235240	1113	MUTool	addr_proximity_backward
002358e0	694	MUTool	addr_proximity_backward
00236500	844	MUTool	addr_proximity_backward
00236ad0	5735	MUTool	addr_proximity_backward
00239240	2059	Unknown	original
00239fc0	2134	GNString	field_patterns
0023af30	2549	Unknown	original
0023c090	1239	Unknown	original
0023c880	671	Unknown	original
0023cd00	629	Unknown	original
0023d150	629	Unknown	original
0023d5a0	567	Unknown	original
0023d980	831	Unknown	original
0023dfd0	596	Unknown	original
0023e360	915	Unknown	original
0023e900	632	MDTestValuesController	addr_proximity_forward
0023ec70	1002	MDTestValuesController	addr_proximity_both
0023f1d0	588	MDTestValuesController	addr_proximity_both
0023f500	761	MDTestValuesController	addr_proximity_both
0023f980	1477	MDTestValuesController	addr_proximity_both
00240260	790	MDTestValuesController	addr_proximity_both
00240730	836	MDTestValuesController	original
00240bc0	2058	MUAudioFileSource	original
002416c0	999	MUAudioFileSource	addr_proximity_backward
00241d80	3411	MUAudioFileSource	addr_proximity_backward
00243520	2313	MUAudioFileSource	addr_proximity_backward
00244b20	2266	GNSoundFile	original
002457d0	1706	GNSoundFile	original
00246260	3181	GNFilePath	original
002475d0	1149	GNFilePath	addr_proximity_backward
00247d60	1269	GNFilePath	addr_proximity_backward
00248780	988	GNFilePath	addr_proximity_backward
00248dc0	989	GNFilePath	addr_proximity_backward
00249410	989	GNFilePath	addr_proximity_backward
00249a80	1051	GNFilePath	addr_proximity_backward
0024a180	1079	GNFilePath	addr_proximity_backward
0024a8a0	740	GNFilePath	addr_proximity_backward
0024acc0	1156	GNFilePath	addr_proximity_backward
0024b760	564	GNFilePath	addr_proximity_backward
0024bf70	1922	GNFilePath	addr_proximity_backward
0024d690	782	GNFilePath	addr_proximity_backward
0024dae0	663	GNFilePath	addr_proximity_backward
0024de90	564	GNFilePath	addr_proximity_backward
0024e2a0	535	GNFilePath	addr_proximity_backward
0024e680	10293	GNFilePath	addr_proximity_backward
00252f80	725	MUDetectionSeparationTool	addr_proximity_forward
002533b0	923	MUDetectionSeparationTool	addr_proximity_both
00253c20	3576	MUDetectionSeparationTool	original
00254fb0	7598	GNString	original
00257fd0	1469	MDEditorScrollView	addr_proximity_forward
00258910	4361	MDEditorScrollView	original
0025a470	2091	MDEditorScrollView	addr_proximity_backward
0025b1d0	1255	MDEditorScrollView	addr_proximity_backward
0025b950	1362	MDEditorScrollView	addr_proximity_backward
0025c370	666	MDEditorScrollView	addr_proximity_backward
0025c780	879	MDEditorScrollView	addr_proximity_backward
0025cf90	1355	MDEditorScrollView	addr_proximity_backward
0025d790	899	MDEditorScrollView	addr_proximity_backward
0025de70	1367	MDEditorScrollView	addr_proximity_backward
0025e630	632	MDEditorScrollView	addr_proximity_backward
0025ece0	641	MDEditorScrollView	addr_proximity_backward
0025f0b0	1094	MDEditorScrollView	addr_proximity_backward
0025fab0	935	MDEditorScrollView	addr_proximity_backward
002600f0	3549	MDEditorScrollView	addr_proximity_backward
00261550	1754	MDEditorScrollView	addr_proximity_backward
00261fb0	1043	MDEditorScrollView	addr_proximity_backward
00262a90	688	MDEditorScrollView	addr_proximity_backward
00262e30	1339	MDEditorViewController	original
00263640	688	MDEditorViewController	addr_proximity_both
002639e0	1339	MDEditorViewController	original
002641f0	810	MDEditorViewController	addr_proximity_both
00264660	810	MDEditorViewController	addr_proximity_both
00264ad0	2184	MDEditorViewController	addr_proximity_both
00265730	1194	MDEditorViewController	addr_proximity_both
00265df0	1194	MDEditorViewController	addr_proximity_both
002664b0	1032	MDEditorViewController	original
00266af0	2660	MDEditorViewController	addr_proximity_backward
00267bd0	2428	MUAudioFileSource	original
00268ff0	1716	MUAudioFileSource	addr_proximity_backward
00269ad0	753	MUAudioFileSource	addr_proximity_backward
00269ed0	582	MUAudioFileSource	addr_proximity_backward
0026a580	684	MUAudioFileSource	addr_proximity_backward
0026b600	1063	MDNotificationObserver	original
0026cd40	4361	GNPropertyObserver	original
002718e0	1048	GNUni	original
002720c0	1651	GNUni	original
00272a20	551	MDQuantizeController	original
00273a20	911	GNUni	original
002773c0	1546	MUElementAnalyzer	field_patterns
0027a2c0	1111	Unknown	original
0027aa00	685	Unknown	original
0027ad60	509	Unknown	original
0027b070	1996	Unknown	original
0027bbe0	1559	Unknown	original
0027c9f0	2549	Unknown	original
0027db70	751	MDURLOpenedController	addr_proximity_forward
0027e3a0	843	MDURLOpenedController	addr_proximity_both
0027ee00	516	MDURLOpenedController	addr_proximity_both
0027f1f0	4760	MDURLOpenedController	original
002813d0	1256	Unknown	original
00281c60	24482	Unknown	original
0028b3b0	12359	GNList	field_patterns
002902d0	1244	Unknown	original
002915a0	863	GNString	addr_proximity_forward
00291c30	631	GNString	addr_proximity_both
00292400	1774	GNString	original
00292f50	4491	GNString	original
00295470	986	Unknown	original
00295c20	14575	Unknown	original
0029bdc0	3914	Unknown	original
0029d7d0	502	Unknown	original
0029dcd0	1711	Unknown	original
0029ec80	1288	Unknown	original
0029f2f0	662	Unknown	original
0029f5d0	2231	Unknown	original
002a5e90	743	MDMetaWindowController	field_patterns
002a6470	862	GNTableView	field_patterns
002a6a10	2285	MDMetaWindowController	field_patterns
002a77a0	1995	MDMetaWindowController	addr_proximity_forward
002a8ee0	1551	MDMetaWindowController	original
002a9ac0	996	MDMetaWindowController	original
002a9ff0	634	MDMetaWindowController	original
002aa330	791	MDMetaWindowController	original
002aa8c0	3894	MDMetaWindowController	addr_proximity_backward
002ac220	2431	MDMetaWindowController	addr_proximity_backward
002ad1a0	2358	MDMetaWindowController	addr_proximity_backward
002ae170	1093	MDMetaWindowController	addr_proximity_backward
002aeac0	845	MDMetaWindowController	addr_proximity_backward
002af9a0	571	MDMetaWindowController	addr_proximity_backward
002b11a0	1289	GNUni	original
002b1d10	740	GNOperationProgressObserver	original
002b3460	1017	MDScrollViewAddsView	original
002b3880	2461	MDTimeGridController	original
002b4e40	1994	GNScrollView	original
002b59d0	5585	GNScrollView	addr_proximity_backward
002b7ee0	1540	MUTempoEditorView	original
002b9220	1467	MDScaleEditorSelectorView	original
002b9800	1823	MDScaleEditorSelectorView	addr_proximity_backward
002ba3c0	2654	MDScaleEditorSelectorView	addr_proximity_backward
002bb5c0	1057	MDEditorScrollView	original
002bbb70	2461	MDEditorScrollView	original
002bc8f0	967	MDEditorScrollView	original
002bceb0	807	MDEditorScrollView	original
002be070	982	MDEditorScrollView	addr_proximity_backward
002be670	516	MDEditorScrollView	addr_proximity_backward
002be930	931	MDEditorScrollView	addr_proximity_backward
002beee0	589	MDMetaWindowController	original
002bf6e0	685	MDToolbarRightPluginConfigCtrl	original
002bf9b0	669	MDMetaWindowController	original
002c0100	628	MDMetaWindowController	original
002c07c0	5558	GNImage	original
002c2710	572	GNImage	addr_proximity_backward
002c2c30	734	GNImage	addr_proximity_backward
002c3060	865	GNImage	addr_proximity_backward
002c3530	4070	MDProjectInsp	original
002c48f0	1574	MDProjectInsp	addr_proximity_backward
002c54d0	808	MDProjectInsp	addr_proximity_backward
002c59e0	4475	MDProjectInsp	addr_proximity_backward
002c78b0	1869	GNString	original
002c8fb0	1114	MUAudioFileSource	original
002c95a0	784	MUAudioFileSource	addr_proximity_both
002c9a70	3256	MUAudioFileSource	original
002cae80	1341	MUAudioFileSource	addr_proximity_backward
002cba10	628	MDMetaWindowController	original
002cbf40	931	MDMetaWindowController	addr_proximity_backward
002cc690	847	GNScrollView	original
002ccab0	1796	GNScrollView	addr_proximity_backward
002cd6f0	792	GNScrollView	addr_proximity_backward
002cdbd0	1108	GNScrollView	addr_proximity_backward
002ce2a0	756	GNScrollView	addr_proximity_backward
002ce760	1748	GNScrollView	addr_proximity_backward
002cf230	4507	GNScrollView	addr_proximity_backward
002d1180	1454	GNScrollView	addr_proximity_backward
002d1ba0	1059	MDProjectAudioSource	original
002d22e0	1695	MDProjectAudioSource	addr_proximity_both
002d2d30	894	MDProjectAudioSource	addr_proximity_both
002d3310	774	MDProjectAudioSource	original
002d3710	908	MDProjectAudioSource	original
002d3da0	3677	GNFilePath	original
002d6160	570	MDProjectAudioSource	original
002d6a60	550	MDProjectAudioSource	original
002d6cb0	560	MDProjectAudioSource	original
002d84b0	1367	MDToolbarPluginTransferCtrl	original
002d8a30	1627	MDToolbarPluginTransferCtrl	addr_proximity_backward
002d96b0	683	MDMetaWindowController	original
002d9a60	600	MDMetaWindowController	original
002d9d70	1077	MDMetaWindowController	original
002da9e0	1743	MDMetaWindowController	addr_proximity_backward
002dc360	543	MDMetaWindowController	addr_proximity_backward
002dc6f0	521	MDMetaWindowController	addr_proximity_backward
002dd870	575	MDMetaWindowController	addr_proximity_backward
002de0f0	645	MDMetaWindowController	addr_proximity_backward
002de8e0	561	MDMetaWindowController	addr_proximity_backward
002dece0	2803	MDMetaWindowController	addr_proximity_backward
002e09c0	2017	MDMetaWindowController	addr_proximity_backward
002e1620	1841	MDMetaWindowController	addr_proximity_backward
002e2b40	544	MDVolumeSlider	original
002e3100	567	MDTransferPluginTrackHeaderViewController	original
002e46e0	864	MDMetaWindowController	original
002e4d80	1798	MDAudioTrackItem	original
002e5a30	4599	MUMultiTrackItem	original
002e7520	1427	MUMultiTrackItem	addr_proximity_backward
002e82b0	675	MUMultiTrackItem	addr_proximity_backward
002e8930	1825	MUMultiTrackItem	addr_proximity_backward
002e9d80	840	MDAudioTrackItem	original
002ea230	1527	MDAudioTrackItem	original
002eacb0	709	MDAudioTrackItem	original
002eb350	880	MDAudioTrackItem	addr_proximity_both
002eb960	1436	MDAudioTrackItem	addr_proximity_both
002ec210	1797	MDAudioTrackItem	original
002ecd30	2479	MDMetaWindowController	original
002ede30	757	MDMetaWindowController	original
002ee280	863	MDMetaWindowController	addr_proximity_backward
002ee7c0	1218	MDTimeFormatter	original
002eee80	605	MDTimeFormatter	addr_proximity_backward
002ef240	1501	MDWorkspaceView	original
002efb20	694	MDWorkspaceView	addr_proximity_backward
002eff80	2184	MDWorkspaceView	addr_proximity_backward
002f0c60	849	MDWorkspaceView	addr_proximity_backward
002f1240	640	MDAudioTrackItem	original
002f2270	1400	MDDocumentViewController	original
002f2ac0	1847	MDDocumentViewController	addr_proximity_backward
002f3ad0	1040	MDDocumentViewController	addr_proximity_backward
002f4600	1731	MDDocumentViewController	addr_proximity_backward
002f5f30	1039	MDTimeGridSetter	original
002f9750	1214	MDVolumeSlider	original
002fa180	572	GNBorderStyle	original
002fb9c0	3756	MUMultiTrackView	original
002fcbc0	560	MUMultiTrackView	original
00300f60	550	MUMultiTrackView	original
00302550	2538	MDNotificationObserver	original
00306fc0	591	MDTransferPluginTrackHeaderViewController	original
00307e60	1083	MDNotificationObserver	original
00309440	1050	MUMultiTrackItem	original
0030b420	565	MDAudioTrackItem	original
0030bb60	547	MDAudioTrackItem	original
0030bdf0	510	MUMultiTrackTrackView	original
0030cb40	1461	GNHeartbeatHandler	original
0030e7f0	622	MUMultiTrackTracksView	original
00310970	557	Unknown	original
00315fc0	653	GNString	field_patterns
003162c0	1076	Unknown	original
003168c0	1102	Unknown	original
00316de0	1096	Unknown	original
00317300	3038	Unknown	original
00318bb0	850	MUPerformanceRenderer	field_patterns
003194a0	1523	GNString	field_patterns
0031a0f0	560	Unknown	original
0031a860	1584	GNString	field_patterns
0031b2a0	516	Unknown	original
0031b7e0	533	Unknown	original
0031c070	852	Unknown	original
0031cb70	761	Unknown	original
0031d5a0	2068	MURelativeTimeProgressor	addr_proximity_forward
0031ef40	535	MURelativeTimeProgressor	original
0031f210	11450	MURelativeTimeProgressor	addr_proximity_backward
00325530	1080	MDEditorViewController	addr_proximity_forward
00325e30	1118	MDEditorViewController	original
00326520	920	MDEditorViewController	addr_proximity_both
00326a30	2447	MDEditorViewController	addr_proximity_both
00327aa0	2462	MDEditorViewController	addr_proximity_both
00328b10	1489	MDEditorViewController	addr_proximity_both
00329480	2860	MDEditorViewController	original
0032a4c0	2746	MDMetaWindowController	original
0032b5c0	1209	MUMultiTrackView	original
0032c700	3332	MDElementInsp	original
0032d440	10036	MDMetaWindowController	original
00330eb0	1139	GNString	original
00331550	1389	GNModuleView	original
00331e40	672	GNModuleView	addr_proximity_backward
00332340	560	GNModuleView	addr_proximity_backward
00332660	999	MDEditorViewController	original
00332c60	1373	MDEditorViewController	original
00333b00	2152	MDEditorViewController	original
00334b30	918	MDEditorViewController	addr_proximity_backward
00335da0	623	MDEditorViewController	addr_proximity_backward
00336030	2809	MDEditorViewController	addr_proximity_backward
003372c0	542	MDEditorViewController	addr_proximity_backward
003375f0	3668	GNString	original
00338e90	2532	GNString	original
00339ee0	546	GNString	addr_proximity_both
0033a220	1943	GNString	original
0033ae40	1200	GNString	addr_proximity_both
0033b5b0	580	GNString	addr_proximity_both
0033b9c0	1398	GNString	original
0033cd80	2146	GNString	addr_proximity_backward
0033e7e0	1075	GNString	addr_proximity_backward
0033f2d0	1618	GNString	addr_proximity_backward
0033fef0	2201	MDEditorViewController	original
00340ca0	1638	MDEditorViewController	original
00341860	512	MDEditorViewController	addr_proximity_backward
00341be0	710	MDEditorViewController	addr_proximity_backward
00342300	10346	MDEditorViewController	addr_proximity_backward
00346c20	1230	MUTool	addr_proximity_forward
00347340	1208	MUTool	original
00347e50	949	MUTool	addr_proximity_backward
00348560	2768	MUTool	addr_proximity_backward
00349a20	926	MDEditorViewController	original
00349fa0	906	MDEditorViewController	addr_proximity_backward
0034a5d0	828	MDEditorViewController	addr_proximity_backward
0034af00	805	MDMetaWindowController	original
0034b360	1030	MUDetectionSeparationTool	original
0034b970	1030	MUDetectionSeparationTool	original
0034d310	1091	MUDetectionSeparationTool	addr_proximity_backward
0034ed60	3775	MUDetectionSeparationTool	addr_proximity_backward
00350830	6238	MUDetectionSeparationTool	addr_proximity_backward
00353700	1847	Unknown	original
003540f0	560	Unknown	original
003544d0	2482	GNString	field_patterns
00355420	539	Unknown	original
003557b0	1957	Unknown	original
00356890	598	Unknown	original
00356ea0	601	Unknown	original
003574a0	1042	Unknown	original
00357e20	576	Unknown	original
00358260	648	MDMetaWindowController	addr_proximity_forward
00358720	521	MDMetaWindowController	addr_proximity_both
00358b00	2046	MDMetaWindowController	addr_proximity_both
00359bd0	777	MDMetaWindowController	addr_proximity_both
0035a0d0	1120	MDMetaWindowController	original
0035a900	574	MDKeyModifierActionHelper	original
0035bbc0	541	MDKeyModifierActionHelper	addr_proximity_backward
0035c550	6103	MDKeyModifierActionHelper	addr_proximity_backward
0035e960	7583	GNList	field_patterns
00362540	659	MDQuantizeController	addr_proximity_forward
00362b80	838	MDQuantizeController	addr_proximity_both
00363290	1257	MDQuantizeController	addr_proximity_both
00364340	1101	MDQuantizeController	original
00364bb0	570	MDQuantizeController	addr_proximity_backward
00365870	1716	MDQuantizeController	addr_proximity_backward
00366040	3857	MDMetaDocumentController	original
00367bf0	521	MDMetaDocumentController	addr_proximity_backward
00368120	2107	MDMetaDocumentController	addr_proximity_backward
00368ec0	1514	MDMetaDocumentController	addr_proximity_backward
003696e0	515	MDMetaWindowController	original
003699a0	1763	MDMetaWindowController	addr_proximity_backward
0036a8d0	3486	MUPreviewController	original
0036c630	1814	MDMetaWindowController	original
0036d5a0	1780	MDMetaWindowController	addr_proximity_backward
0036e910	536	MDMetaWindowController	addr_proximity_backward
0036ef90	1266	MDMetaDocumentController	original
0036f6e0	2150	GNList	original
00371b30	653	MDFileBrowserInsp	original
003726c0	1948	MDFileBrowserInsp	addr_proximity_both
00373de0	3195	MDFileBrowserInsp	addr_proximity_both
00375250	539	MDFileBrowserInsp	addr_proximity_both
00375aa0	5507	MDFileBrowserInsp	original
00377230	863	MDFileBrowserItemControl	original
00377800	1029	MDFileBrowserItemControl	addr_proximity_backward
00378020	1687	MDFileBrowserItemControl	addr_proximity_backward
00378ba0	2665	MDFileBrowserItemControl	addr_proximity_backward
00379f30	731	GNString	original
0037a2e0	780	GNString	addr_proximity_both
0037a800	544	GNString	original
0037ab30	633	GNString	addr_proximity_backward
0037b2b0	1108	GNList	original
0037b970	1334	GNList	original
0037c170	1238	GNList	original
0037cca0	1680	GNList	addr_proximity_backward
0037d660	3797	MDAudioTrackItem	original
0037ebb0	1076	GNFilePath	original
0037f560	1030	GNFilePath	original
0037fc40	1391	GNFilePath	addr_proximity_both
00380dd0	5766	GNFilePath	original
00383510	4330	GNFilePath	addr_proximity_both
003852a0	897	GNFilePath	original
00385960	555	GNFilePath	addr_proximity_backward
00385ce0	617	GNFilePath	addr_proximity_backward
00386110	1309	GNString	original
003868c0	1252	GNString	addr_proximity_backward
00387110	2990	GNList	original
00388260	1472	GNFilePath	original
00388b00	1178	GNFilePath	original
0038c010	510	GNHeartbeatHandler	addr_proximity_forward
0038c320	747	GNHeartbeatHandler	original
0038cc50	817	GNHeartbeatHandler	addr_proximity_backward
0038e2e0	2741	GNHeartbeatHandler	addr_proximity_backward
0038f280	951	GNHeartbeatHandler	addr_proximity_backward
0038fbc0	506	MDAsyncDocumentAdder	original
003904a0	1415	MDAsyncDocumentAdder	original
00391ff0	658	MDAsyncDocumentAdder	addr_proximity_backward
00392f00	675	MDMetaWindowController	original
003932a0	652	MDMetaWindowController	addr_proximity_backward
00393710	16399	MDMetaWindowController	addr_proximity_backward
0039ab20	2564	MDEditorViewController	addr_proximity_forward
0039bb90	528	MDEditorViewController	addr_proximity_both
0039bed0	1063	MDEditorViewController	original
0039c9d0	4558	MDEditorViewController	original
0039f0d0	562	MDMetaWindowController	addr_proximity_forward
0039f7d0	541	MDMetaWindowController	addr_proximity_both
0039fd40	1028	MDMetaWindowController	addr_proximity_both
003a0520	894	MDMetaWindowController	addr_proximity_both
003a0a70	1049	MDMetaWindowController	original
003a1100	757	MDEditorViewController	original
003a1510	851	MDMetaWindowController	original
003a1a90	945	MDMetaWindowController	addr_proximity_both
003a2100	881	MDMetaWindowController	original
003a2600	1149	MDMetaWindowController	addr_proximity_backward
003a5120	1712	MDToolbarTempoPluginCtrl	original
003a5800	3044	MDToolbarTempoPluginCtrl	addr_proximity_backward
003a6980	1506	MDToolbarTempoPluginCtrl	addr_proximity_backward
003a7490	683	MDMetaWindowController	original
003a7840	600	MDMetaWindowController	original
003a7cf0	1680	MDMetaWindowController	original
003a85d0	612	MDMetaWindowController	original
003a88e0	1752	MDMetaWindowController	original
003a94d0	6865	MDMetaWindowController	original
003abec0	1587	MDMetaWindowController	addr_proximity_both
003ac720	1027	MDMetaWindowController	addr_proximity_both
003acd80	646	MDMetaWindowController	addr_proximity_both
003ad1d0	1927	MDMetaWindowController	original
003ae120	501	GNHeartbeatHandler	original
003b1e40	958	MDExportControllerItem	original
003b2450	685	MDToolbarPositionCtrl	original
003b27f0	683	MDMetaWindowController	original
003b2ba0	1068	MDMetaWindowController	addr_proximity_backward
003b3e60	1233	MDMetaWindowController	addr_proximity_backward
003b4560	4112	MDWorkspaceView	original
003b6a50	2057	MDLayer	original
003b72f0	722	MDLayer	addr_proximity_backward
003b8010	1743	MDLayer	addr_proximity_backward
003b9370	2207	MDAudioTrackHeaderViewController	original
003b9dd0	1142	MDAudioTrackHeaderViewController	addr_proximity_backward
003ba640	1251	MDMetaWindowController	original
003baf40	775	MDMetaWindowController	original
003bb820	863	MDMetaWindowController	original
003bbce0	1045	MDMetaWindowController	addr_proximity_both
003bc3e0	519	MDMetaWindowController	addr_proximity_both
003bc830	1105	MDMetaWindowController	addr_proximity_both
003bcea0	4142	MDMetaWindowController	original
003bebd0	643	MDMetaWindowController	original
003bef50	786	MDAudioTrackHeaderViewController	original
003bf380	682	MDAudioTrackHeaderViewController	addr_proximity_backward
003bf7a0	693	MDAudioTrackHeaderViewController	addr_proximity_backward
003bfe00	1209	MDAudioTrackHeaderViewController	addr_proximity_backward
003c0750	855	MDAudioTrackHeaderViewController	addr_proximity_backward
003c19b0	485284	MDAudioTrackHeaderViewController	addr_proximity_backward
0043df50	601	MDMetaWindowController	addr_proximity_forward
0043e450	721	MDMetaWindowController	original
0043e830	909	MDMetaWindowController	addr_proximity_backward
0043ed80	504	MDMetaWindowController	addr_proximity_backward
0043f880	604	MDMetaWindowController	addr_proximity_backward
00442130	3081	GNString	field_patterns
00443790	1184	GNString	field_patterns
00444210	3820	GNString	field_patterns
00445ea0	538	MDToolbarVolumeCtrl	addr_proximity_forward
004461d0	2600	MDToolbarVolumeCtrl	addr_proximity_both
00447590	1712	MDToolbarVolumeCtrl	original
00447c70	578	MDToolbarVolumeCtrl	addr_proximity_backward
00447fc0	1397	MUFader	original
00448850	600	MDMetaWindowController	original
00448b60	683	MDMetaWindowController	original
00448f10	1115	MDMetaWindowController	addr_proximity_both
004498a0	1164	MDMetaWindowController	addr_proximity_both
00449fa0	1437	MDMetaWindowController	addr_proximity_both
0044a930	1732	MDMetaWindowController	original
0044be80	799	MDMetaWindowController	addr_proximity_backward
0044c950	636	MDMetaWindowController	addr_proximity_backward
0044cc50	1174	MDMetaWindowController	addr_proximity_backward
0044d3b0	523	MDMetaWindowController	addr_proximity_backward
0044dc30	3599	MDMetaWindowController	addr_proximity_backward
0044f9a0	772	MDMetaWindowController	addr_proximity_backward
00450260	2021	MDMetaWindowController	addr_proximity_backward
00451150	596	MDMetaWindowController	addr_proximity_backward
00451580	975	MDMetaWindowController	addr_proximity_backward
00451bd0	1894	MDMetaWindowController	addr_proximity_backward
00455a20	558	GNString	field_patterns
00456020	765	GNString	field_patterns
004566f0	804	GNString	field_patterns
00456b80	792	GNString	field_patterns
00457000	776	Unknown	original
00457500	1005	Unknown	original
00457d20	586	Unknown	original
004589c0	2079	Unknown	original
004595e0	783	GNString	field_patterns
00459a90	636	Unknown	original
00459eb0	8414	GNString	field_patterns
0045e210	1709	MDToolbarEditModeCtrl	original
0045ea40	1184	MDToolbarEditModeCtrl	addr_proximity_backward
0045f200	600	MDMetaWindowController	original
0045f630	1381	MDMetaWindowController	addr_proximity_backward
004624b0	502	MDToolbarLeftPluginConfigCtrl	original
004631e0	3401	MDToolbarLeftPluginConfigCtrl	addr_proximity_backward
00464580	3623	MDMetaWindowController	original
00465c80	4224	MDMetaWindowController	original
00467c50	839	MDMetaWindowController	original
004680d0	645	MDMetaWindowController	addr_proximity_backward
00469210	1169	MDToolbarPluginTransferCtrl	original
0046ba30	1507	MDToolbarTempoPluginCtrl	original
0046fc10	560	MDToolbarActivityCtrl	original
004727c0	1124	MDToolbarAraClickCtrl	original
00475480	1475	MDToolbarScaleModeCtrl	original
00479050	1636	MDDetectionAudioSourceInsp	addr_proximity_forward
0047a4c0	14402	MDDetectionAudioSourceInsp	original
0047dd70	11519	MUAudioFileSource	original
00481b90	3553	GNString	original
004832f0	1232	GNString	addr_proximity_both
00483b30	879	GNString	addr_proximity_both
00483ff0	5214	GNString	addr_proximity_both
00486560	3026	GNString	original
004879c0	2967	MULSSGenerator	original
00488f50	3048	MULSSGenerator	original
0048a720	1826	GNString	original
0048b260	880	MDMetaWindowController	original
0048b760	559	MDMetaWindowController	addr_proximity_backward
0048ba10	4413	MUAraAudioSource	original
0048d550	6259	MUAraAudioSource	original
0048f8a0	1143	GNString	addr_proximity_forward
0048fe80	2015	GNString	original
00490b50	949	MUAudioFileSource	original
00491110	2709	MUAudioFileSource	original
00492370	2632	MUAudioFileSource	original
00493490	1971	MDMetaWindowController	original
00493fd0	1236	MDMetaWindowController	addr_proximity_backward
00494690	2854	MUAudioFileSource	original
004960c0	545	MUAudioFileSource	addr_proximity_backward
00496ec0	761	MUAudioFileSource	addr_proximity_backward
00497610	1445	GNString	original
00498300	1350	GNString	addr_proximity_backward
00498b30	866	GNString	addr_proximity_backward
004995c0	1866	GNString	addr_proximity_backward
0049afd0	1030	GNString	addr_proximity_backward
0049f6c0	2241	Unknown	original
004a0530	625	MUAudioFileSource	call_graph_iter1
004a0bd0	993	MUAudioFileSource	addr_proximity_forward
004a11d0	947	MUAudioFileSource	addr_proximity_both
004a17d0	710	MUAudioFileSource	addr_proximity_both
004a1c00	958	MUAudioFileSource	addr_proximity_both
004a21b0	813	MUAudioFileSource	addr_proximity_both
004a2840	2934	MUAudioFileSource	original
004a3af0	811	MUAudioFileSource	original
004a41a0	1821	MUAudioFileSource	addr_proximity_both
004a4d90	619	MUAudioFileSource	addr_proximity_both
004a5340	1113	MUAudioFileSource	addr_proximity_both
004a5a00	588	MUAudioFileSource	addr_proximity_both
004a5d20	1430	MUAudioFileSource	addr_proximity_both
004a64d0	2472	MUAudioFileSource	addr_proximity_both
004a7530	1005	MUAudioFileSource	addr_proximity_both
004a7d00	920	MUAudioFileSource	original
004a8460	680	MDMetaWindowController	original
004a87c0	605	MDMetaWindowController	addr_proximity_both
004a8be0	1216	MDMetaWindowController	addr_proximity_both
004a9400	600	MDMetaWindowController	original
004a9ce0	584	MDLogoView	original
004aa180	5150	MDLogoView	addr_proximity_backward
004ac180	737	MDErrorController	addr_proximity_forward
004ac670	1501	MDErrorController	addr_proximity_both
004addb0	735	MDErrorController	original
004ae680	536	MDErrorController	addr_proximity_backward
004aeab0	1880	MDErrorController	addr_proximity_backward
004afe20	1763	MDErrorController	addr_proximity_backward
004b0830	2035	MDErrorController	addr_proximity_backward
004b1320	1906	MDErrorController	addr_proximity_backward
004b2010	1689	MDEditorViewController	original
004b2fa0	1893	MDAudioTrackItem	original
004b3c80	927	MDWorkspaceView	original
004b40e0	542	MDToolbarLayouter	original
004b4640	1228	MDToolbarLayouter	addr_proximity_both
004b5500	560	MDToolbarLayouter	original
004b5760	679	MDToolbarLayouter	addr_proximity_backward
004b5d70	932	MDToolbarLayouter	addr_proximity_backward
004b61e0	3578	MDToolbarLayouter	addr_proximity_backward
004b77a0	511	MDToolbarLayouter	addr_proximity_backward
004b8670	610	MDToolbarLayouter	addr_proximity_backward
004b8a50	970	MDToolbarLayouter	addr_proximity_backward
004b9aa0	735	MDRecordingPrefCtrl	original
004ba0d0	805	GNString	original
004ba5c0	738	GNString	addr_proximity_backward
004baa00	1104	GNString	addr_proximity_backward
004bb230	731	GNString	addr_proximity_backward
004bc230	996	GNString	addr_proximity_backward
004bd000	206391	GNString	addr_proximity_backward
004ef800	1839	MUAudioFileSource	addr_proximity_forward
004f01b0	574	MUAudioFileSource	addr_proximity_both
004f0450	1588	MUAudioFileSource	original
004f17e0	1777	MDEditorScrollView	original
004f2580	2115	MDEditorScrollView	addr_proximity_backward
004f32b0	2174	MDEditorScrollView	addr_proximity_backward
004f3eb0	3281	MDEditorScrollView	addr_proximity_backward
004f5300	741	MDTransferPluginTrackHeaderViewController	original
004f6020	2305	MUMultiTrackItem	original
004f73e0	1251	MUMultiTrackItem	addr_proximity_backward
004f7da0	1253	MUMultiTrackItem	addr_proximity_backward
004f83c0	3428	MULSSGenerator	original
004f9820	878	MULSSGenerator	addr_proximity_backward
004f9d80	593	MULSSGenerator	addr_proximity_backward
004fa380	1475	MULSSGenerator	addr_proximity_backward
004faf60	505	MULSSGenerator	addr_proximity_backward
004fc6d0	551	MDHorizontalRulerSelectorView	original
004fca20	4037	MDEditorScrollView	original
004fdeb0	796	MDEditorScrollView	addr_proximity_backward
004feb00	1426	MDEditorScrollView	addr_proximity_backward
004ff560	1562	MDHorizontalRulerSelectorView	original
00500000	2044	MDHorizontalRulerSelectorView	addr_proximity_backward
00500e20	1249	MDHorizontalRulerSelectorView	addr_proximity_backward
00501710	557	MDHorizontalRulerSelectorView	addr_proximity_backward
00501c20	514	GNPullDownButton	original
00501f20	505	GNPullDownButton	addr_proximity_backward
00502230	1082	MDEditorViewController	original
00502e50	556	MDEditorViewController	addr_proximity_backward
00503190	1086	MDEditorViewController	addr_proximity_backward
005039a0	2394	MUPercussivePitchSystem	original
00504770	580	MUPercussivePitchSystem	addr_proximity_backward
00504b00	1891	MUPercussivePitchSystem	addr_proximity_backward
00505840	2219	MUPercussivePitchSystem	addr_proximity_backward
00506830	1651	MUPercussivePitchSystem	addr_proximity_backward
00507310	654	MUPercussivePitchSystem	addr_proximity_backward
0050aad0	1743	GNPropertyObserver	original
0050b490	512	MUTimelineRulerView	original
0050da50	719	MDNotificationObserver	original
0050f8b0	2207	MDCopyDataToController	original
00510180	2891	MDCopyDataToController	addr_proximity_backward
00511de0	615	MDCopyDataToController	addr_proximity_backward
00512790	2149	MDMetaWindowController	original
00513640	3389	GNTextView	original
005153b0	512	MDPluginDocument	original
00515d00	1096	MDPluginDocument	addr_proximity_backward
00516170	1891	MDPluginDocument	addr_proximity_backward
00516d30	940	MDPluginDocument	addr_proximity_backward
00517510	1364	MDPluginDocument	addr_proximity_backward
00518030	1343	MDPluginDocument	addr_proximity_backward
00518a80	3543	MDPluginDocument	addr_proximity_backward
0051a2b0	2662	MDPluginDocument	addr_proximity_backward
0051b640	680	MDPluginDocument	addr_proximity_backward
0051ba20	680	MDPluginDocument	addr_proximity_backward
0051be00	793	MDPluginDocument	addr_proximity_backward
0051c210	899	MDPluginDocument	addr_proximity_backward
0051c9f0	1109	MDPluginDocument	addr_proximity_backward
0051d3f0	1121	MDPluginDocument	addr_proximity_backward
0051da80	1108	MDPluginDocument	addr_proximity_backward
0051e1e0	697	MDPluginDocument	addr_proximity_backward
0051e7f0	2478	MDPluginDocument	addr_proximity_backward
0051f6c0	1861	MDPluginDocument	addr_proximity_backward
005201d0	924	MDPluginDocument	addr_proximity_backward
00520990	3560	MDPluginDocument	addr_proximity_backward
00521f90	880	MDPluginDocument	addr_proximity_backward
005224d0	654	MDPluginDocument	addr_proximity_backward
005228a0	3465	MULSSGenerator	original
00523880	1072	MULSSGenerator	addr_proximity_backward
00523d70	1543	MULSSGenerator	addr_proximity_backward
00524820	4455	MULSSGenerator	addr_proximity_backward
00526a80	589	GNString	addr_proximity_forward
00527070	979	GNString	addr_proximity_both
00527740	4120	GNString	original
00528fe0	8031	GNData	original
0052cc40	544	Unknown	original
0052d020	622	Unknown	original
0052d7d0	3365	GNString	field_patterns
0052fb60	3208	GNList	original
00530de0	1603	GNList	addr_proximity_backward
00531830	1638	GNList	addr_proximity_backward
005323e0	613	GNList	addr_proximity_backward
00532890	708	GNList	addr_proximity_backward
00533050	1603	GNList	addr_proximity_backward
00533b90	2094	MUAudioFileSource	original
00534960	2083	MUAudioFileSource	original
00535670	2212	MUAudioFileSource	original
00536930	1227	MUAudioFileSource	addr_proximity_backward
005371e0	999	MUAudioFileSource	addr_proximity_backward
00537dc0	1418	MUAudioFileSource	addr_proximity_backward
00538a80	3754	MUAudioFileSource	addr_proximity_backward
0053a050	759	MUAudioFileSource	addr_proximity_backward
0053a480	759	MUAudioFileSource	addr_proximity_backward
0053b0a0	688	MUAudioFileSource	addr_proximity_backward
0053bd80	707	MUAudioFileSource	addr_proximity_backward
0053c980	1588	MDPluginDocument	original
0053e5a0	705	GNUni	original
0053f150	2125	GNUni	original
0053fd80	810	MURenderSliceTimeContext	original
00540740	560	MURenderSliceTimeContext	original
00542220	925	MURenderSliceTimeContext	addr_proximity_backward
00542660	2794	MURenderSliceTimeContext	addr_proximity_backward
00543570	616	MURenderSliceTimeContext	addr_proximity_backward
00543a00	909	MURenderSliceTimeContext	addr_proximity_backward
00544340	1479	MDPluginTransferTempoDialog	original
00544e30	1368	MDPluginTransferTempoDialog	addr_proximity_backward
005457b0	1596	MDPluginTransferTempoDialog	addr_proximity_backward
00546290	1758	MDPluginTransferTempoDialog	addr_proximity_backward
00546e20	4912	MDPluginTransferTempoDialog	addr_proximity_backward
00548c70	780	MDPluginTransferTempoDialog	addr_proximity_backward
005495c0	1384	MDPluginTransferTempoDialog	addr_proximity_backward
00549e60	824	MDPluginTransferTempoDialog	addr_proximity_backward
0054c3c0	679	MDURLOpenedController	original
0054ca70	773	MDURLOpenedController	addr_proximity_backward
0054d030	707	MDURLOpenedController	addr_proximity_backward
0054e050	1966	MDURLOpenedController	addr_proximity_backward
0054e980	529	MDURLOpenedController	addr_proximity_backward
0054ee90	1349	MDURLOpenedController	addr_proximity_backward
0054f510	534	MDURLOpenedController	addr_proximity_backward
0054f740	1417	MDURLOpenedController	addr_proximity_backward
0054ffb0	1631	MDURLOpenedController	addr_proximity_backward
00550980	1173	MDURLOpenedController	addr_proximity_backward
00551070	794	MDURLOpenedController	addr_proximity_backward
005513c0	517	MDActivityDiagramView	original
00551ad0	1187	MDActivityDiagramView	addr_proximity_both
00552090	1158	MDActivityDiagramView	addr_proximity_both
00552720	2010	MDActivityDiagramView	addr_proximity_both
00553810	802	MDActivityDiagramView	original
005548c0	1479	MDTimeGridController	original
00555360	2568	MDTimeGridController	addr_proximity_backward
005565f0	1397	MDTimeGridController	addr_proximity_backward
00556e50	2569	MDTimeGridController	addr_proximity_backward
005580b0	550	MDTimeGridController	addr_proximity_backward
00558550	1385	MDTimeGridController	addr_proximity_backward
00559030	1255	MDTimeGridController	addr_proximity_backward
00559ea0	3295	MDAudioTrackItem	original
0055b680	4114	MDAudioTrackItem	addr_proximity_backward
0055ee40	545	MDWelcomePanelController	original
0055f640	590	GNHeartbeatHandler	original
00560cc0	516	MDTestValuesController	original
00561840	607	MDCopyAndPaste	original
00561de0	570	MDCopyAndPaste	addr_proximity_backward
00562380	500	MDDetectionEditorElementView	original
00562f50	509	MDEditorScrollView	original
005631a0	638	MDEditorView	original
005657d0	522	MDTooltipsPrefCtrl	original
00565c40	539	MDTrackInsp	original
00565ea0	572	MDTrackInsp	addr_proximity_backward
00566d70	649	MDWorkspaceModuleViewController	original
00568140	1012	GNSerialNumber	original
0056b300	664	GNLicenseContext	original
0056c060	512	GNLicenseActivationDataDecryptor	original
0056c400	512	GNLicenseILokProcessor	original
0056f450	569	GNCelemonyAccountClient	original
00571120	997	GNHeartbeatHandler	original
00572da0	1208	MDAnimation	original
00573310	532	MDAnimation	original
005748e0	2341	MDEditorDescription	original
005767e0	519	MDEditorDescription	original
00576a10	519	MDEditorDescription	original
00576f30	532	MDEditorDescription	original
00577460	917	MDElementInsp	original
0057aed0	515	GNUni	original
0057b530	955	MDLayer	original
0057b970	532	MDLayer	original
0057cff0	528	MUMPDReader	original
0057d870	512	GNUni	original
0057dbf0	512	GNUni	original
0057e5d0	777	GNHeartbeatHandler	original
0057faa0	512	GNUni	original
00581680	3815	GNSlider	original
00582b10	2633	MDAnalyserTestView	original
00587df0	520	MUMultiTrackTrackElement	original
005880e0	1098	MUMultiTrackTrackElement	original
005893c0	1102	GNBinaryKeyValueArchiverDelegate	original
0058a460	1760	MDCopyDataToController	original
0058d210	656	GNCustomCircularSlider	original
0058deb0	4173	GNPropertyObserver	original
0059ba40	2643	EnergyClaimSystem	original
0059c6c0	1739	GNHeartbeatHandler	original
0059e760	510	MUPerformanceTimeView	original
0059ed40	20882	MUAudioSourceDescription	original
005a97a0	4650	MUDetectionEditorView	original
005ac4f0	550	MUDetectionEditorView	original
005ae980	710	MDEditorViewAggregate	original
005af2c0	675	MDDetectionElementInsp	original
005b0a20	714	GNUni	original
005b1650	585	GNUni	original
005b1e40	5742	MUAudioSourceDescription	original
005b5e80	652	MDDocumentViewController	addr_proximity_forward
005b6230	1984	MDDocumentViewController	original
005b9d10	520	MUEditorSubview	original
005ba230	790	GNUni	original
005ba8e0	1592	MDEditorScrollView	original
005bc0d0	547	MDEditorScrollView	original
005bda10	1159	MDEditorView	original
005be530	547	MDEditorView	original
005be780	547	MDEditorView	original
005c0400	3526	MDEditorViewController	original
005c6d00	626	MDEditorViewController	original
005c82b0	560	MDEditorViewController	original
005c8510	560	MDEditorViewController	original
005ca0e0	1125	MDFileBrowserInsp	original
005cbd80	560	MDFileBrowserInsp	original
005ce3a0	739	MDInspectorViewController	original
005d1b20	3509	MDMetaWindowController	original
005d9580	500	MDPlaybackController	addr_proximity_forward
005da070	684	MDPlaybackController	original
005da690	547	MDPlaybackController	original
005da8e0	560	MDPlaybackController	original
005dab40	1742	MUAraAudioSource	original
005db8e0	762	MUAraAudioSource	addr_proximity_backward
005dbd30	570	MDPluginTimeProgressor	original
005dc2b0	2144	GNUni	original
005de2a0	788	MDPluginWindowResizeView	original
005ded10	933	GNPropertyObserver	original
005e25c0	1214	GNLabel	original
005e3630	1325	MDNotificationObserver	original
005e4870	934	MDWorkspaceView	original
005e4eb0	968	MDNotificationObserver	original
005e5dc0	965	MDNotificationObserver	original
005e6ed0	596	MDToolbarPositionCtrl	original
005e89a0	1017	MDToolbarPositionCtrl	addr_proximity_backward
005e92e0	1641	MDTrackInsp	original
005efaa0	557	MUTextField	addr_proximity_forward
005efdc0	616	MUTextField	original
005f0340	512	GNUni	original
005f0ba0	2622	MDViewSettings	original
005f1790	629	MDViewSettings	original
005f1a30	629	MDViewSettings	original
005f3190	598	MDViewSettings	original
005f3e70	532	MDViewSettings	original
005f45b0	1292	MDWorkspaceLayoutStrategy	original
005f5130	560	MDWorkspaceLayoutStrategy	original
005f5390	560	MDWorkspaceLayoutStrategy	original
005f5a00	1109	GNUni	original
005f6340	854	GNUni	original
005f6c40	1392	MDWorkspaceModuleViewController	original
005f86e0	2297	GNUni	original
005fa9b0	834	MDWorkspaceTabHeaderViewItem	original
005fbb80	505	GNUni	original
005fea00	3072	GNAudioProcessor	original
006024d0	10476	MUAraDocumentController	original
006083c0	2883	GNString	field_patterns
006097d0	527	MDMetaWindowController	field_patterns
00609c50	636	GNString	field_patterns
0060a300	971	GNString	field_patterns
0060a7c0	1845	Unknown	original
0060b460	1013	GNString	field_patterns
0060c0d0	1471	Unknown	original
0060c9f0	1105	Unknown	original
0060d290	2575	GNFilePath	addr_proximity_forward
0060dd80	797	GNFilePath	addr_proximity_both
0060e940	853	GNFilePath	addr_proximity_both
0060eed0	740	GNFilePath	original
0060f290	791	GNFilePath	original
0060f6d0	765	GNFilePath	original
0060faa0	1438	GNFilePath	original
006101a0	535	GNFilePath	addr_proximity_backward
00610b00	685	MDToolbarAraClickCtrl	original
00610ec0	683	MDMetaWindowController	original
00611270	587	MDMetaWindowController	addr_proximity_backward
00611860	619	MDMetaWindowController	addr_proximity_backward
006122f0	23419	MUSpectrumShaper	original
006187d0	500	Unknown	original
00618f70	596	Unknown	original
00619340	733	Unknown	original
00619800	1660	Unknown	original
0061a380	1327	Unknown	original
0061b570	3972	Unknown	original
0061d9e0	1286	GNString	original
0061e270	765	GNString	addr_proximity_backward
0061e790	684	GNString	addr_proximity_backward
0061ebd0	2594	GNString	addr_proximity_backward
0061fbe0	901	GNString	addr_proximity_backward
00620200	2468	GNString	addr_proximity_backward
00621330	2554	GNString	addr_proximity_backward
006221a0	880	GNString	addr_proximity_backward
00622800	1286	GNString	addr_proximity_backward
00623170	1032	GNString	addr_proximity_backward
006238c0	1249	GNString	addr_proximity_backward
00624150	730	GNString	addr_proximity_backward
00624670	730	GNString	addr_proximity_backward
00624b90	1787	GNString	addr_proximity_backward
00625a00	3280	GNString	addr_proximity_backward
00626ed0	3343	GNString	addr_proximity_backward
00628800	522	MDDocumentConversionSheet	original
00629000	2624	MDDocumentConversionSheet	addr_proximity_backward
0062a580	941	MDDocumentConversionSheet	addr_proximity_backward
0062aee0	885	MDDocumentConversionSheet	addr_proximity_backward
0062b480	1466	MDPluginMenuViewController	original
0062bd30	3589	MDPluginMenuViewController	addr_proximity_backward
0062d8e0	837	MDPluginMenuViewController	addr_proximity_backward
0062deb0	631	MDPluginMenuViewController	addr_proximity_backward
0062e2d0	5520	MDPluginMenuViewController	addr_proximity_backward
006306b0	1539	MDPluginWindowResizeView	addr_proximity_forward
006311f0	890	MDPluginWindowResizeView	original
00631870	502	MDPluginWindowResizeView	addr_proximity_backward
00631c50	12971	MDURLOpenedController	original
00637c40	3194	MDURLOpenedController	addr_proximity_both
00639540	747	MDURLOpenedController	addr_proximity_both
00639aa0	1473	MDURLOpenedController	original
0063a4a0	1113	MDURLOpenedController	addr_proximity_both
0063af70	685	MDURLOpenedController	addr_proximity_both
0063b490	2590	MDURLOpenedController	original
0063c780	2519	MDURLOpenedController	original
0063d970	2610	MDURLOpenedController	original
0063ec20	765	MDURLOpenedController	addr_proximity_backward
0063f230	816	MDURLOpenedController	addr_proximity_backward
0063f660	1319	MDURLOpenedController	addr_proximity_backward
0063ffb0	7102	MDURLOpenedController	addr_proximity_backward
00643690	1060	MDProjectInsp	original
00643ea0	759	MDProjectInsp	addr_proximity_backward
00644ba0	916	MDProjectInsp	addr_proximity_backward
006451f0	745	MDProjectInsp	addr_proximity_backward
00645c10	2973	MDEditorViewController	original
006472f0	550	MDEditorViewController	addr_proximity_backward
006476b0	1855	MDEditorViewController	addr_proximity_backward
006483a0	604	MDEditorViewController	addr_proximity_backward
006487e0	10654	MDEditorViewController	addr_proximity_backward
0064c7a0	560	MDDocumentViewController	addr_proximity_forward
0064cb40	900	MDDocumentViewController	original
0064d070	500	MDDocumentViewController	addr_proximity_backward
0064d3d0	1440	MDEditorViewController	original
0064dc10	507	MDEditorViewController	addr_proximity_backward
0064e9c0	2081	MDEditorViewController	addr_proximity_backward
0064fb00	865	MDEditorViewController	addr_proximity_backward
006500a0	1185	MDEditorViewController	addr_proximity_backward
00650980	2430	MUMultiTrackView	original
00651de0	1019	MUMultiTrackView	addr_proximity_backward
00652d70	2650	MUMultiTrackView	addr_proximity_backward
00654180	2064	MDWorkspaceView	original
00655020	562	MDWorkspaceView	addr_proximity_backward
00655410	644	GNInfoController	original
006559b0	856	GNInfoController	addr_proximity_backward
00655fa0	737	MUMultiTrackView	original
00656960	1229	MUMultiTrackView	addr_proximity_backward
00657180	831	MUMultiTrackView	addr_proximity_backward
006577f0	639	MUMultiTrackView	addr_proximity_backward
00657c30	2089	MUQuarterSequenceView	original
0065a810	741	MDMetaWindowController	original
0065ac20	840	MDMetaWindowController	original
0065b0f0	586	MDMetaWindowController	addr_proximity_backward
0065f0d0	667	Unknown	original
0065f880	390766	Unknown	original
006c3b00	2328	MDWorkspaceView	original
006c48c0	623	MDWorkspaceView	addr_proximity_backward
006c6310	1240	MDMetaWindowController	original
006c6ab0	735	MDMetaWindowController	original
006c7220	681	MDVolumeFader	original
006c76c0	7022	MDTrackInsp	original
006c9280	1717	MDTrackInsp	addr_proximity_backward
006c9eb0	757	MDTrackInsp	addr_proximity_backward
006ca460	2729	MDTrackInsp	addr_proximity_backward
006cb600	1629	GNString	original
006cc2c0	1984	GNString	addr_proximity_backward
006ccf60	2162	GNString	addr_proximity_backward
006cdee0	685	GNString	addr_proximity_backward
006ce3a0	4153	GNList	original
006cff00	813	MULSSGenerator	original
006d0340	1316	MULSSGenerator	addr_proximity_backward
006d0b50	1195	MULSSGenerator	addr_proximity_backward
006d1290	742	GNString	original
006d16c0	4373	MDMetaWindowController	original
006d3140	988	MDMetaWindowController	original
006d3710	819	MDMetaWindowController	addr_proximity_backward
006d3ba0	732	MDMetaWindowController	addr_proximity_backward
006d3fd0	1205	MDMetaWindowController	addr_proximity_backward
006d4950	520	MDMetaWindowController	addr_proximity_backward
006d4ca0	8208	MDMetaWindowController	addr_proximity_backward
006d7f00	899	Unknown	original
006d8580	1553	MULSSGenerator	addr_proximity_forward
006d8d80	1478	MULSSGenerator	addr_proximity_both
006d9da0	1325	MULSSGenerator	addr_proximity_both
006da4e0	1450	MULSSGenerator	original
006daca0	1397	MULSSGenerator	original
006db470	896	MULSSGenerator	addr_proximity_backward
006dbc00	755	MULSSGenerator	addr_proximity_backward
006dc210	1083	MDVolumeFader	original
006dc860	547	MDVolumeFader	original
006dd100	958	GNUni	original
006decb0	7923	GNList	original
006e4100	3111	GNString	field_patterns
006e5a00	528	MDTempIOCtrl	addr_proximity_forward
006e5db0	528	MDTempIOCtrl	addr_proximity_both
006e79b0	1110	MDTempIOCtrl	original
006e7e30	1316	MDTempIOCtrl	addr_proximity_backward
006e87c0	515	MDTempIOCtrl	addr_proximity_backward
006e8b70	1175	MDTempIOCtrl	addr_proximity_backward
006e92f0	758	MDMetaWindowController	original
006e9b50	685	MDToolbarEditorViewCtrl	original
006ea2f0	1791	MDToolbarEditorViewCtrl	addr_proximity_backward
006eae60	1302	MDMetaWindowController	original
006ebcb0	1367	MDToolbarPreListeningCtrl	original
006ec400	703	MDMetaWindowController	original
006eced0	1729	MDMetaWindowController	addr_proximity_backward
006ee080	4490	GNString	original
006f0120	508	MDTempoEditorHelper	original
006f07b0	11069	MDDocumentViewController	original
006f3350	1586	Unknown	original
006f41e0	792	Unknown	original
006f4c20	2591	Unknown	original
006f5fc0	517	Unknown	original
006f63e0	851	Unknown	original
006f6a20	4339	Unknown	original
006f8ca0	2205	GNFilePath	call_graph_iter1
006f9d50	2037	GNFilePath	call_graph_iter1
006fabd0	603	Unknown	original
006faff0	599	Unknown	original
006fb580	1694	Unknown	original
006fc300	1130	Unknown	original
006fcaf0	827	Unknown	original
006fd120	1041	Unknown	original
006fdba0	1257	Unknown	original
006fe4f0	588	MUElementAnalyzer	call_graph_iter1
006fe880	3290	MUElementAnalyzer	call_graph_iter1
006ffef0	869	Unknown	original
00700430	1006	Unknown	original
00700e90	1082	Unknown	original
00701620	881	MDAudioTrackItem	addr_proximity_forward
00702500	1761	MDAudioTrackItem	addr_proximity_both
007035b0	1147	MDAudioTrackItem	original
00703c00	620	MDAudioTrackItem	addr_proximity_backward
00703ff0	1978	MDAudioTrackItem	addr_proximity_backward
00704d30	5485	MDMetaWindowController	original
00707250	1354	MDMetaWindowController	addr_proximity_both
00707bf0	3927	MDMetaWindowController	original
00709640	3820	MDMetaWindowController	addr_proximity_backward
0070b120	894	MDExportController	original
0070b860	1286	MDExportController	addr_proximity_backward
0070c1e0	6318	MUElementAnalyzer	original
0070e870	1599	MDAudioTrackHeaderViewController	addr_proximity_forward
0070f2e0	754	MDAudioTrackHeaderViewController	original
0070f740	754	MDAudioTrackHeaderViewController	original
00711930	572	MDPluginPreferencesController	original
00714f50	13093	Unknown	original
0071a2c0	817	MDWelcomePanelController	addr_proximity_forward
0071b4f0	1467	MDWelcomePanelController	original
0071c4a0	2933	MDURLOpenedController	original
0071d920	2925	MDURLOpenedController	original
0071fc50	2359	MUTempoEditorView	original
00720770	1915	MUTempoEditorView	addr_proximity_backward
00721510	1941	MUTempoEditorView	addr_proximity_backward
00722260	704	MUTempoEditorView	addr_proximity_backward
00722630	71063	MUTempoEditorView	addr_proximity_backward
007424c0	720	GNString	call_graph_iter1
00749fc0	2336	Unknown	original
0074b300	5654	GNString	field_patterns
0074ddb0	1762	MUElementAnalyzer	addr_proximity_forward
0074ea80	7348	MUElementAnalyzer	original
00751820	664	Unknown	original
00751e50	518	MDMetaWindowController	call_graph_iter1
007521c0	1242	Unknown	original
00752a00	1853	MUAudioIOSlot	addr_proximity_forward
007538d0	839	MUAudioIOSlot	addr_proximity_both
00753e50	1363	MUAudioIOSlot	addr_proximity_both
007549f0	3610	MUAudioIOSlot	original
00756200	1352	MUAudioIOSlot	addr_proximity_backward
00756aa0	679	MUAudioIOSlot	addr_proximity_backward
00756ee0	716	MUAudioIOSlot	addr_proximity_backward
00757320	1249	MUAudioIOSlot	addr_proximity_backward
00757ea0	1102	MUAudioIOSlot	addr_proximity_backward
007586e0	3572	MUAudioIOSlot	addr_proximity_backward
00759cf0	683	MUAudioIOSlot	addr_proximity_backward
0075a190	6234	MUAudioFileSource	original
0075cbd0	4489	MUAudioFileSource	addr_proximity_both
0075edc0	3824	MUAudioFileSource	addr_proximity_both
00760600	3009	MUAudioFileSource	original
00761a80	2569	MUAudioFileSource	original
00762a70	1289	MUAudioFileSource	addr_proximity_backward
00763640	558	MUAudioFileSource	addr_proximity_backward
00763bc0	709	MUAudioFileSource	addr_proximity_backward
007649a0	934	MUElementAnalyzer	original
007651c0	5742	MUElementAnalyzer	addr_proximity_both
00767640	17225	MUElementAnalyzer	original
0076e660	1530	MUAudioFileSource	original
0076f670	824	MUAudioFileSource	addr_proximity_backward
0076fba0	517	MUAudioFileSource	addr_proximity_backward
0076ffb0	705	MDEditorView	original
00770390	871	MDEditorView	addr_proximity_backward
00770960	2427	MUElementAnalyzer	original
00771850	1279	MUElementAnalyzer	addr_proximity_both
00772060	791	MUElementAnalyzer	addr_proximity_both
00772ab0	3327	MUElementAnalyzer	original
00773ea0	2232	MUElementAnalyzer	addr_proximity_backward
00774db0	16232	GNList	original
0077b140	4086	MUElementAnalyzer	addr_proximity_forward
0077cd50	2462	MUElementAnalyzer	original
0077dba0	2142	MUElementAnalyzer	addr_proximity_backward
0077e980	2917	MDEditorViewController	original
0077fd70	661	MDEditorViewController	addr_proximity_backward
007801f0	708	MDEditorViewController	addr_proximity_backward
00780680	897	MDEditorViewController	addr_proximity_backward
00780df0	1236	MDEditorViewController	addr_proximity_backward
00781710	1129	MDEditorViewController	addr_proximity_backward
00781f00	1099	MDEditorViewController	addr_proximity_backward
00782800	1038	MDEditorViewController	addr_proximity_backward
00782ec0	3385	MDEditorViewController	addr_proximity_backward
007843e0	845	MDEditorViewController	addr_proximity_backward
00784900	2844	MUElementAnalyzer	original
00785940	1276	MUElementAnalyzer	addr_proximity_backward
007860e0	3801	MUAraAudioSource	original
00787770	1965	MUAraAudioSource	addr_proximity_backward
007886a0	750	MUAraAudioSource	addr_proximity_backward
00789100	708	MUAraAudioSource	addr_proximity_backward
007894f0	730	MUAraAudioSource	addr_proximity_backward
00789930	730	MUAraAudioSource	addr_proximity_backward
00789d70	599	MUAraAudioSource	addr_proximity_backward
0078a130	2429	MUAraAudioSource	addr_proximity_backward
0078b1d0	937	MUAraAudioSource	addr_proximity_backward
0078bc40	1572	MUAraAudioSource	addr_proximity_backward
0078c610	1467	MUAraAudioSource	addr_proximity_backward
0078d680	700	MUAraAudioSource	addr_proximity_backward
0078dab0	1195	MUElementAnalyzer	original
0078e160	745	MUElementAnalyzer	original
0078e820	3891	MUElementAnalyzer	original
00790110	1952	MUAudioFileSource	original
00791550	1518	MUElementAnalyzer	original
00791e10	2965	MUElementAnalyzer	original
007935f0	547	MUElementAnalyzer	addr_proximity_both
00793a50	3673	MUElementAnalyzer	original
007954a0	1963	MDExportController	original
0079afc0	532	MDExportController	original
0079e760	1689	MDEditorViewController	original
0079f9e0	9493	MUSampledFunction	original
007a3240	2866	GNString	field_patterns
007a53d0	508	GNMidiEventPacket	original
007a5ec0	582	GNSoundFileAIFFWriter	original
007a6fd0	513	GNSoundFileNFFWriter	original
007a74c0	513	GNSoundFileSNDWriter	original
007a77d0	545	GNSoundFileWAVEReader	original
007ab0a0	934	GNAudioProcessorEvent	original
007abdb0	3221	GNAudioProcessorTimeInfo	original
007adf20	916	GNAudioTimeStamp	original
007af3c0	526	GNMidiEventPacket	original
007b0440	1992	GNSoundFile	original
007b1530	599	GNSoundFile	original
007b1940	1030	GNSoundFile	original
007b2680	550	GNSoundFile	original
007b47e0	1045	GNInt	original
007b5c70	1519	GNSoundFileAIFFReader	original
007b7610	1068	GNUni	original
007b7bf0	824	GNAudioSampleFormat	original
007b8500	1217	GNInt	original
007b96b0	2638	GNSoundFileALACReader	original
007bc3f0	847	GNSoundFileALACWriter	original
007bd5b0	619	GNSoundFileALACWriter	addr_proximity_backward
007bdc90	618	GNSoundFileALACWriter	addr_proximity_backward
007be3a0	1746	GNSoundFileNFFReader	original
007bf5f0	516	GNSoundFileNFFWriter	original
007bfbe0	1504	GNSoundFileSNDReader	original
007c0ba0	516	GNSoundFileSNDWriter	original
007c11c0	3996	GNSoundFileWAVEReader	original
007c3e50	1560	GNSoundFileWAVEWriter	original
007c58f0	926	GNSymmetricFIRFilter	original
007c6620	820	GNInt	original
007c71c0	1182	GNInt	original
007c7bc0	2403	GNAudioHALDevice	original
007c9e20	623	Unknown	original
007ca0e0	2927	GNString	field_patterns
007cb380	809	GNString	field_patterns
007cbaa0	520	Unknown	original
007cc310	60902	Unknown	original
007db2b0	659	GNString	field_patterns
007db7b0	2271	GNData	addr_proximity_forward
007dc1e0	2468	GNData	addr_proximity_both
007dd2b0	781	GNData	addr_proximity_both
007dd720	8569	GNData	original
007e0970	1604	GNString	field_patterns
007e14f0	762	GNString	field_patterns
007e24c0	2680	Unknown	original
007e3560	5213	GNString	field_patterns
007e59d0	2258	Unknown	original
007e6670	5958	GNString	field_patterns
007e8ac0	4168	GNString	field_patterns
007ea750	678	MDDetectionElementInsp	addr_proximity_forward
007eb210	1110	MDDetectionElementInsp	original
007eb9c0	790	GNModuleView	original
007ebe20	1648	GNModuleView	addr_proximity_backward
007eca30	2166	MDEditorViewController	original
007ed8f0	1526	MDEditorViewController	addr_proximity_backward
007ee1b0	1577	MUAudioSourceAttackItem	original
007ef7c0	559	GNOperationProgressObserver	original
007efd50	896	GNOperationProgressObserver	addr_proximity_backward
007f0230	1271	GNOperationProgressObserver	addr_proximity_backward
007f0cf0	1080	GNOperationProgressObserver	addr_proximity_backward
007f1730	1311	GNOperationProgressObserver	addr_proximity_backward
007f1f80	502	GNOperationProgressObserver	addr_proximity_backward
007f2390	724	GNOperationProgressObserver	addr_proximity_backward
007f28a0	1012	GNOperationProgressObserver	addr_proximity_backward
007f3f10	1584	GNData	original
007f4cf0	658	MDEditorScrollView	original
007f51e0	1110	MDToneScaleController	original
007f5730	767	MDToneScaleController	addr_proximity_backward
007f5ec0	643	GNPullDownButton	original
007f6250	643	GNPullDownButton	original
007f65e0	643	GNPullDownButton	original
007f6970	1790	GNPullDownButton	addr_proximity_backward
007f83c0	2310	MDMetaWindowController	original
007f9c50	1991	MDMetaWindowController	addr_proximity_backward
007fafb0	585	MDMetaWindowController	addr_proximity_backward
007fb340	735	MDExportAudioController	original
007fbb40	573	MDExportAudioController	addr_proximity_backward
007fbe30	4270	MDExportAudioController	addr_proximity_backward
007fd7a0	1704	MDExportAudioController	addr_proximity_backward
007fea30	1760	MDExportAudioController	addr_proximity_backward
007ff930	941	MDExportAudioController	addr_proximity_backward
00800160	4998	GNString	original
00801f60	811	GNString	addr_proximity_backward
00802530	1206	GNString	addr_proximity_backward
00803100	5326	GNString	addr_proximity_backward
00805090	982	GNString	addr_proximity_backward
008056c0	679	GNString	addr_proximity_backward
00805bd0	657	GNString	addr_proximity_backward
008060d0	1249	GNString	addr_proximity_backward
00807040	681	MDElementQuantizeWrapper	original
00807c50	590	MDElementQuantizeWrapper	addr_proximity_backward
008087a0	517	MUColorCorrectionCtrl	original
00808f90	572	MUPasteboardHandler	original
00809560	708	GNMenu	original
0080a190	601	MUDetectionActivationSlider	original
0080b600	583	MUDetectionQuarterAssignmentInspector	original
0080b970	677	MUTextFieldDragAndEditHandler	original
0080bf20	573	MUDetectionBaseInsp	original
0080cdd0	538	MUDisplayPerformanceTimeMapper	original
0080da70	583	MUElementAmplitudeInspector	original
0080df20	590	MUElementFormantInspector	original
0080e730	544	MUElementTimeInspector	original
0080f2b0	581	MUHorizontalOverviewScroller	original
0080fc00	518	MUPitchDriftTool	original
00810180	555	MUPitchSystemRulerView	original
00810670	568	MUPointBasedFunctionView	original
008112f0	528	MUScaleCreatePitchSystemCtrl	original
00811850	571	MUScaleDetectionOptionsCtrl	original
008127f0	580	MUScaleRulerHeaderProgressButton	original
00812d20	604	MUScaleRulerHeaderSquareTextField	original
00812fc0	528	MUScaleRulerHeaderSquareTextField	addr_proximity_backward
008139b0	533	MUScaleStretchTuningCtrl	original
00813ce0	544	MUScaleStretchTuningView	original
00814030	607	MUScrollerSlider	original
008149f0	503	MUSignatureEditorView	original
008192b0	552	GNOutlineViewDataSource	addr_proximity_forward
008196d0	3126	GNOutlineViewDataSource	original
0081a5a0	522	MUBrowserView	original
0081f080	656	MUColorCorrectionView	original
00820940	2181	GNKeyValueUnarchiverDelegate	original
00823ca0	959	MUTimeline	original
00826580	538	MUDetectionActivationSlider	original
00826d80	663	GNNumberFormatter	original
0082a6d0	1411	MUDisplayPerformanceTimeMapper	original
0082bdb0	789	MUDisplayTimeMapperGridLine	original
0082db10	1738	MUElement	original
0082f7f0	558	MUTextFieldDragAndEditHandler	original
008308f0	512	MUTextFieldDragAndEditHandler	original
00831880	600	MUTextFieldDragAndEditHandler	original
00832d80	550	MUPitchTitleDisplayMode	original
00833c50	1065	MUEnvelopeDrawPath	original
00834210	512	GNUni	original
00835de0	818	GNUni	original
00836810	861	MUHorizontalOverviewScroller	original
00838f20	1678	GNHeartbeatHandler	original
00839940	1005	GNPropertyObserver	original
00839f30	581	MUAudioSourceDescription	original
0083b430	995	GNUni	original
0083cc40	2530	GNBrowser	original
0083fe80	532	GNBrowser	original
008401e0	588	GNBrowserDataField	original
008406f0	929	GNBrowserDataSource	original
00842710	506	GNDisplayGroup	original
00843ae0	1614	MUScaleCreationData	original
00845c00	1166	MUScaleDetectionOptionsData	original
008469f0	592	MUScaleBrowser	original
00847230	4054	GNHeartbeatHandler	original
0084c490	553	MUPreviewController	original
0084d700	1572	MUElement	original
0084ee20	10003	GNView	original
00853b20	685	MUScaleSavePanel	addr_proximity_forward
008543e0	1012	MUScaleSavePanel	original
00857530	2083	GNHeartbeatHandler	addr_proximity_forward
00858d80	1164	GNHeartbeatHandler	original
0085a3b0	569	GNFraction	original
0085a740	1978	GNPropertyObserver	original
0085d370	626	MUSignatureEditorView	original
0085e050	8713	GNRunLoopObserverDelegate	original
008634f0	626	MUTempoEditorView	original
00863790	574	MUTempoEditorView	original
00865db0	512	MUTempoEditorView	original
00866df0	550	MUTempoEditorView	original
00869410	594	MUElement	addr_proximity_forward
0086a790	933	MUElement	original
0086e480	1313	GNMidiKeyboardView	original
0086fe10	532	GNButtonType	original
008706d0	677	MUFormant	original
00871b80	1608	MUNoiseRange	original
008737a0	520	MDToolbarLeftConfigCtrl	original
00874960	1502	MDToolbarLeftConfigCtrl	addr_proximity_backward
00875310	1568	MDToolbarLeftConfigCtrl	addr_proximity_backward
00875ab0	1729	MDToolbarLeftConfigCtrl	addr_proximity_backward
00879290	773	MDToolbarTransportCtrl	original
0087bf80	2032	MDToolbarTempoCtrl	original
008829b0	1026	MDToolbarEditMixCtrl	original
00882eb0	942	MDMetaWindowController	original
00883760	1224	MDMetaWindowController	addr_proximity_backward
00884180	518	MDMetaWindowController	addr_proximity_backward
008844d0	844	MDVolumeSlider	original
008851c0	707	MDVolumeSlider	addr_proximity_backward
00885520	1078	MDVolumeSlider	addr_proximity_backward
00885a30	1107	MDVolumeSlider	addr_proximity_backward
00885f50	1098	MDVolumeSlider	addr_proximity_backward
00886470	2899	MDVolumeSlider	addr_proximity_backward
008874c0	626	MDWorkspaceView	original
008877d0	3588	MDWorkspaceView	addr_proximity_backward
0088984a	574	GNInt	field_patterns
00889ac6	508	Unknown	original
00889cd8	705	Unknown	original
0088a05e	1168	GNList	field_patterns
0088a55a	846	MULSSGenerator	field_patterns
0088a9bc	1070	Unknown	original
0088b06e	906	GNList	field_patterns
0088b428	567	GNList	field_patterns
0088b734	664	Unknown	original
0088d230	649	Unknown	original
0088dffa	619	GNInt	field_patterns
0088fc89	529	Unknown	original
0088ff40	3842	Unknown	original
00891288	1000	Unknown	original
0089194a	646	GNFilePath	field_patterns
0089bf0a	1106	Unknown	original
0089c6ca	1106	Unknown	original
0089cdfe	1106	Unknown	original
0089d532	1106	Unknown	original
0089dc66	1106	Unknown	original
0089e39a	1106	Unknown	original
0089eace	1106	Unknown	original
0089f206	1106	Unknown	original
0089f93e	1106	Unknown	original
008a0076	1106	Unknown	original
008a07ae	1106	Unknown	original
008a0ee6	1106	Unknown	original
008a161e	1106	Unknown	original
008a1d56	1106	Unknown	original
008a248e	1106	Unknown	original
008a2bc6	1106	Unknown	original
008a32fe	1106	Unknown	original
008a3a36	1106	Unknown	original
008a416e	1106	Unknown	original
008a48a6	1106	Unknown	original
008a4fde	1106	Unknown	original
008a5716	1106	Unknown	original
008a5e4e	1106	Unknown	original
008a6586	1106	Unknown	original
008a6cbe	1106	Unknown	original
008a73f6	1106	Unknown	original
008a7b2e	1106	Unknown	original
008a8266	1106	Unknown	original
008a899e	1106	Unknown	original
008a90d6	1106	Unknown	original
008a980e	1106	Unknown	original
008a9f46	1106	Unknown	original
008aa67e	1106	Unknown	original
008aadb6	1106	Unknown	original
008ab4ee	1106	Unknown	original
008abc26	1106	Unknown	original
008ac35e	1106	Unknown	original
008aca96	1106	Unknown	original
008ad1ce	1106	Unknown	original
008ad906	1106	Unknown	original
008ae03e	1106	Unknown	original
008ae776	1106	Unknown	original
008aeeae	1106	Unknown	original
008af5e6	1106	Unknown	original
008afd1e	1106	Unknown	original
008b0456	1106	Unknown	original
008b0b8e	1106	Unknown	original
008b12c6	1106	Unknown	original
008b19fe	1106	Unknown	original
008b2136	1106	Unknown	original
008b286e	1106	Unknown	original
008b2fa6	1106	Unknown	original
008b36de	1106	Unknown	original
008b3e16	1106	Unknown	original
008b454e	1106	Unknown	original
008b5092	830	GNString	field_patterns
008b5436	646	Unknown	original
008b585e	813	Unknown	original
008b6b36	707	GNString	field_patterns
008b6e3a	521	Unknown	original
008b7058	609	Unknown	original
008b7348	551	MUElementAnalyzer	field_patterns
008b7946	658	GNFilePath	field_patterns
008b806c	551	MUElementAnalyzer	field_patterns
008b91c8	649	MULSSComponentRenderer	field_patterns
008b966c	550	Unknown	original
008bb2a4	527	Unknown	original
008bc030	527	Unknown	original
008bc706	802	GNString	field_patterns
008bca62	624	Unknown	original
008bccf0	804	Unknown	original
008bd506	1066	GNData	field_patterns
008bd972	674	GNData	field_patterns
008bdc36	664	Unknown	original
008be33e	863	MUElementAnalyzer	field_patterns
008be6d6	573	GNString	field_patterns
008be936	597	Unknown	original
008bf9d4	775	GNFilePath	field_patterns
008bfd18	508	GNFilePath	field_patterns
008bff2e	527	Unknown	original
008c05de	574	GNUni	field_patterns
008c085a	508	Unknown	original
008c0a64	705	Unknown	original
008c14e6	2191	MUScaleBrowserItem	field_patterns
008c1e6a	2001	GNList	field_patterns
008c2658	2814	Unknown	original
008c3418	877	Unknown	original
008c37ca	569	GNString	field_patterns
008c3a20	609	Unknown	original
008c3d62	1120	GNInt	field_patterns
008c420e	649	GNString	field_patterns
008c44ba	597	Unknown	original
008c5314	787	GNString	field_patterns
008c566e	609	Unknown	original
008c58ee	801	Unknown	original
008c5ce8	944	MULSSComponentRenderer	field_patterns
008c6154	755	GNValue	field_patterns
008c645e	1014	Unknown	original
008c6b60	1048	MUSpectrumShaper	field_patterns
008c6fa8	696	GNString	field_patterns
008c727a	813	Unknown	original
008c76ac	1642	GNString	field_patterns
008c7d5c	994	GNString	field_patterns
008c8168	1035	Unknown	original
008c8648	1007	MUSpectrumShaper	field_patterns
008c8a68	697	GNString	field_patterns
008c8d3a	813	Unknown	original
008c9134	833	MUScalePitchSystem	field_patterns
008c94a6	544	GNString	field_patterns
008c96e8	597	Unknown	original
008ca2c6	1448	GNString	field_patterns
008ca8de	1109	GNString	field_patterns
008cad5c	1396	MUAraAudioSource	field_patterns
008cb37c	724	GNString	field_patterns
008cb67c	504	Unknown	original
008cb890	597	Unknown	original
008d02b2	1106	Unknown	original
008d0a80	1106	Unknown	original
008d11aa	1106	Unknown	original
008d18de	1106	Unknown	original
008d1fec	772	Unknown	original
008d2576	1106	Unknown	original
008d3766	525	Unknown	original
008d52ba	509	GNString	field_patterns
008d572c	597	Unknown	original
008d68fe	1204	Unknown	original
008d711c	772	GNFilePath	field_patterns
008d782a	902	GNUni	field_patterns
008d7c1a	650	MUSpectrumShaper	field_patterns
008d7f18	757	Unknown	original
008d82ee	815	GNList	field_patterns
008d865e	553	GNList	field_patterns
008d8920	553	Unknown	original
008d8e40	613	GNList	field_patterns
008dab96	589	MUSpectrumShaper	field_patterns
008db56c	1102	GNString	field_patterns
008dba22	921	Unknown	original
008dbdd4	656	MUElementAnalyzer	field_patterns
008dc236	1291	Unknown	original
008dcb6c	833	GNUni	field_patterns
008dcf76	662	Unknown	original
008dd2f8	819	Unknown	original
008ddc52	875	GNUni	field_patterns
008de01a	606	GNString	field_patterns
008df2a7	529	Unknown	original
008e0ede	715	Unknown	original
008e11ee	694	Unknown	original
008e1556	1046	Unknown	original
008e20f6	1059	Unknown	original
008e2572	888	Unknown	original
008e29d0	1184	Unknown	original
008e30d2	636	Unknown	original
008e4f74	4878	Unknown	original
008e6fba	2980	Unknown	original
008e84b4	1260	MUSpectrumShaper	field_patterns
008e8a1e	1061	MUElementAnalyzer	field_patterns
008e907e	1481	Unknown	original
008e9700	1389	GNUni	field_patterns
008e9d1a	1318	Unknown	original
008ea3ee	1677	Unknown	original
008eab5e	1150	GNUni	field_patterns
008eb04e	832	GNString	field_patterns
008eb50a	1029	Unknown	original
008eb9f8	1670	MUSpectrumShaper	field_patterns
008ec142	1436	GNString	field_patterns
008ec8be	1677	Unknown	original
008ed030	990	MUSpectrumShaper	field_patterns
008ed63e	612	GNString	field_patterns
008ee584	1507	GNList	field_patterns
008eec0a	1583	Unknown	original
008ef24a	560	MUElementAnalyzer	field_patterns
008ef6d8	2040	Unknown	original
008f0022	1315	GNList	field_patterns
008f05ea	1110	Unknown	original
008f0b52	1479	Unknown	original
008f1210	1073	GNAudioProcessor	field_patterns
008f16c6	864	Unknown	original
008f1acc	1137	Unknown	original
008f1ff4	712	GNUni	field_patterns
008f231e	646	Unknown	original
008f26c4	921	Unknown	original
008f2b3c	1500	MUSpectrumShaper	field_patterns
008f31ea	1402	Unknown	original
008f3978	1791	Unknown	original
008f43ce	965	MUElementAnalyzer	field_patterns
008f4812	926	Unknown	original
008f4c9e	1260	Unknown	original
008f5344	2209	GNString	field_patterns
008f5cb6	2046	Unknown	original
008f64cc	1064	GNUni	field_patterns
008f6b76	2906	Unknown	original
008f7b82	2235	GNString	field_patterns
008f8624	1855	GNFilePath	field_patterns
008f8d84	981	MUElementAnalyzer	field_patterns
008f932e	2255	Unknown	original
008fab98	1242	GNUni	field_patterns
008fb112	1282	Unknown	original
008fb62c	1741	Unknown	original
008fbef0	2661	Unknown	original
008fca52	2597	GNString	field_patterns
008fd490	509	Unknown	original
008fd68e	3461	Unknown	original
008feee4	919	GNUni	field_patterns
008ff2fa	901	Unknown	original
008ff716	1245	Unknown	original
008ffcc6	672	Unknown	original
008fffc2	629	Unknown	original
00900250	1498	Unknown	original
009008e0	857	Unknown	original
00900c88	857	GNInt	field_patterns
00901056	806	Unknown	original
00901392	1137	Unknown	original
00902ee2	1711	MDMetaWindowController	field_patterns
0090368c	1604	MDMetaWindowController	field_patterns
00903e5c	2358	Unknown	original
00904b02	520	MUElementAnalyzer	field_patterns
00904fb8	713	MUElementAnalyzer	field_patterns
00905508	612	MUSpectrumShaper	field_patterns
00905790	518	Unknown	original
00905a1c	731	Unknown	original
00906482	509	GNString	field_patterns
00906968	597	Unknown	original
00906cf8	1898	GNString	field_patterns
009074a2	1363	GNMultipleValue	field_patterns
00907a22	1685	Unknown	original
00908df2	541	Unknown	original
0090dcf0	1353	Unknown	original
0090ee9a	518	GNString	field_patterns
0090f500	923	MUSpectrumShaper	field_patterns
0090f984	692	Unknown	original
0090fcca	705	Unknown	original
009101fc	5644	GNString	field_patterns
009119ce	3761	GNString	field_patterns
009128e4	796	MUElementAnalyzer	field_patterns
00912c00	3693	Unknown	original
00914024	776	Unknown	original
00914382	617	Unknown	original
00914600	845	GNInt	field_patterns
009149ec	862	Unknown	original
00914e0e	765	GNUni	field_patterns
009158c6	975	Unknown	original
00915cfe	951	Unknown	original
009160d0	1295	Unknown	original
009166aa	540	Unknown	original
00916ace	658	Unknown	original
0091713e	1616	GNUni	field_patterns
0091785e	1561	Unknown	original
00917f3e	1998	Unknown	original
00918efc	1126	GNData	field_patterns
00919540	817	GNString	field_patterns
00919924	597	Unknown	original
00919ed2	713	GNList	field_patterns
0091a1be	576	Unknown	original
0091a660	813	Unknown	original
0091ac08	1027	MUScalePitchSystem	field_patterns
0091b06a	766	GNString	field_patterns
0091b3e8	921	Unknown	original
0091b87c	898	GNData	field_patterns
0091bc56	615	GNString	field_patterns
0091bf56	734	Unknown	original
0091c86e	658	GNInt	field_patterns
0091d200	603	Unknown	original
0091d5a3	502	Unknown	original
00921012	1106	Unknown	original
009217a2	1106	Unknown	original
00921ea6	1106	Unknown	original
009225aa	1106	Unknown	original
00922ca0	1106	Unknown	original
009233a4	1106	Unknown	original
00923ac4	1106	Unknown	original
009241b6	1114	Unknown	original
009248ca	1106	Unknown	original
00924fd2	1106	Unknown	original
009256c4	986	Unknown	original
0092620f	2180	Unknown	original
00928788	693	MUSpectrumShaper	field_patterns
009298da	711	GNString	call_graph_iter1
00929d84	2434	Unknown	original
0092a7ce	592	GNString	field_patterns
0092aa9a	727	GNString	field_patterns
0092b5a0	1498	GNString	field_patterns
0092bea0	1420	GNString	field_patterns
0092c48c	1447	GNString	field_patterns
0092cc22	840	Unknown	original
0092d24e	521	Unknown	original
0092d730	1373	GNString	field_patterns
0092e2c6	546	GNString	call_graph_iter1
0092e810	4995	GNString	field_patterns
00930118	1924	GNString	call_graph_iter1
00930bc8	502	GNString	field_patterns
00930dbe	2671	GNString	field_patterns
00931d0c	965	Unknown	original
00932178	1579	GNString	field_patterns
00932ac6	5763	MUSpectrumShaper	field_patterns
0093498e	11843	MUSpectrumShaper	field_patterns
00937b18	1792	Unknown	original
0093890a	817	MUPitchMapper	field_patterns
00938c6a	1154	Unknown	original
00939176	2125	Unknown	original
00939c54	1134	MUElementAnalyzer	field_patterns
0093a0f8	931	Unknown	original
0093a51a	546	GNUni	field_patterns
0093a766	5019	GNString	field_patterns
0093bd8e	9762	MUSpectrumShaper	field_patterns
0093e4ea	2443	Unknown	original
0093ee92	845	GNUni	field_patterns
0093f7b2	5148	Unknown	original
00940f84	591	MUPitchMapper	field_patterns
009411fc	988	GNUni	field_patterns
00941932	629	Unknown	original
00941ba8	655	GNString	field_patterns
00941e38	1648	Unknown	original
0094252c	1321	GNUni	field_patterns
00942a9c	3086	MUElementAnalyzer	field_patterns
009438d4	1260	GNUni	field_patterns
00943e2a	959	MUSpectrumShaper	call_graph_iter1
009444b0	769	Unknown	original
009451f8	1643	GNString	field_patterns
009458d0	2359	GNString	field_patterns
0094631c	538	Unknown	original
00946562	922	Unknown	original
00946afa	898	Unknown	original
00947d1c	9433	Unknown	original
0094af40	1830	GNString	field_patterns
0094ba79	813	Unknown	original
0094c3f0	818	Unknown	original
0094d540	1320	GNString	field_patterns
0094fdf0	644	Unknown	original
00951ac0	569	Unknown	original
00953063	549	GNString	field_patterns
00954838	1592	GNString	field_patterns
00954e8c	693	Unknown	original
0095517c	1492	GNList	field_patterns
0095583c	556	Unknown	original
00955aff	3308	GNList	field_patterns
00956db8	1687	Unknown	original
00957a95	651	Unknown	original
00958ae0	636	Unknown	original
00959b2f	4741	Unknown	original
0095ae22	5736	Unknown	original
0095c67a	630	Unknown	original
0095cb76	546	Unknown	original
0095ceac	565	Unknown	original
0095d2b2	5980	Unknown	original
0095eacc	7884	Unknown	original
00960998	7636	Unknown	original
00962820	1991	Unknown	original
00963057	2002	Unknown	original
00963829	2953	Unknown	original
009646e7	698	GNString	field_patterns
00964a21	1408	Unknown	original
00964fa1	1724	Unknown	original
009658a9	3877	GNString	field_patterns
00966906	1119	Unknown	original
00966d65	545	Unknown	original
00967000	926	GNString	field_patterns
0096739e	518	Unknown	original
0096761c	922	MUScaleBrowserItem	field_patterns
00967b0c	553	GNString	call_graph_iter1
009685c4	1112	Unknown	original
00968a1c	1844	GNString	call_graph_iter1
00969644	1361	GNUni	field_patterns
0096a284	581	GNFilePath	field_patterns
0096a6b8	1452	GNString	field_patterns
0096acb3	1450	GNString	field_patterns
0096b317	704	GNString	call_graph_iter1
0096b5d7	1172	GNString	field_patterns
0096ba8a	621	Unknown	original
0096bcf7	1334	GNString	field_patterns
0096c22d	663	GNString	field_patterns
0096c720	600	Unknown	original
0096d039	889	GNString	field_patterns
0096d3b2	1880	GNString	field_patterns
0096e1e4	1023	Unknown	original
0096e692	4848	Unknown	original
0096fa62	794	Unknown	original
00970288	555	Unknown	original
009710c4	611	Unknown	original
00971330	596	Unknown	original
00971af6	772	GNString	field_patterns
00973ba1	1241	Unknown	original
009742cb	1765	Unknown	original
00974bba	3002	Unknown	original
00975848	1038	GNUni	field_patterns
00975f62	1745	GNString	field_patterns
00976c80	2139	GNFilePath	field_patterns
00978092	2266	GNString	field_patterns
00978a88	1141	MUSpectrumShaper	field_patterns
00979214	1176	GNString	field_patterns
0097a140	852	Unknown	original
0097a7fa	4555	Unknown	original
0097bef4	569	Unknown	original
0097c422	690	Unknown	original
0097c968	1422	Unknown	original
0097cf46	650	GNString	field_patterns
0097d480	1864	Unknown	original
0097ebcf	1018	Unknown	original
0097f1da	812	Unknown	original
00980652	532	Unknown	original
00981130	847	Unknown	original
00981dd8	1357	Unknown	original
00982878	1840	Unknown	original
009838fa	879	Unknown	original
00983d42	658	Unknown	original
00983ff4	1027	Unknown	original
009851a4	1184	Unknown	original
00985776	4327	GNString	field_patterns
00986f16	859	Unknown	original
00987326	856	Unknown	original
009876e2	1360	Unknown	original
00987cb0	1116	Unknown	original
009883ee	563	Unknown	original
00988b32	797	Unknown	original
00988fe2	1136	Unknown	original
00989906	681	Unknown	original
00989c0e	1346	Unknown	original
0098a3ce	678	Unknown	original
0098a6e8	1458	Unknown	original
0098ae78	563	Unknown	original
0098b608	772	Unknown	original
0098ba8a	530	GNUni	field_patterns
0098bde0	534	Unknown	original
0098c45c	1087	Unknown	original
0098ca80	825	Unknown	original
0098ddf5	1008	Unknown	original
0098f2e0	863	Unknown	original
0098f81a	654	Unknown	original
00990540	1106	Unknown	original
00990aed	517	Unknown	original
009915be	799	Unknown	original
00991b10	695	Unknown	original
00991dc8	523	Unknown	original
0099234e	996	Unknown	original
00992af2	808	GNString	field_patterns
00993200	1378	Unknown	original
009940ec	1510	Unknown	original
00995264	923	Unknown	original
00995df6	1750	Unknown	original
00996ab8	736	Unknown	original
00997160	527	Unknown	original
009978a6	862	GNUni	field_patterns
00997d84	874	Unknown	original
00998222	828	Unknown	original
0099856a	832	Unknown	original
009989aa	843	Unknown	original
0099918a	870	Unknown	original
0099952c	529	GNString	field_patterns
009997ec	847	Unknown	original
00999d1a	862	Unknown	original
0099a1ee	1014	Unknown	original
0099a5e4	835	Unknown	original
0099aa36	869	Unknown	original
0099affa	1374	Unknown	original
0099b5b2	865	Unknown	original
0099b9f2	869	Unknown	original
0099bd58	835	Unknown	original
0099c15c	835	Unknown	original
0099c568	835	Unknown	original
0099c96c	846	Unknown	original
0099ce04	835	Unknown	original
0099d21a	835	Unknown	original
0099d642	857	Unknown	original
0099d9d6	733	GNString	field_patterns
0099ddc6	846	Unknown	original
0099e28a	891	Unknown	original
0099e640	783	Unknown	original
0099effa	876	Unknown	original
0099f3a2	523	GNString	field_patterns
0099f76c	835	Unknown	original
0099fb70	835	Unknown	original
0099ff7c	976	Unknown	original
009a0388	677	Unknown	original
009a070e	835	Unknown	original
009a0b12	835	Unknown	original
009a0f16	835	Unknown	original
009a131a	835	Unknown	original
009a171e	835	Unknown	original
009a1b22	835	Unknown	original
009a1f26	1094	Unknown	original
009a23b8	3205	Unknown	original
009a31dc	2495	Unknown	original
009a3b9c	1391	GNString	call_graph_iter1
009a4112	10773	Unknown	original
009a725a	1173	GNString	field_patterns
009a7972	1300	Unknown	original
009a86b0	562	Unknown	original
009a8daa	601	Unknown	original
009a934e	1189	GNString	field_patterns
009a9e88	992	Unknown	original
009aa370	1754	GNString	call_graph_iter1
009abfe2	562	Unknown	original
009ae428	618	Unknown	original
009ae862	703	Unknown	original
009aec30	603	Unknown	original
009aefd0	506	Unknown	original
009b01a6	564	Unknown	original
009b0cb2	1152	Unknown	original
009b1e08	505	Unknown	original
009b2a98	1432	GNString	field_patterns
009b3200	738	MUSpectrumShaper	field_patterns
009b34e8	2227	GNString	field_patterns
009b5048	1190	Unknown	original
009b5820	877	Unknown	original
009b654c	5102	Unknown	original
009b8f5a	671	LsObjectCache	original
009b93be	785	LsObjectCache	addr_proximity_backward
009b9b44	575	LsObjectCache	addr_proximity_backward
009bc5b8	526	Unknown	original
009bdaee	4201	MUElementAnalyzer	field_patterns
009c0852	845	GNString	field_patterns
009c0d4c	15061	Unknown	original
009c5364	923	Unknown	original
009c5f38	1750	Unknown	original
009c6b2c	594	Unknown	original
009c8006	3229	Unknown	original
009c8fcc	551	GNList	field_patterns
009c95f6	1706	Unknown	original
009c9d38	716	Unknown	original
009ca060	1659	Unknown	original
009ca8f2	521	GNString	field_patterns
009cc4fb	575	Unknown	original
009ccdd5	629	Unknown	original
009cdd32	762	Unknown	original
009ce84c	579	Unknown	original
009cf328	556	MUSpectrumShaper	field_patterns
009cf554	616	MUSpectrumShaper	field_patterns
009cffa0	1411	GNString	field_patterns
009d1318	1182	Unknown	original
009d1e98	921	Unknown	original
009d2d7c	1314	GNString	field_patterns
009d33c4	668	GNString	field_patterns
009d382a	583	GNString	field_patterns
009d4418	614	Unknown	original
009d508e	974	Unknown	original
009d561e	1633	Unknown	original
009d655c	849	Unknown	original
009d6bac	911	GNString	field_patterns
009d70d8	561	Unknown	original
009d8738	730	MUElementAnalyzer	field_patterns
009d9144	726	MUSpectrumShaper	field_patterns
009d941a	2321	Unknown	original
009d9e38	1105	GNString	field_patterns
009da2a6	1376	Unknown	original
009da82e	612	MUSpectrumShaper	field_patterns
009daaae	635	GNString	field_patterns
009dada4	5760	MUSpectrumShaper	field_patterns
009dc470	1257	Unknown	original
009dd3a8	1442	GNString	field_patterns
009ddc0e	2588	GNList	field_patterns
009de670	1791	GNInt	field_patterns
009dedf4	729	Unknown	original
009df20a	580	Unknown	original
009df708	1215	Unknown	original
009dfbf8	586	Unknown	original
009e0216	970	Unknown	original
009e06d0	1219	GNString	field_patterns
009e0c3c	626	Unknown	original
009e119c	878	Unknown	original
009e156a	1770	Unknown	original
009e2013	1098	Unknown	original
009e3592	532	MUSpectrumShaper	field_patterns
009e4146	712	GNString	field_patterns
009e4ecc	630	MUSpectrumShaper	field_patterns
009e5262	547	MUSpectrumShaper	field_patterns
009e5486	550	MUSpectrumShaper	field_patterns
009e56ac	530	MUSpectrumShaper	field_patterns
009e63a2	1071	Unknown	original
009e70a0	557	Unknown	original
009e8244	1203	GNString	field_patterns
009e87a4	535	GNString	field_patterns
009e89dc	789	Unknown	original
009e8ed4	867	Unknown	original
009ea5a3	4236	Unknown	original
009eb901	12555	GNData	field_patterns
009eea0c	8620	GNString	field_patterns
009f0cbe	807	Unknown	original
009f10eb	647	Unknown	original
009f2328	1581	Unknown	original
009f35cc	692	GNString	call_graph_iter1
009f3bce	877	Unknown	original
009f3f64	1825	Unknown	original
009f4b13	601	Unknown	original
009f5145	1528	Unknown	original
009f5a30	637	Unknown	original
009f5d18	517	Unknown	original
009f609c	527	GNString	field_patterns
009f748a	787	Unknown	original
009f7870	791	Unknown	original
009f7f02	597	Unknown	original
009f8d14	3636	MUElementAnalyzer	field_patterns
009f9eb4	701	Unknown	original
009fa172	858	Unknown	original
009fa4cc	862	Unknown	original
009face2	729	Unknown	original
009fb00b	544	Unknown	original
009fb2f0	621	MUElementAnalyzer	field_patterns
009fbfb8	544	Unknown	original
009fca36	546	Unknown	original
009fd510	1411	GNString	field_patterns
009fdd9c	8428	Unknown	original
009fffd2	513	Unknown	original
00a00682	581	GNString	field_patterns
00a00ec8	654	MUSpectrumShaper	field_patterns
00a0146a	1675	GNData	field_patterns
00a02082	8823	Unknown	original
00a042f9	5298	Unknown	original
00a057ab	4761	Unknown	original
00a06a44	5027	Unknown	original
00a07de7	4997	Unknown	original
00a0916c	4437	Unknown	original
00a0a2c1	5242	Unknown	original
00a0b73b	3104	Unknown	original
00a0c35b	6179	Unknown	original
00a0db7e	4490	Unknown	original
00a0ed08	5867	Unknown	original
00a103f3	3973	Unknown	original
00a11378	4901	Unknown	original
00a1269d	4642	Unknown	original
00a139b2	573	Unknown	original
00a1412a	1501	Unknown	original
00a147bc	579	Unknown	original
00a14dd0	519	GNString	call_graph_iter1
00a15638	1611	GNString	call_graph_iter1
00a20490	923	Unknown	original
00a21b48	755	Unknown	original
00a22196	983	GNString	field_patterns
00a22682	695	Unknown	original
00a229f2	650	Unknown	original
00a230c8	755	Unknown	original
00a238c4	983	GNString	field_patterns
00a23db0	695	Unknown	original
00a24120	650	Unknown	original
00a24858	916	Unknown	original
00a24f5e	1112	GNString	field_patterns
00a254e8	689	Unknown	original
00a25852	645	Unknown	original
00a25ee8	755	Unknown	original
00a26532	983	GNString	field_patterns
00a26a1e	689	Unknown	original
00a26d88	645	Unknown	original
00a273f8	755	Unknown	original
00a27b88	983	GNString	field_patterns
00a28074	689	Unknown	original
00a283de	645	Unknown	original
00a28a88	941	Unknown	original
00a291b2	1137	GNString	field_patterns
00a29754	689	Unknown	original
00a29abe	645	Unknown	original
00a2a148	755	Unknown	original
00a2a906	983	GNString	field_patterns
00a2adf2	689	Unknown	original
00a2b15c	645	Unknown	original
00a2b7f8	755	Unknown	original
00a2c030	983	GNString	field_patterns
00a2c52c	689	Unknown	original
00a2c896	645	Unknown	original
00a2cf58	991	Unknown	original
00a2d6b4	1159	GNString	field_patterns
00a2dc86	689	Unknown	original
00a2dff0	645	Unknown	original
00a2e7c8	751	Unknown	original
00a2eb36	506	MUElementAnalyzer	field_patterns
00a2f0ea	959	GNString	field_patterns
00a2f5e6	689	Unknown	original
00a2f950	645	Unknown	original
00a30118	755	Unknown	original
00a308ba	983	GNString	field_patterns
00a30d9c	693	Unknown	original
00a3110a	649	Unknown	original
00a31838	755	Unknown	original
00a32062	983	GNString	field_patterns
00a3254e	689	Unknown	original
00a328b8	645	Unknown	original
00a32f38	755	Unknown	original
00a336e2	983	GNString	field_patterns
00a33bce	689	Unknown	original
00a33f38	645	Unknown	original
00a34578	755	Unknown	original
00a348e6	503	MUElementAnalyzer	field_patterns
00a34e48	983	GNString	field_patterns
00a35344	689	Unknown	original
00a356ae	645	Unknown	original
00a35d98	958	Unknown	original
00a364e4	1153	GNString	field_patterns
00a36aaa	695	Unknown	original
00a36e1a	650	Unknown	original
00a37578	755	Unknown	original
00a37cfe	983	GNString	field_patterns
00a381ea	689	Unknown	original
00a38554	645	Unknown	original
00a38c88	935	Unknown	original
00a393b0	1131	GNString	field_patterns
00a3994c	695	Unknown	original
00a39cbc	650	Unknown	original
00a3a408	755	Unknown	original
00a3ab90	983	GNString	field_patterns
00a3b07c	689	Unknown	original
00a3b3e6	645	Unknown	original
00a3bac8	755	Unknown	original
00a3c308	983	GNString	field_patterns
00a3c7f4	689	Unknown	original
00a3cb5e	645	Unknown	original
00a3d208	755	Unknown	original
00a3da34	983	GNString	field_patterns
00a3df20	689	Unknown	original
00a3e28a	645	Unknown	original
00a44880	992	Unknown	original
00a44eb6	734	Unknown	original
00a45716	734	Unknown	original
00a46076	715	Unknown	original
00a46a16	715	Unknown	original
00a473b6	715	Unknown	original
00a47d56	715	Unknown	original
00a486f6	715	Unknown	original
00a49096	715	Unknown	original
00a49a36	734	Unknown	original
00a4a286	734	Unknown	original
00a4aad6	727	Unknown	original
00a4b326	715	Unknown	original
00a4bcc6	715	Unknown	original
00a4c666	715	Unknown	original
00a4d006	734	Unknown	original
00a4d866	715	Unknown	original
00a4e206	734	Unknown	original
00a4ead6	715	Unknown	original
00a4f476	715	Unknown	original
00a4fe16	715	Unknown	original
00a5475e	534	Unknown	original
00a5818e	530	Unknown	original
00a5860e	530	Unknown	original
00a58a2e	530	Unknown	original
00a58e2e	530	Unknown	original
00a5921e	530	Unknown	original
00a5960e	530	Unknown	original
00a59a2e	530	Unknown	original
00a59e2e	530	Unknown	original
00a5a21e	530	Unknown	original
00a5a60e	530	Unknown	original
00a5a9fe	530	Unknown	original
00a5adee	530	Unknown	original
00a5b1de	530	Unknown	original
00a5b5ce	530	Unknown	original
00a5b9ce	530	Unknown	original
00a5bdfe	530	Unknown	original
00a5c1fe	530	Unknown	original
00a5c5ee	530	Unknown	original
00a5c9de	530	Unknown	original
00a61c5c	635	Unknown	original
00a61f12	724	Unknown	original
00a624be	547	Unknown	original
00a6271c	3611	Unknown	original
00a636ac	1868	GNList	field_patterns
00a63ef6	1689	GNString	field_patterns
00a645b4	803	MUElementAnalyzer	field_patterns
00a64b22	2034	Unknown	original
00a65482	1535	GNString	field_patterns
00a65b0e	1147	GNString	field_patterns
00a65fa8	528	Unknown	original
00a66338	1371	Unknown	original
00a669ac	764	GNData	field_patterns
00a66d0e	578	Unknown	original
00a67176	705	Unknown	original
00a675c4	1467	GNFilePath	field_patterns
00a67c0a	1376	Unknown	original
00a6817e	607	Unknown	original
00a684c8	1704	Unknown	original
00a68cea	2580	GNString	field_patterns
00a697be	2079	GNString	field_patterns
00a6a008	727	GNInt	field_patterns
00a6a4c2	2688	Unknown	original
00a6b098	1226	MUSpectrumShaper	field_patterns
00a6b5e2	1091	Unknown	original
00a6bd46	1365	Unknown	original
00a6c3b2	1063	GNString	field_patterns
00a6c84e	784	GNString	field_patterns
00a6cdd8	924	Unknown	original
00a6d4b2	3734	GNString	field_patterns
00a6e442	3314	GNString	field_patterns
00a6f16a	964	GNUni	field_patterns
00a6f5c6	544	GNString	field_patterns
00a6f7e6	3456	Unknown	original
00a70720	1227	GNFilePath	field_patterns
00a70c66	1035	Unknown	original
00a71436	1371	Unknown	original
00a71af6	687	GNString	field_patterns
00a81384	1490	Unknown	original
00a819be	4122	Unknown	original
00a82adc	4179	GNString	field_patterns
00a83b5e	4590	Unknown	original
00a88b97	529	Unknown	original
00a9639e	1599	MUSpectrumShaper	field_patterns
00a96a72	1532	Unknown	original
00a97388	1902	Unknown	original
00a97cde	2267	GNFilePath	field_patterns
00a9866e	2106	MULSSComponentRenderer	field_patterns
00a98ec4	987	MUElementAnalyzer	field_patterns
00a99572	2478	Unknown	original
00a9a070	1893	GNString	field_patterns
00a9a876	1547	GNString	field_patterns
00a9aea4	567	MUSpectrumShaper	field_patterns
00a9b24e	1917	Unknown	original
00a9bb34	2565	GNString	field_patterns
00a9c5fa	2489	GNString	field_patterns
00a9cfcc	699	GNUni	field_patterns
00a9d44e	3006	Unknown	original
00a9e176	1862	GNList	field_patterns
00a9e95a	1683	GNString	field_patterns
00a9f004	587	MUSpectrumShaper	field_patterns
00a9f3e2	2028	Unknown	original
00a9fd60	1346	GNFilePath	field_patterns
00aa0326	1374	Unknown	original
00aa0894	623	GNInt	field_patterns
00aa0bcc	1812	Unknown	original
00aa14b8	3045	GNFilePath	field_patterns
00aa2176	2751	GNString	field_patterns
00aa2c58	1112	MUElementAnalyzer	field_patterns
00aa31be	554	GNFilePath	field_patterns
00aa33e8	3366	Unknown	original
00aa4288	815	GNList	field_patterns
00aa461e	741	Unknown	original
00aa4acc	1038	Unknown	original
00aa4ff4	1207	GNList	field_patterns
00aa552a	923	GNString	field_patterns
00aa5b8c	1143	Unknown	original
00aa63f8	1628	GNList	field_patterns
00aa6ae6	1414	GNString	field_patterns
00aa7086	575	MUSpectrumShaper	field_patterns
00aa74cc	1701	Unknown	original
00aa7cd4	889	GNString	field_patterns
00aa80ba	831	Unknown	original
00aa863e	1149	Unknown	original
00aa8bfc	1078	GNData	field_patterns
00aa90a6	871	Unknown	original
00aa95ee	1146	Unknown	original
00aaa448	843	MUSpectrumShaper	field_patterns
00aaa7fe	656	Unknown	original
00aaacca	813	Unknown	original
00aab13c	1211	GNString	field_patterns
00aab676	926	GNString	field_patterns
00aabcdc	1146	Unknown	original
00aac2f0	1721	GNList	field_patterns
00aaca42	1455	GNString	field_patterns
00aad00c	519	Unknown	original
00aad3b2	1701	Unknown	original
00aadbbe	1461	GNString	field_patterns
00aae1fe	1370	Unknown	original
00aae772	574	GNInt	field_patterns
00aaeb0e	1698	Unknown	original
00aaf336	970	GNString	field_patterns
00aaf772	927	Unknown	original
00aafd7a	1260	Unknown	original
00ab0368	914	GNUni	field_patterns
00ab076a	728	Unknown	original
00ab0bfa	924	Unknown	original
00ab1468	914	GNUni	field_patterns
00ab186a	728	Unknown	original
00ab1cfa	924	Unknown	original
00ab21ae	917	GNList	field_patterns
00ab25b2	731	Unknown	original
00ab2a62	927	Unknown	original
00ab2f02	914	MUSpectrumShaper	field_patterns
00ab3302	726	Unknown	original
00ab3780	921	Unknown	original
00ab3c9e	2577	GNString	field_patterns
00ab476e	1940	GNString	field_patterns
00ab4f34	727	OsSignatureMac	addr_proximity_forward
00ab5284	2253	OsSignatureMac	addr_proximity_both
00ab5dcc	693	OsSignatureMac	addr_proximity_both
00ab628a	725	OsSignatureMac	addr_proximity_both
00ab6efc	1063	OsSignatureMac	original
00ab7374	2253	OsSignatureMac	addr_proximity_backward
00ab7e04	545	OsSignatureMac	addr_proximity_backward
00ab804a	1134	OsSignatureMac	addr_proximity_backward
00ab85e2	741	OsSignatureMac	addr_proximity_backward
00ab8a5c	1829	OsSignatureMac	addr_proximity_backward
00ab9278	543	OsSignatureMac	addr_proximity_backward
00ab94d4	605	OsSignatureMac	addr_proximity_backward
00aba092	923	OsSignatureMac	addr_proximity_backward
00abac24	1750	OsSignatureMac	addr_proximity_backward
00abc51d	1750	OsSignatureMac	addr_proximity_backward
00abcd74	1013	OsSignatureMac	addr_proximity_backward
00abd1ab	683	OsSignatureMac	addr_proximity_backward
00abd489	900	OsSignatureMac	addr_proximity_backward
00abe77b	1030	OsSignatureMac	addr_proximity_backward
00abeec2	525	OsSignatureMac	addr_proximity_backward
00abf8bb	739	OsSignatureMac	addr_proximity_backward
00abfd62	2537	OsSignatureMac	addr_proximity_backward
00ac099f	544	OsSignatureMac	addr_proximity_backward
00ac0de2	825	OsSignatureMac	addr_proximity_backward
00ac1416	533	OsSignatureMac	addr_proximity_backward
00ac5160	1558	Unknown	original
00ac59d0	1444	Unknown	original
00ac62d0	825	Unknown	original
00ac67c0	2182	OsSignatureMac	call_graph_iter1
00ac71d0	788	OsSignatureMac	call_graph_iter1
00ac7560	2039	Unknown	original
00ac7de0	1217	Unknown	original
00ac8330	804	Unknown	original
00ac86a0	2100	OsSignatureMac	call_graph_iter1
00ac92d0	775	OsSignatureMac	call_graph_iter1
00ac9a30	507	Unknown	original
00ac9e90	664	Unknown	original
00aca130	500	OsSignatureMac	call_graph_iter1
00aca7e0	654	Unknown	original
00acace0	1371	Unknown	original
00acb370	783	GNString	field_patterns
00acb6a0	1043	Unknown	original
00acbcf0	931	Unknown	original
00acc600	531	Unknown	original
00acd960	906	MUSpectrumShaper	field_patterns
00acfb20	518	Unknown	original
00ad21c0	958	Unknown	original
00ad3c00	2114	MUSpectrumShaper	field_patterns
00ad4740	1151	MUSpectrumShaper	field_patterns
00ad5540	638	MUSpectrumShaper	field_patterns
00ad5b10	638	MUSpectrumShaper	field_patterns
00ad64b0	644	MUSpectrumShaper	field_patterns
00ad6940	646	MUSpectrumShaper	field_patterns
00ad6dd0	644	MUSpectrumShaper	field_patterns
00ad7bd0	1974	Unknown	original
00ad83c0	531	Unknown	original
00ad9540	865	Unknown	original
00ad99e0	900	TSocket	addr_proximity_forward
00ad9ff0	579	TSocket	addr_proximity_both
00adb250	785	TSocket	addr_proximity_both
00adb600	615	TSocket	original
00adb8e0	4355	TSocket	original
00adcfd0	972	TSocket	original
00add580	2374	TSocket	original
00ade1d0	760	TSocket	original
00ade570	530	TSocket	addr_proximity_backward
00ade790	513	TSocket	addr_proximity_backward
00adf7bd	1253	TSocket	addr_proximity_backward
00adfca2	662	TSocket	addr_proximity_backward
00adfffe	662	TSocket	addr_proximity_backward
00ae0357	895	TSocket	addr_proximity_backward
00ae0b7f	653	TSocket	addr_proximity_backward
00ae0e0c	1008	TSocket	addr_proximity_backward
00ae139a	5501	TSocket	addr_proximity_backward
00ae2ab5	1353	TSocket	addr_proximity_backward
00ae3262	536	TSocket	addr_proximity_backward
00ae3664	534	TSocket	addr_proximity_backward
00ae65e0	651	Unknown	original
00ae6870	911	Unknown	original
00ae7020	2001	Unknown	original
00ae80c0	5040	Unknown	original
00ae9740	691	Unknown	original
00ae9b20	1315	Unknown	original
00aea110	699	Unknown	original
00aeabf0	1342	GNString	addr_proximity_forward
00aeb510	969	GNString	addr_proximity_both
00aebab0	567	GNString	addr_proximity_both
00aec0b0	1265	GNString	addr_proximity_both
00aec770	1420	GNString	original
00aed030	3394	GNString	addr_proximity_backward
00aee640	1285	GNString	addr_proximity_backward
00af0290	513	GNAudioProcessorController	original
00af0870	533	GNAudioProcessorView	original
00af1220	556	GNAudioProcessorView	addr_proximity_backward
00af24b0	515	GNMidiFileReader	original
00af4470	580	GNPolyMidiInstrument	original
00af64b0	1994	GNUni	original
00af71b0	2660	GNAudioMeterView	original
00af9e20	532	GNAudioNullDevice	original
00afc2d0	1989	GNUni	original
00afd060	1686	GNAudioSimpleFilter	original
00afd730	519	GNAudioSimpleFilter	original
00afe410	559	GNInt	original
00aff2e0	11911	GNInt	original
00b03ae0	518	GNAudioProcessorEvent	original
00b047f0	1159	GNMidiFile	original
00b04d60	550	GNMidiFile	original
00b06810	766	GNMidiFileKeySignature	original
00b06e60	550	GNMidiFileKeyType	original
00b070b0	3025	GNMidiFileReader	original
00b09950	518	GNMidiFileTempo	original
00b09ea0	1022	GNMidiFileTimeSignature	original
00b0d440	1721	GNMidiEventPacket	original
00b0e240	792	GNMidiEvent	original
00b0f730	1561	GNMidiValue	original
00b10260	538	GNInt	original
00b10c00	592	GNPolyMidiInstrument	original
00b11950	1378	GNUni	original
00b12270	812	GNUni	original
00b12ed0	1784	GNInt	original
00b13c40	579	GNInt	addr_proximity_backward
00b14030	1843	GNInt	addr_proximity_backward
00b15080	500	GNUni	original
00b160d0	611	GNUni	addr_proximity_backward
00b16410	2542	GNUni	addr_proximity_backward
00b17510	2062	GNUni	addr_proximity_backward
00b182b0	1688	GNUni	addr_proximity_backward
00b18e60	744	GNUni	addr_proximity_backward
00b19680	759	GNUni	addr_proximity_backward
00b19fa0	596	GNUni	addr_proximity_backward
00b1bad0	712	GNUni	addr_proximity_backward
00b1e0d0	6657	GNMultipleValue	field_patterns
00b20410	1367	Unknown	original
00b21b60	636	Unknown	original
00b21ea0	924	Unknown	original
00b225a0	1686	Unknown	original
00b22cb0	3878	Unknown	original
00b244d0	1580	Unknown	original
00b24c20	2437	MDMetaWindowController	field_patterns
00b25f20	916	MUElementAnalyzer	field_patterns
00b26f20	1796	Unknown	original
00b27640	566	Unknown	original
00b27ba0	1256	Unknown	original
00b280b0	1214	GNString	field_patterns
00b285a0	2178	Unknown	original
00b28ea0	1945	Unknown	original
00b29730	823	Unknown	original
00b29dd0	732	Unknown	original
00b2a160	1540	Unknown	original
00b2a950	604	GNString	field_patterns
00b2b4d0	690	GNData	field_patterns
00b2b9d0	2215	GNAudioMeterView	field_patterns
00b2c870	3838	GNAudioMeterView	field_patterns
00b2e6d0	578	Unknown	original
00b2eeb0	1178	Unknown	original
00b2f6b0	658	GNAudioProcessor	addr_proximity_forward
00b2fa60	567	GNAudioProcessor	addr_proximity_both
00b30e80	509	GNAudioProcessor	addr_proximity_both
00b31190	685	GNAudioProcessor	original
00b31a30	556	GNAudioProcessor	addr_proximity_backward
00b31d20	501	GNAudioProcessor	addr_proximity_backward
00b32070	672	GNAudioProcessor	addr_proximity_backward
00b324d0	948	GNAudioProcessor	addr_proximity_backward
00b32d70	938	GNAudioProcessor	addr_proximity_backward
00b34ce0	949	GNAudioProcessor	addr_proximity_backward
00b35dc0	679	GNAudioProcessorController	original
00b365f0	848	GNAudioProcessorController	addr_proximity_backward
00b36c50	915	GNAudioProcessorController	addr_proximity_backward
00b37610	506	GNAudioProcessor	original
00b38500	549	GNAudioProcessor	addr_proximity_both
00b38870	878	GNAudioProcessor	addr_proximity_both
00b38c20	623	GNAudioProcessor	addr_proximity_both
00b38fc0	2182	GNAudioProcessor	addr_proximity_both
00b3bc60	1305	GNAudioProcessor	addr_proximity_both
00b3ca40	888	GNAudioProcessor	original
00b3ce60	629	GNAudioProcessor	addr_proximity_backward
00b3d310	1369	GNAudioProcessor	addr_proximity_backward
00b3df40	1000	GNAudioProcessor	addr_proximity_backward
00b3e5a0	703	GNAudioProcessor	addr_proximity_backward
00b3ee10	734	GNAudioProcessor	addr_proximity_backward
00b41870	899	Unknown	original
00b41dc0	2034	GNString	field_patterns
00b429e0	1237	GNDate	addr_proximity_forward
00b430e0	1261	GNDate	addr_proximity_both
00b439c0	1786	GNDate	addr_proximity_both
00b444a0	2083	GNDate	original
00b45910	1372	GNDate	addr_proximity_backward
00b461a0	1641	GNDate	addr_proximity_backward
00b46bd0	775	GNDate	addr_proximity_backward
00b471b0	2217	GNDate	addr_proximity_backward
00b48010	2155	GNDate	addr_proximity_backward
00b49010	896	GNDate	addr_proximity_backward
00b49e50	1354	GNDate	addr_proximity_backward
00b4a710	687	GNDate	addr_proximity_backward
00b4ab30	931	GNDate	addr_proximity_backward
00b4b300	793	GNDate	addr_proximity_backward
00b4be00	667	GNDate	addr_proximity_backward
00b4c8e0	2632	GNDate	addr_proximity_backward
00b4de00	545	GNDate	addr_proximity_backward
00b4e200	545	GNDate	addr_proximity_backward
00b4edb0	1511	GNPlugInWrapperDelegate	original
00b4f760	628	GNPlugInWrapperDelegate	original
00b4ff20	679	GNMidiComponent	original
00b50d90	685	GNMidiConnection	original
00b5af60	536	GNMidiFileTrack	addr_proximity_forward
00b5b410	1807	GNMidiFileTrack	addr_proximity_both
00b5c850	1313	GNMidiFileTrack	original
00b5d1a0	622	GNMidiFileTrack	addr_proximity_backward
00b5dfe0	892	GNMidiFileTrack	addr_proximity_backward
00b5e5b0	985	GNMidiFile	original
00b5ec40	576	GNMidiFile	addr_proximity_backward
00b5fd00	2158	GNMidiFile	addr_proximity_backward
00b61330	1008	GNMidiFile	addr_proximity_backward
00b61800	684	GNMidiFile	addr_proximity_backward
00b621b0	637	GNMidiFile	addr_proximity_backward
00b62530	2992	GNMidiFile	addr_proximity_backward
00b63820	1518	GNMidiFile	addr_proximity_backward
00b64180	967	GNMidiFile	addr_proximity_backward
00b64970	582	GNMidiFile	addr_proximity_backward
00b69850	945	GNString	field_patterns
00b6a3c0	524	Unknown	original
00b6a810	649	Unknown	original
00b6aaf0	1498	GNString	field_patterns
00b6b2c0	1156	MUSpectrumShaper	field_patterns
00b6b8c0	607	Unknown	original
00b6ce90	1826	Unknown	original
00b6d8e0	830	Unknown	original
00b6e120	533	Unknown	original
00b6e810	1362	Unknown	original
00b6ff00	601	Unknown	original
00b706d0	833	Unknown	original
00b70e10	706	Unknown	original
00b713e0	678	Unknown	original
00b71b20	568	Unknown	original
00b71f80	1987	Unknown	original
00b72b50	4157	Unknown	original
00b73c70	904	GNData	field_patterns
00b757a0	784	Unknown	original
00b75d60	709	GNString	field_patterns
00b76090	1377	GNString	field_patterns
00b76800	592	GNString	field_patterns
00b76f10	766	GNFilePath	field_patterns
00b77210	536	GNFilePath	field_patterns
00b77430	544	GNFilePath	field_patterns
00b77650	536	GNFilePath	field_patterns
00b77870	531	GNFilePath	field_patterns
00b77a90	544	GNFilePath	addr_proximity_forward
00b77cb0	640	GNFilePath	addr_proximity_both
00b78080	2249	GNFilePath	addr_proximity_both
00b78980	524	GNFilePath	addr_proximity_both
00b78e70	760	GNFilePath	addr_proximity_both
00b79970	2656	GNFilePath	original
00b7ace0	1054	GNFilePath	addr_proximity_backward
00b7b410	711	GNFilePath	addr_proximity_backward
00b7b8b0	838	GNFilePath	addr_proximity_backward
00b7be00	548	GNFilePath	addr_proximity_backward
00b7cae0	569	GNFilePath	addr_proximity_backward
00b7ce70	722	GNFilePath	addr_proximity_backward
00b7d310	810	GNFilePath	addr_proximity_backward
00b7d850	722	GNFilePath	addr_proximity_backward
00b7dcf0	509	GNFilePath	addr_proximity_backward
00b7e000	509	GNFilePath	addr_proximity_backward
00b7e310	509	GNFilePath	addr_proximity_backward
00b7e620	643	GNFilePath	addr_proximity_backward
00b7ea30	1220	GNFilePath	addr_proximity_backward
00b7f240	820	GNFilePath	addr_proximity_backward
00b7f850	1490	GNFilePath	addr_proximity_backward
00b80190	674	GNFilePath	addr_proximity_backward
00b80910	1190	GNFilePath	addr_proximity_backward
00b810f0	934	GNFilePath	addr_proximity_backward
00b81b20	1427	GNFilePath	addr_proximity_backward
00b82750	2325	GNFilePath	addr_proximity_backward
00b834c0	3428	GNFilePath	addr_proximity_backward
00b85120	4747	GNFilePath	addr_proximity_backward
00b86d20	732	GNFilePath	addr_proximity_backward
00b870b0	640	GNFilePath	addr_proximity_backward
00b88680	1499	GNFilePath	addr_proximity_backward
00b89160	2025	GNFilePath	addr_proximity_backward
00b8a050	5837	GNFilePath	addr_proximity_backward
00b8c7f0	1023	GNString	original
00b8cce0	3538	GNString	original
00b8e6a0	568	GNSoundFileCache	original
00b90b60	809	Unknown	original
00b90f70	17739	GNString	field_patterns
00b982e0	1755	GNString	field_patterns
00b99150	1543	GNString	field_patterns
00b9abe0	1237	MDMetaWindowController	field_patterns
00b9b440	581	Unknown	original
00b9bdf0	2126	GNFilePath	call_graph_iter1
00b9d480	841	Unknown	original
00b9d930	1119	Unknown	original
00b9e090	3664	Unknown	original
00ba0890	1255	GNString	field_patterns
00ba1140	748	GNString	field_patterns
00ba1e20	834	GNString	field_patterns
00ba21f0	29958	GNUni	field_patterns
00baeb90	1473	GNData	addr_proximity_forward
00baf170	895	GNData	addr_proximity_both
00baf520	666	GNData	addr_proximity_both
00baf8f0	1357	GNData	addr_proximity_both
00bb06e0	6834	GNData	original
00bb2c20	4003	GNData	original
00bb43f0	3710	GNData	original
00bb5b50	2464	GNData	addr_proximity_backward
00bb6a00	1592	GNData	addr_proximity_backward
00bb72e0	1601	GNSoundFileChunk	original
00bb7ca0	605	GNSoundFileChunk	addr_proximity_backward
00bb9440	1125	GNSoundFileChunk	addr_proximity_backward
00bb9c80	737	GNSoundFileChunk	addr_proximity_backward
00bba6c0	588	GNSoundFileChunk	addr_proximity_backward
00bbb2b0	1164	GNSoundFileChunk	addr_proximity_backward
00bbbde0	529	GNSoundFileChunk	addr_proximity_backward
00bbc620	1012	GNSoundFileChunk	addr_proximity_backward
00bbcce0	868	GNSoundFileChunk	addr_proximity_backward
00bbd480	1386	GNSoundFileChunk	addr_proximity_backward
00bbdf40	2869	GNSoundFileChunk	addr_proximity_backward
00bbef30	2023	GNSoundFileChunk	addr_proximity_backward
00bbfa40	573	GNSoundFileChunk	addr_proximity_backward
00bc0020	1575	GNSoundFileChunk	addr_proximity_backward
00bc0a20	622	GNSoundFileChunk	addr_proximity_backward
00bc1160	792	GNSoundFileChunk	addr_proximity_backward
00bc1590	775	GNSoundFileChunk	addr_proximity_backward
00bc19b0	2342	GNSoundFileChunk	addr_proximity_backward
00bc2d70	678	GNSoundFileChunk	addr_proximity_backward
00bc3220	687	GNSoundFileChunk	addr_proximity_backward
00bc35d0	1000	GNSoundFileChunk	addr_proximity_backward
00bc5580	1689	GNSoundFileChunk	addr_proximity_backward
00bc5ef0	508	GNSoundFileChunk	addr_proximity_backward
00bc61d0	1096	GNSoundFileChunk	addr_proximity_backward
00bc6940	597	GNSoundFileChunk	addr_proximity_backward
00bc7190	905	GNSoundFileChunk	addr_proximity_backward
00bc7570	806	GNSoundFileChunk	addr_proximity_backward
00bc7a00	1116	GNSoundFileChunk	addr_proximity_backward
00bc7ea0	7489	GNSoundFileChunk	addr_proximity_backward
00bc9d30	3657	GNSoundFileChunk	addr_proximity_backward
00bcad70	520	GNSoundFileChunk	addr_proximity_backward
00bcb330	559	GNSoundFileChunk	addr_proximity_backward
00bcbe20	1008	GNSoundFileCacheEntry	original
00bcc880	550	GNSoundFileCacheRequest	original
00bcd190	554	GNSoundFilePreloadRange	original
00bce900	3626	GNPlugInWrapperDelegate	original
00bd0770	2133	GNPlugInWrapperDelegate	addr_proximity_backward
00bd1510	648	GNPlugInWrapperDelegate	addr_proximity_backward
00bd1ca0	619	GNPlugInWrapperDelegate	addr_proximity_backward
00bd5410	813	Unknown	original
00bd5c60	1903	GNString	field_patterns
00bd69b0	1918	GNString	field_patterns
00bd7c10	1377	Unknown	original
00bd8740	606	Unknown	original
00bdad20	605	GNPlugInHostDocument	original
00bde2c0	1250	GNString	field_patterns
00bdeca0	674	GNString	field_patterns
00be0680	1628	Unknown	original
00be1550	6264	Unknown	original
00be4190	4713	GNString	field_patterns
00be5fd0	682	Unknown	original
00be6700	822	GNSimpleXMLStream	addr_proximity_forward
00be82e0	1600	GNSimpleXMLStream	original
00be9af0	514	GNSimpleXMLElement	original
00beae30	1737	GNSimpleXMLElement	addr_proximity_backward
00bebd90	2594	GNAudioDevicePrefCtrl	original
00becd50	4742	GNAudioDevicePrefCtrl	addr_proximity_backward
00bef0a0	1092	Unknown	original
00bf0020	1373	GNOverloudParametricEQ	addr_proximity_forward
00bf1bb0	523	GNOverloudParametricEQ	original
00bf1e60	539	GNOverloudCompressor	original
00bf33e0	568	GNOverloudMutronIIIWah	original
00bf3f50	635	GNOverloudConvolver	original
00bf5290	515	GNHeartbeatHandler	original
00bf6440	671	GNUni	original
00bf6c60	3140	GNUni	addr_proximity_backward
00bf7ca0	951	GNData	original
00bf87d0	642	GNString	original
00bf9510	579	GNString	addr_proximity_backward
00bf9b40	1383	GNString	addr_proximity_backward
00bfa660	3252	GNString	addr_proximity_backward
00bfbb00	547	GNString	addr_proximity_backward
00bfc1b0	921	GNOverloudParametricEQView	original
00bfcee0	4757	GNOverloudParametricEQView	addr_proximity_backward
00bfeab0	990	GNOverloudParametricEQView	addr_proximity_backward
00bff5f0	513	GNOverloudGainReductionView	original
00bffe20	1255	GNOverloudGainReductionView	addr_proximity_backward
00c00640	1383	GNOverloudGainReductionView	addr_proximity_backward
00c00f60	1383	GNOverloudGainReductionView	addr_proximity_backward
00c018b0	2008	GNOverloudGainReductionView	addr_proximity_backward
00c02550	3294	GNOverloudGainReductionView	addr_proximity_backward
00c03e40	1758	GNOverloudGainReductionView	addr_proximity_backward
00c04940	2303	GNOverloudGainReductionView	addr_proximity_backward
00c05b10	993	GNOverloudGainReductionView	addr_proximity_backward
00c06150	1820	GNOverloudGainReductionView	addr_proximity_backward
00c06f30	990	GNOverloudGainReductionView	addr_proximity_backward
00c07540	2062	GNOverloudGainReductionView	addr_proximity_backward
00c084a0	1630	GNOverloudGainReductionView	addr_proximity_backward
00c08ed0	2303	GNOverloudGainReductionView	addr_proximity_backward
00c0a070	993	GNOverloudGainReductionView	addr_proximity_backward
00c0a680	1580	GNOverloudGainReductionView	addr_proximity_backward
00c0b2a0	1627	GNOverloudGainReductionView	addr_proximity_backward
00c0bcd0	2739	GNOverloudGainReductionView	addr_proximity_backward
00c0d750	2435	GNOverloudGainReductionView	addr_proximity_backward
00c0ea10	932	GNOverloudGainReductionView	addr_proximity_backward
00c0ef00	547	GNOverloudGainReductionView	addr_proximity_backward
00c0f280	6947	GNOverloudMutronIIIWah	original
00c11eb0	984	GNString	field_patterns
00c12480	1618	Unknown	original
00c12f90	1359	GNString	field_patterns
00c13890	1405	Unknown	original
00c141e0	2008	GNString	field_patterns
00c14e80	3294	GNOverloudCompressor	addr_proximity_forward
00c16780	1440	GNOverloudCompressor	original
00c17210	1284	GNOverloudParametricEQ	original
00c17aa0	1061	GNOverloudParametricEQ	addr_proximity_backward
00c18110	1118	GNOverloudParametricEQ	addr_proximity_backward
00c18aa0	703	GNOverloudParametricEQ	addr_proximity_backward
00c19130	2772	GNOverloudParametricEQ	addr_proximity_backward
00c1a2c0	623	GNOverloudParametricEQ	addr_proximity_backward
00c1a890	536	GNOverloudConvolver	original
00c1aae0	9593	GNOverloudConvolver	addr_proximity_backward
00c1ea10	1808	GNList	original
00c1f910	995	GNList	addr_proximity_backward
00c1ffc0	2479	GNOverloudConvolverIR	original
00c21b70	995	GNOverloudConvolverIR	original
00c22cc0	679	GNOverloudConvolverController	original
00c22fb0	2955	GNOverloudConvolverController	addr_proximity_backward
00c243f0	672	GNOverloudConvolverController	addr_proximity_backward
00c24870	1292	GNOverloudConvolverController	addr_proximity_backward
00c251f0	3521	GNOverloudConvolver	original
00c26750	817	GNOverloudConvolver	addr_proximity_backward
00c26b60	998	GNOverloudConvolver	addr_proximity_backward
00c271c0	1723	GNOverloudConvolver	addr_proximity_backward
00c27bd0	5114	GNOverloudConvolver	addr_proximity_backward
00c29420	704	GNOverloudConvolver	addr_proximity_backward
00c29780	629	GNOverloudConvolver	addr_proximity_backward
00c29bd0	1663	GNOverloudConvolver	addr_proximity_backward
00c2c0f0	1304	Unknown	original
00c2c8f0	4192	Unknown	original
00c2e750	731	GNOverloudTapedesk	addr_proximity_forward
00c2f0a0	1601	GNOverloudTapedesk	original
00c2fa50	1187	GNOverloudTapedesk	addr_proximity_both
00c302d0	717	GNOverloudTapedesk	original
00c308f0	2243	GNOverloudTapedesk	addr_proximity_backward
00c319e0	1459	GNOverloudTapedesk	addr_proximity_backward
00c324e0	590	GNOverloudTapedesk	addr_proximity_backward
00c32cc0	2027	GNOverloudTapedesk	addr_proximity_backward
00c338a0	589	GNOverloudTapedesk	addr_proximity_backward
00c33bc0	965	GNOverloudTapedesk	addr_proximity_backward
00c34160	803	GNOverloudTapedesk	addr_proximity_backward
00c34960	3130	GNOverloudTapedesk	addr_proximity_backward
00c35fe0	703	GNOverloudTapedesk	addr_proximity_backward
00c364b0	869	GNOverloudTapedesk	addr_proximity_backward
00c36d90	772	GNOverloudTapedesk	addr_proximity_backward
00c376f0	521	GNOverloudTapedesk	addr_proximity_backward
00c37a80	2153	GNOverloudCompG	original
00c38a40	2249	GNOverloudCompG	addr_proximity_backward
00c3a570	1510	GNOverloudCompG	addr_proximity_backward
00c3b010	734	GNOverloudCompG	addr_proximity_backward
00c3b430	545	GNOverloudCompG	addr_proximity_backward
00c3b7b0	616	GNOverloudCompG	addr_proximity_backward
00c45b00	922	GNOverloudCompressor	original
00c47240	1588	GNOverloudTapedesk	original
00c4a000	674	GNRangeFactorFormatter	original
00c4a720	1814	GNOverloudCompG	original
00c4bbb0	578	GNOverloudCompG	addr_proximity_backward
00c4d830	958	GNOverloudConvolverIR	original
00c5a4e0	2595	Unknown	original
00c5af10	4989	Unknown	original
00c5e440	551	Unknown	original
00c5eb70	2325	GNFilePath	field_patterns
00c5ffd0	864	GNPopUpButton	addr_proximity_forward
00c60a70	584	GNPopUpButton	addr_proximity_both
00c60e60	1043	GNPopUpButton	addr_proximity_both
00c615f0	588	GNPopUpButton	addr_proximity_both
00c619b0	1110	GNPopUpButton	original
00c620d0	792	GNPopUpButton	original
00c62b20	750	GNPopUpButton	addr_proximity_backward
00c659d0	927	Unknown	original
00c65f80	1208	GNString	call_graph_iter1
00c66a40	4885	GNString	field_patterns
00c67f80	2932	GNString	field_patterns
00c68b40	514	Unknown	original
00c68d60	1478	Unknown	original
00c69340	3223	GNString	field_patterns
00c6a000	785	Unknown	original
00c6a470	1073	GNString	field_patterns
00c6a900	3094	Unknown	original
00c6b580	3393	GNString	call_graph_iter1
00c6c330	502	Unknown	original
00c6c630	655	Unknown	original
00c6c8c0	604	Unknown	original
00c6d2a0	693	Unknown	original
00c6dbc0	578	Unknown	original
00c6def0	827	Unknown	original
00c6e3d0	1015	Unknown	original
00c6ee50	1121	GNString	addr_proximity_forward
00c6faf0	1671	GNString	addr_proximity_both
00c70850	590	GNString	addr_proximity_both
00c70bc0	1012	GNString	original
00c71440	507	GNString	original
00c716c0	507	GNString	original
00c71940	707	GNString	original
00c71d60	518	GNString	original
00c71ff0	526	GNString	original
00c72290	724	GNValue	original
00c72610	721	GNValue	original
00c72990	727	GNValue	original
00c72d10	727	GNValue	original
00c73090	748	GNValue	original
00c73430	748	GNValue	original
00c73be0	771	GNValue	addr_proximity_backward
00c74170	606	GNValue	addr_proximity_backward
00c745a0	512	GNValue	addr_proximity_backward
00c75180	1053	GNValue	addr_proximity_backward
00c76230	1538	GNAttributeType	original
00c76c80	1463	GNString	original
00c77d90	752	GNString	addr_proximity_backward
00c78cd0	2690	GNAttributeType	original
00c79930	672	GNAttributeType	addr_proximity_backward
00c7a080	550	GNAttributeType	addr_proximity_backward
00c7a7e0	537	GNAttributeType	addr_proximity_backward
00c7ace0	537	GNAttributeType	addr_proximity_backward
00c7b3d0	891	GNString	original
00c7c740	8215	GNList	original
00c7e840	544	Unknown	original
00c7f160	919	GNString	field_patterns
00c7fa90	570	Unknown	original
00c7fe10	516	GNString	field_patterns
00c801f0	940	Unknown	original
00c81410	603	Unknown	original
00c82360	1195	Unknown	original
00c837f0	695	Unknown	original
00c83bf0	813	Unknown	original
00c84370	695	GNList	call_graph_iter1
00c861e0	1909	GNString	field_patterns
00c871e0	1118	Unknown	original
00c880c0	598	Unknown	original
00c885b0	836	Unknown	original
00c88bb0	542	Unknown	original
00c8d380	559	Unknown	original
00c8d640	2212	Unknown	original
00c8ead0	525	Unknown	original
00c8ee40	684	MUElementAnalyzer	field_patterns
00c8f220	526	Unknown	original
00c91010	505	Unknown	original
00c91cf0	706	GNString	call_graph_iter1
00c925a0	757	Unknown	original
00c930a0	536	Unknown	original
00c939b0	1735	Unknown	original
00c94a50	4509	Unknown	original
00c968b0	1221	Unknown	original
00c97150	1221	Unknown	original
00c979f0	1621	Unknown	original
00c985c0	1621	Unknown	original
00c99190	1168	Unknown	original
00c99930	6750	Unknown	original
00c9c3c0	557	Unknown	original
00c9e140	991	GNDictionary	addr_proximity_forward
00c9e710	690	GNDictionary	addr_proximity_both
00c9f7e0	1260	GNDictionary	original
00ca0060	962	GNDictionary	addr_proximity_backward
00ca0840	546	GNDictionary	addr_proximity_backward
00ca1d30	1017	GNDictionary	addr_proximity_backward
00ca2310	918	GNDictionary	addr_proximity_backward
00ca2870	8571	GNDictionaryImpl	original
00ca5c10	882	GNList	addr_proximity_forward
00ca61c0	666	GNList	addr_proximity_both
00ca65b0	7511	GNList	original
00ca94c0	851	GNString	original
00ca9940	1106	GNString	original
00caa040	2769	GNString	addr_proximity_backward
00cab720	516	GNString	addr_proximity_backward
00caba80	503	GNString	addr_proximity_backward
00cace70	1298	GNString	addr_proximity_backward
00cadab0	1641	GNString	addr_proximity_backward
00cae4c0	992	GNString	addr_proximity_backward
00cae8f0	989	GNString	addr_proximity_backward
00caef90	644	GNString	addr_proximity_backward
00caf340	1359	GNString	addr_proximity_backward
00cb1490	1663	Unknown	original
00cb1fa0	597	Unknown	original
00cb2800	558	Unknown	original
00cb2d80	803	GNString	field_patterns
00cb32e0	735	GNString	field_patterns
00cb3840	658	Unknown	original
00cb45c0	2313	GNOverloudTapedesk	field_patterns
00cb58e0	3598	Unknown	original
00cb6da0	2537	GNString	field_patterns
00cb7da0	1564	Unknown	original
00cb8850	1634	Unknown	original
00cb9a00	806	GNEditingContextReadCopySyncObserver	addr_proximity_forward
00cba120	635	GNEditingContextReadCopySyncObserver	addr_proximity_both
00cba5e0	957	GNEditingContextReadCopySyncObserver	addr_proximity_both
00cbadd0	1086	GNEditingContextReadCopySyncObserver	addr_proximity_both
00cbb900	1245	GNEditingContextReadCopySyncObserver	original
00cbbfd0	611	GNEditingContextReadCopySyncObserver	addr_proximity_backward
00cbc710	1247	GNEditingContextReadCopySyncObserver	addr_proximity_backward
00cbd950	765	GNEditingContextReadCopySyncObserver	addr_proximity_backward
00cbe730	500	GNPropertyObserverRegistration	original
00cc2f60	851	GNPropertyObserverRegistration	original
00cc3490	512	GNUni	original
00cc56c0	560	GNBinaryKeyValueArchiverDelegate	original
00cc6460	560	GNBinaryKeyValueArchiverDelegate	original
00cc8780	547	GNBCFA	addr_proximity_forward
00cc8de0	906	GNBCFA	addr_proximity_both
00cc95f0	531	GNBCFA	original
00cc9d90	1902	GNBCFA	addr_proximity_backward
00ccb310	978	GNBCFA	addr_proximity_backward
00ccbd90	986	GNBCFA	addr_proximity_backward
00ccc820	981	GNBCFA	addr_proximity_backward
00cce050	530	GNBCFA	addr_proximity_backward
00ccf1e0	716	GNBCFA	addr_proximity_backward
00ccf640	505	GNFileArchivePrivate	original
00ccfb30	563	GNFileArchivePrivate	addr_proximity_backward
00ccff10	2167	GNFileArchivePrivate	addr_proximity_backward
00cd1020	3665	GNString	original
00cd29e0	1960	GNString	original
00cd3610	771	GNString	addr_proximity_backward
00cd3a20	3891	GNString	addr_proximity_backward
00cd4fc0	781	GNString	addr_proximity_backward
00cd59f0	992	GNString	addr_proximity_backward
00cd6020	652	GNString	addr_proximity_backward
00cd6cd0	628	GNString	addr_proximity_backward
00cd7610	861	GNString	addr_proximity_backward
00cd7bb0	1043	GNString	addr_proximity_backward
00cd8690	1111	GNString	addr_proximity_backward
00cd91f0	531	GNString	addr_proximity_backward
00cd94d0	868	GNString	addr_proximity_backward
00cd9c60	625	GNString	addr_proximity_backward
00cd9fa0	1876	GNString	addr_proximity_backward
00cdb0d0	955	GNString	addr_proximity_backward
00cdb840	854	GNFileArchivePrivate	original
00cdcc40	714	GNUni	original
00cde3f0	3571	GNFilePath	original
00cdf530	666	GNFilePath	addr_proximity_backward
00cdf9a0	708	GNFilePath	addr_proximity_backward
00ce07a0	684	GNFilePath	addr_proximity_backward
00ce0c00	646	GNFilePath	addr_proximity_backward
00ce1020	539	GNFilePath	addr_proximity_backward
00ce1700	623	GNFilePath	addr_proximity_backward
00ce1b00	3243	GNFilePath	addr_proximity_backward
00ce3320	628	GNFilePath	addr_proximity_backward
00ce3750	1052	GNFilePath	addr_proximity_backward
00ce3d80	638	GNFilePath	addr_proximity_backward
00ce4220	2103	GNFilePath	addr_proximity_backward
00ce4e90	1038	GNFilePath	addr_proximity_backward
00ce55a0	562	GNFilePath	addr_proximity_backward
00ce69c0	717	GNFilePath	addr_proximity_backward
00ce7310	521	GNFilePath	addr_proximity_backward
00ce7c30	727	GNFilePath	addr_proximity_backward
00ce84f0	876	GNFilePath	addr_proximity_backward
00ce8b60	1148	GNFilePath	addr_proximity_backward
00ce9330	1856	GNFilePath	addr_proximity_backward
00ceace0	1039	GNFilePath	addr_proximity_backward
00cec890	690	GNFilePath	addr_proximity_backward
00cf2b40	863	GNCFFReader	original
00cf6010	1586	GNFetchSpecification	original
00cf8050	596	GNStream	original
00cfc320	818	GNUni	original
00cfc6e0	516	GNSocket	original
00cfc910	866	GNSocket	original
00cfd570	1809	GNJSONParser	original
00d042e0	508	GNInt	addr_proximity_forward
00d045f0	1387	GNInt	addr_proximity_both
00d05f30	1313	GNInt	original
00d069a0	914	GNList	original
00d07010	614	GNList	addr_proximity_backward
00d07ad0	4521	GNList	addr_proximity_backward
00d099c0	831	GNData	original
00d0a120	1545	GNData	addr_proximity_backward
00d0b140	2493	GNList	original
00d0bed0	886	GNList	addr_proximity_both
00d0e040	5284	GNList	original
00d10270	528	GNList	addr_proximity_both
00d105c0	2803	GNList	original
00d120b0	910	GNList	addr_proximity_both
00d126a0	864	GNList	addr_proximity_both
00d12ed0	1341	GNList	addr_proximity_both
00d140d0	863	GNList	addr_proximity_both
00d14ff0	1420	GNList	addr_proximity_both
00d15850	1335	GNList	original
00d16570	1132	GNQualifierVariable	original
00d16be0	570	GNQualifierVariable	original
00d17c40	672	GNQualifierVariable	addr_proximity_backward
00d18390	6843	GNData	original
00d1b5a0	2785	GNList	original
00d1c6d0	4427	GNList	original
00d1e2d0	516	GNString	original
00d1e530	501	GNString	original
00d1e780	557	GNString	original
00d1ea30	737	GNValue	original
00d1eda0	548	GNString	original
00d1f040	548	GNString	original
00d1f2e0	527	GNString	original
00d1f570	530	GNString	original
00d1fcc0	1118	GNString	addr_proximity_both
00d204f0	671	GNString	original
00d20d90	659	GNList	original
00d21790	645	GNNull	original
00d21bf0	1931	GNNull	addr_proximity_backward
00d227f0	1321	GNNull	addr_proximity_backward
00d24b60	1507	GNSerialNumber	addr_proximity_forward
00d25690	1160	GNSerialNumber	original
00d25b40	606	GNSerialNumber	addr_proximity_both
00d25fa0	1624	GNSerialNumber	addr_proximity_both
00d268e0	710	GNSerialNumber	addr_proximity_both
00d26d10	1624	GNSerialNumber	addr_proximity_both
00d276b0	832	GNSerialNumber	addr_proximity_both
00d27c30	1219	GNSerialNumber	addr_proximity_both
00d283b0	648	GNSerialNumber	original
00d287a0	1205	GNSerialNumber	addr_proximity_backward
00d28e50	673	GNSerialNumber	addr_proximity_backward
00d292b0	2360	GNSerialNumber	addr_proximity_backward
00d2a010	507	GNSerialNumber	addr_proximity_backward
00d2a2e0	707	GNSerialNumber	addr_proximity_backward
00d2a650	5151	GNSerialNumber	addr_proximity_backward
00d2ebb0	664	Unknown	original
00d2f010	673	Unknown	original
00d2f5f0	1224	Unknown	original
00d2fe60	796	GNString	addr_proximity_forward
00d301b0	737	GNString	addr_proximity_both
00d30860	1023	GNString	addr_proximity_both
00d31230	713	GNString	addr_proximity_both
00d31720	534	GNString	addr_proximity_both
00d31a90	3207	GNString	original
00d32c80	2271	GNString	addr_proximity_backward
00d33a10	6488	GNList	original
00d370b0	1058	GNList	addr_proximity_both
00d377f0	2079	GNList	addr_proximity_both
00d381d0	2320	GNList	addr_proximity_both
00d39150	3454	GNList	addr_proximity_both
00d3a560	1035	GNList	addr_proximity_both
00d3ac30	648	GNList	addr_proximity_both
00d3b130	557	GNList	addr_proximity_both
00d3b530	823	GNList	addr_proximity_both
00d3bef0	647	GNList	addr_proximity_both
00d3c3b0	920	GNList	addr_proximity_both
00d3ce40	557	GNList	addr_proximity_both
00d3d240	823	GNList	addr_proximity_both
00d3f840	544	GNList	addr_proximity_both
00d3fc60	1128	GNList	addr_proximity_both
00d40470	582	GNList	addr_proximity_both
00d40820	745	GNList	addr_proximity_both
00d41040	780	GNList	addr_proximity_both
00d41430	642	GNList	addr_proximity_both
00d43550	2222	GNList	original
00d44500	994	GNList	addr_proximity_backward
00d44b00	988	GNList	addr_proximity_backward
00d45190	679	GNList	addr_proximity_backward
00d46530	608	GNList	addr_proximity_backward
00d46aa0	608	GNList	addr_proximity_backward
00d46dc0	606	GNList	addr_proximity_backward
00d47510	1001	GNList	addr_proximity_backward
00d48360	734	GNList	addr_proximity_backward
00d48750	503	GNList	addr_proximity_backward
00d48d20	928	GNList	addr_proximity_backward
00d49aa0	2899	GNList	addr_proximity_backward
00d4acc0	547	GNString	original
00d4afa0	1117	GNString	addr_proximity_both
00d4b8e0	882	GNString	original
00d4c220	511	GNString	original
00d4c4e0	707	GNString	addr_proximity_backward
00d4d060	7782	GNList	original
00d4f200	794	GNUni	original
00d4f570	794	GNUni	original
00d4f8e0	741	GNObject	original
00d4fbf0	520	GNObject	original
00d50630	722	MDNotificationObserver	original
00d51840	807	MDNotificationObserver	addr_proximity_backward
00d51ef0	1374	MDNotificationObserver	addr_proximity_backward
00d529a0	1099	MDNotificationObserver	addr_proximity_backward
00d53a00	1007	MDNotificationObserver	addr_proximity_backward
00d54360	612	MDNotificationObserver	addr_proximity_backward
00d549a0	1804	MDNotificationObserver	addr_proximity_backward
00d55d70	723	MDNotificationObserver	addr_proximity_backward
00d56410	1556	GNList	original
00d56b80	1552	GNList	original
00d573e0	717	GNList	addr_proximity_backward
00d57ab0	663	GNList	addr_proximity_backward
00d58150	663	GNList	addr_proximity_backward
00d587f0	640	GNList	addr_proximity_backward
00d58c40	654	GNList	addr_proximity_backward
00d590b0	640	GNList	addr_proximity_backward
00d59fc0	1644	GNObject	original
00d5a9c0	574	GNObject	addr_proximity_both
00d5af30	17348	GNObject	original
00d605b0	2095	GNObject	addr_proximity_both
00d613b0	617	GNObject	addr_proximity_both
00d61870	934	GNObject	addr_proximity_both
00d61ea0	2607	GNObject	addr_proximity_both
00d630e0	3052	GNObject	addr_proximity_both
00d66830	606	GNObject	original
00d66bb0	606	GNObject	original
00d67220	578	GNObject	original
00d68120	550	GNObject	original
00d68ce0	827	GNObject	addr_proximity_backward
00d691c0	1015	GNObject	addr_proximity_backward
00d69a70	795	GNObject	addr_proximity_backward
00d6a330	2323	GNObject	addr_proximity_backward
00d6b9a0	980	GNObject	addr_proximity_backward
00d6be80	674	GNObject	addr_proximity_backward
00d6c3d0	796	GNObject	addr_proximity_backward
00d6caf0	1350	GNObject	addr_proximity_backward
00d6de90	784	GNObject	addr_proximity_backward
00d6e310	1209	GNString	original
00d6ebd0	634	GNString	addr_proximity_backward
00d6f570	1732	GNString	addr_proximity_backward
00d71400	1766	GNString	addr_proximity_backward
00d72c70	3739	GNList	original
00d73c90	615	GNList	addr_proximity_both
00d75f50	2783	GNList	original
00d76d10	831	GNList	addr_proximity_both
00d773e0	1159	GNList	addr_proximity_both
00d78060	1643	GNList	addr_proximity_both
00d79820	602	GNList	addr_proximity_both
00d7b1d0	1153	GNList	addr_proximity_both
00d7bac0	4411	GNList	original
00d7e380	22235	Unknown	original
00d89590	2707	GNString	original
00d8a4a0	1583	GNString	addr_proximity_both
00d8ad70	1210	GNString	addr_proximity_both
00d8b570	900	GNString	original
00d8b9c0	1417	GNString	original
00d8c0b0	1367	GNString	addr_proximity_both
00d8cbf0	593	GNString	addr_proximity_both
00d8cf90	663	GNString	addr_proximity_both
00d8dd20	582	GNString	addr_proximity_both
00d8e100	546	GNString	addr_proximity_both
00d8e500	966	GNString	addr_proximity_both
00d8f4b0	1599	GNString	addr_proximity_both
00d8fd30	566	GNString	addr_proximity_both
00d902b0	658	GNString	addr_proximity_both
00d91000	1997	GNString	addr_proximity_both
00d91c00	975	GNString	addr_proximity_both
00d92680	693	GNString	original
00d92950	1123	GNString	addr_proximity_backward
00d93870	4443	GNString	addr_proximity_backward
00d97d10	522	GNTextAutoCompleterItem	call_graph_iter1
00d981d0	1502	Unknown	original
00d98db0	1032	Unknown	original
00d99300	922	Unknown	original
00d99d60	922	Unknown	original
00d9a330	522	Unknown	original
00d9a5c0	877	Unknown	original
00d9b160	681	GNString	field_patterns
00d9b420	1185	Unknown	original
00d9bcd0	1542	Unknown	original
00d9c300	546	Unknown	original
00da35e0	844	Unknown	original
00da3950	2047	GNString	call_graph_iter1
00da41a0	1663	GNString	call_graph_iter1
00da49e0	581	Unknown	original
00da50e0	783	GNString	field_patterns
00da62d0	1010	GNForeignThreadPool	addr_proximity_forward
00da7a00	1056	GNForeignThreadPool	original
00da7ea0	557	GNForeignThreadPool	original
00da99a0	1481	GNForeignThreadPool	addr_proximity_backward
00dab660	509	GNForeignThreadPool	addr_proximity_backward
00dabfc0	563	GNForeignThreadPool	addr_proximity_backward
00dad000	591	GNForeignThreadPool	addr_proximity_backward
00dad420	638	GNForeignThreadPool	addr_proximity_backward
00dad970	887	GNForeignThreadPool	addr_proximity_backward
00dadeb0	1157	GNForeignThreadPool	addr_proximity_backward
00dae710	523	GNForeignThreadPool	addr_proximity_backward
00daed40	742	GNOA	original
00daf570	951	GNOA	addr_proximity_backward
00daff00	578	GNOA	addr_proximity_backward
00db0470	538	GNOA	addr_proximity_backward
00db09b0	584	GNOA	addr_proximity_backward
00db2960	558	GNOA	addr_proximity_backward
00db32a0	627	GNOA	addr_proximity_backward
00db3a00	500	GNOA	addr_proximity_backward
00db3e00	500	GNOA	addr_proximity_backward
00db4680	2060	GNOA	addr_proximity_backward
00db5520	2146	GNOA	addr_proximity_backward
00db6e10	1056	GNMethodInvocation	original
00db9d10	1334	GNURL	original
00dba5e0	2256	GNURL	addr_proximity_backward
00dbb5a0	607	GNURL	addr_proximity_backward
00dbd3b0	534	GNURL	addr_proximity_backward
00dbe290	1493	GNURL	addr_proximity_backward
00dbebd0	775	GNURL	addr_proximity_backward
00dbf000	2218	GNValue	original
00dbff30	1442	GNValue	addr_proximity_backward
00dc07c0	815	GNValue	addr_proximity_backward
00dc0c90	1175	GNValue	addr_proximity_backward
00dc1400	2620	GNValue	addr_proximity_backward
00dc25a0	1347	GNValue	addr_proximity_backward
00dc2ff0	984	GNDate	original
00dc3440	5487	GNList	original
00dc5330	2130	GNList	addr_proximity_both
00dc6010	6675	GNList	original
00dc8890	4453	GNDictionary	original
00dcb280	507	GNString	addr_proximity_forward
00dcc2a0	753	GNString	addr_proximity_both
00dcd0a0	3370	GNString	original
00dcf200	582	GNString	addr_proximity_both
00dcf910	801	GNString	addr_proximity_both
00dd0650	773	GNString	addr_proximity_both
00dd0c80	917	GNString	addr_proximity_both
00dd16c0	576	GNString	addr_proximity_both
00dd28a0	1816	GNString	original
00dd3310	2243	GNString	addr_proximity_backward
00dd4a40	551	GNString	addr_proximity_backward
00dd57c0	528	GNString	addr_proximity_backward
00dd6f70	1194	GNValue	original
00dd7810	1719	GNValue	addr_proximity_both
00dd8370	614	GNValue	addr_proximity_both
00dd9100	578	GNValue	addr_proximity_both
00dd9520	4345	GNValue	addr_proximity_both
00ddbe50	1117	GNValue	addr_proximity_both
00ddc6f0	504	GNValue	addr_proximity_both
00ddd990	615	GNValue	addr_proximity_both
00dde270	2509	GNValue	original
00ddef40	1511	GNValue	addr_proximity_backward
00de0040	848	GNDate	original
00de06d0	1459	GNList	original
00de0f30	552	GNList	addr_proximity_backward
00de1440	1230	GNList	addr_proximity_backward
00de1d40	667	GNList	addr_proximity_backward
00de2c40	1572	GNList	addr_proximity_backward
00de38d0	912	GNList	addr_proximity_backward
00de4b90	623	GNList	addr_proximity_backward
00de5030	568	GNList	addr_proximity_backward
00de6450	1622	GNList	addr_proximity_backward
00de7070	536	GNHashAlgorithm	original
00de7b20	1228	GNString	original
00de80b0	741	GNString	addr_proximity_both
00de8bc0	1307	GNString	addr_proximity_both
00de96c0	3299	GNString	addr_proximity_both
00dead60	877	GNString	original
00debcf0	559	GNString	addr_proximity_backward
00dec0e0	1202	GNString	addr_proximity_backward
00decda0	1643	GNString	addr_proximity_backward
00deeb50	671	GNString	addr_proximity_backward
00deef20	671	GNString	addr_proximity_backward
00def2f0	731	GNString	addr_proximity_backward
00def740	598	GNString	addr_proximity_backward
00defbe0	1523	GNString	addr_proximity_backward
00df0630	638	GNString	addr_proximity_backward
00df0b40	856	GNString	addr_proximity_backward
00df1060	810	GNString	addr_proximity_backward
00df1bf0	899	GNFileType	original
00df3030	902	GNCompressor	original
00df3740	513	GNCompressor	addr_proximity_backward
00df3b00	1491	GNCompressor	addr_proximity_backward
00df4a00	525	GNCompressor	addr_proximity_backward
00df54b0	1201	GNCompressor	addr_proximity_backward
00df5d40	634	GNCompressor	addr_proximity_backward
00df6180	648	GNCompressor	addr_proximity_backward
00df72c0	726	GNList	original
00df7b80	2045	GNList	addr_proximity_backward
00df8bf0	3755	GNFormatter	original
00dfab50	571	GNFormatter	addr_proximity_backward
00dfb1b0	5022	GNString	original
00dfd400	837	GNString	addr_proximity_both
00dfd950	1100	GNString	addr_proximity_both
00dfe080	5281	GNString	original
00dffe20	1237	GNString	addr_proximity_backward
00e00580	576	GNString	addr_proximity_backward
00e00e00	2039	GNString	addr_proximity_backward
00e02ae0	2803	GNFormatter	original
00e045e0	500	GNDistinction	original
00e05070	1314	GNDistinction	addr_proximity_backward
00e05610	2233	GNDistinction	addr_proximity_backward
00e063c0	2394	GNDistinction	addr_proximity_backward
00e07210	1446	GNDistinction	addr_proximity_backward
00e07ae0	1296	GNDistinction	addr_proximity_backward
00e08490	1393	GNDistinction	addr_proximity_backward
00e08fe0	1393	GNDistinction	addr_proximity_backward
00e09be0	4704	GNDistinction	addr_proximity_backward
00e0bbc0	1520	GNDistinction	addr_proximity_backward
00e0c660	1039	GNDistinction	addr_proximity_backward
00e0cea0	749	GNDistinction	addr_proximity_backward
00e0e4c0	4325	GNDistinction	addr_proximity_backward
00e10bc0	3374	Unknown	original
00e134b0	566	Unknown	original
00e14140	3765	Unknown	original
00e15ce0	785	Unknown	original
00e17e60	1733	GNString	addr_proximity_forward
00e191b0	501	GNString	addr_proximity_both
00e19950	5970	GNString	original
00e1c940	571	GNFileType	addr_proximity_forward
00e1d530	775	GNFileType	addr_proximity_both
00e1db90	3033	GNFileType	original
00e1f680	2327	GNFileType	addr_proximity_backward
00e20d30	967	GNFileType	addr_proximity_backward
00e21390	1512	GNFileType	addr_proximity_backward
00e21c70	1646	GNFileType	addr_proximity_backward
00e225e0	1191	GNFileType	addr_proximity_backward
00e22c90	1060	GNFileType	addr_proximity_backward
00e23db0	4731	GNList	original
00e26420	719	GNString	addr_proximity_forward
00e269c0	795	GNString	addr_proximity_both
00e271f0	2689	GNString	original
00e289a0	512	GNString	addr_proximity_backward
00e29210	969	GNString	addr_proximity_backward
00e29d50	2111	GNString	addr_proximity_backward
00e2ac70	1498	GNString	addr_proximity_backward
00e2bc60	877	GNString	addr_proximity_backward
00e2d190	583	GNString	addr_proximity_backward
00e2df70	1201	GNString	addr_proximity_backward
00e2e660	693	GNString	addr_proximity_backward
00e2f480	787	GNString	addr_proximity_backward
00e2fbf0	843	GNString	addr_proximity_backward
00e30120	834	GNString	addr_proximity_backward
00e31a80	841	GNString	addr_proximity_backward
00e31de0	801	GNString	addr_proximity_backward
00e32850	763	GNString	addr_proximity_backward
00e34da0	523	GNOperationProgressObserver	addr_proximity_forward
00e35460	688	GNOperationProgressObserver	original
00e358d0	512	GNUni	original
00e36370	766	GNUni	addr_proximity_backward
00e36cf0	738	GNUni	addr_proximity_backward
00e37290	924	GNUni	addr_proximity_backward
00e38730	695	GNUni	addr_proximity_backward
00e392f0	780	GNUni	addr_proximity_backward
00e3af20	1377	GNUni	addr_proximity_backward
00e3b490	1377	GNUni	addr_proximity_backward
00e3ba00	1389	GNUni	addr_proximity_backward
00e3bf70	693	GNUni	addr_proximity_backward
00e3c230	693	GNUni	addr_proximity_backward
00e3c4f0	563	GNUni	addr_proximity_backward
00e3c730	563	GNUni	addr_proximity_backward
00e3c970	650	GNUni	addr_proximity_backward
00e3cd10	589	GNData	original
00e3d570	810	GNData	addr_proximity_backward
00e3ddb0	2063	GNString	original
00e3f120	706	GNString	addr_proximity_backward
00e3fb50	3770	GNString	addr_proximity_backward
00e41520	823	GNLocalizationTarget	original
00e42bc0	862	GNLocalizationTarget	addr_proximity_backward
00e43c20	551	GNLocalizationTarget	addr_proximity_backward
00e44550	1838	GNLocalizationTarget	addr_proximity_backward
00e44ff0	600	GNLocalizationTarget	addr_proximity_backward
00e45630	737	GNBKVA	original
00e45c10	510	GNBKVA	addr_proximity_backward
00e45ff0	598	GNBKVA	addr_proximity_backward
00e46700	741	GNBKVA	addr_proximity_backward
00e46c90	1186	GNBKVA	addr_proximity_backward
00e474c0	977	GNBKVA	addr_proximity_backward
00e47ce0	794	GNBKVA	addr_proximity_backward
00e484f0	1072	GNBKVA	addr_proximity_backward
00e4a130	635	GNBKVA	addr_proximity_backward
00e4a560	1193	GNList	original
00e4ad10	1396	GNList	addr_proximity_backward
00e4b640	1011	GNBinaryKeyValueArchiverKeyValueTypeInfo	original
00e4c4b0	1109	GNList	original
00e4cc70	529	GNJSONGenerator	original
00e4cf10	830	GNJSONGenerator	original
00e4d310	645	GNJSONGenerator	original
00e4d840	846	GNJSONGenerator	original
00e51950	1949	GNCelemonyHTTPDownloadRequest	original
00e524d0	1788	GNCelemonyHTTPUploadRequest	original
00e53510	635	GNCelemonyHTTPUploadRequest	addr_proximity_backward
00e53870	524	GNCelemonyHTTPUploadRequest	addr_proximity_backward
00e542a0	1212	GNCelemonyHTTPUploadRequest	addr_proximity_backward
00e54ba0	895	GNCelemonyHTTPUploadRequest	addr_proximity_backward
00e552a0	1536	GNCelemonyHTTPUploadRequest	addr_proximity_backward
00e55d80	633	GNCelemonyHTTPUploadRequest	addr_proximity_backward
00e56290	2268	GNCelemonyHTTPUploadRequest	addr_proximity_backward
00e56ef0	672	GNData	original
00e573e0	519	GNData	addr_proximity_backward
00e579d0	1004	GNBinaryKeyValueUnarchiver	original
00e58c60	536	GNBinaryKeyValueUnarchiver	original
00e59160	775	GNBinaryKeyValueUnarchiver	original
00e5a070	673	MUST	original
00e5a7d0	1480	MUST	addr_proximity_backward
00e5b2a0	513	GNBinaryKeyValueUnarchiver	original
00e5b770	1068	GNBinaryKeyValueUnarchiverObjectInfo	original
00e5cf00	527	GNBinaryArchiveTypeInfoContainer	original
00e5e410	1525	GNBinaryArchiveTypeInfoContainer	addr_proximity_backward
00e5ed60	1115	GNBinaryArchiveTypeInfoContainer	addr_proximity_backward
00e5f7d0	517	GNLicenseResult	original
00e600c0	5227	GNString	original
00e61ae0	2425	GNString	addr_proximity_both
00e63050	508	GNString	addr_proximity_both
00e633c0	1298	GNString	addr_proximity_both
00e63f20	3609	GNString	addr_proximity_both
00e658e0	863	GNString	addr_proximity_both
00e65ef0	4545	GNString	original
00e67a40	3570	GNString	addr_proximity_both
00e69550	2654	GNString	addr_proximity_both
00e6a750	1323	GNString	addr_proximity_both
00e6b160	963	GNString	original
00e6b740	3353	GNString	original
00e6cbd0	1364	GNString	original
00e6d7a0	626	GNString	addr_proximity_both
00e6dc80	3669	GNString	original
00e6f320	762	GNString	addr_proximity_backward
00e6f880	837	GNList	original
00e6fda0	1846	GNList	addr_proximity_backward
00e70a20	3450	GNString	original
00e72b90	1313	GNLicenseResult	original
00e74220	4219	GNHTTPRequest	original
00e777b0	547	GNHTTPRequest	original
00e77b50	512	GNUni	original
00e77ed0	512	GNUni	original
00e79730	711	GNUni	original
00e7bdc0	536	Unknown	original
00e7c020	529	Unknown	original
00e7c8b0	896	MULSSGenerator	call_graph_iter1
00e7d000	548	GNList	addr_proximity_forward
00e7d230	1188	GNList	addr_proximity_both
00e7dbc0	541	GNList	addr_proximity_both
00e7e230	1050	GNList	addr_proximity_both
00e7ebe0	5702	GNList	original
00e80da0	652	GNData	addr_proximity_forward
00e81230	1084	GNData	original
00e817d0	546	GNData	addr_proximity_backward
00e81ad0	1342	GNData	addr_proximity_backward
00e83120	956	GNFastFourierTransformer	original
00e83930	1129	GNFastFourierTransformer	addr_proximity_backward
00e83da0	733	GNFastFourierTransformer	addr_proximity_backward
00e84290	1725	GNFastFourierTransformer	addr_proximity_backward
00e84f80	892	GNFastFourierTransformer	addr_proximity_backward
00e85330	753	GNFastFourierTransformer	addr_proximity_backward
00e85930	875	GNObject	original
00e86210	899	GNObject	addr_proximity_backward
00e86820	534	GNObject	addr_proximity_backward
00e86b50	1648	GNObject	addr_proximity_backward
00e87d20	889	GNObject	addr_proximity_backward
00e880e0	1213	GNRunLoopState	original
00e88a90	569	GNRunLoopState	addr_proximity_backward
00e88fc0	731	GNRunLoopState	addr_proximity_backward
00e89400	786	GNRunLoopState	addr_proximity_backward
00e89a30	524	GNRunLoopState	addr_proximity_backward
00e89df0	603	GNRunLoopState	addr_proximity_backward
00e8bda0	1094	GNModelObject	original
00e8c420	1232	GNModelObject	original
00e8dcc0	690	GNValue	original
00e8dfb0	502	GNValue	addr_proximity_both
00e8e380	1117	GNValue	original
00e8e840	1274	GNValue	addr_proximity_backward
00e8f2a0	548	GNValue	addr_proximity_backward
00e8f8c0	566	GNValue	addr_proximity_backward
00e8fc40	883	GNValue	addr_proximity_backward
00e8ffc0	535	GNValue	addr_proximity_backward
00e901e0	947	GNValue	addr_proximity_backward
00e90760	1212	GNValue	addr_proximity_backward
00e90c20	551	GNValue	addr_proximity_backward
00e90e50	727	GNValue	addr_proximity_backward
00e91580	545	GNValue	addr_proximity_backward
00e925a0	1868	GNString	original
00e93080	1192	GNString	addr_proximity_backward
00e937d0	1703	GNString	addr_proximity_backward
00e944a0	940	GNString	addr_proximity_backward
00e94c80	838	GNString	addr_proximity_backward
00e95410	1781	GNHTTPProcessor	original
00e97360	531	GNHTTPProcessor	addr_proximity_backward
00e978d0	871	GNError	original
00e98a70	729	GNError	addr_proximity_backward
00e9a240	645	GNError	addr_proximity_backward
00e9a650	631	GNError	addr_proximity_backward
00e9af00	8033	GNError	addr_proximity_backward
00e9cf20	3964	GNString	field_patterns
00e9df10	580	Unknown	original
00e9e1c0	647	GNString	field_patterns
00e9e690	1049	Unknown	original
00e9ecb0	4186	Unknown	original
00e9ff20	3434	GNString	field_patterns
00ea0e90	14403	Unknown	original
00ea47f0	16351	Unknown	original
00ea89d0	1927	Unknown	original
00ea9250	1158	Unknown	original
00ea96f2	555	Unknown	original
00eaa490	2691	Unknown	original
00eab35d	5120	GNInt	field_patterns
00eac76a	5160	MUElementAnalyzer	field_patterns
00eadf3b	2721	Unknown	original
00eae9dc	2189	Unknown	original
00eaf269	2127	Unknown	original
00eafab8	2127	Unknown	original
00eb0307	5236	Unknown	original
00eb177b	4296	Unknown	original
00eb2843	4183	Unknown	original
00eb389a	4183	Unknown	original
00eb48f1	4533	Unknown	original
00eb5aa6	3860	Unknown	original
00eb69ba	3972	Unknown	original
00eb793e	3972	Unknown	original
00eb93f2	1197	Unknown	original
00ed3762	560	GNString	field_patterns
00ed3992	591	GNString	field_patterns
00ed3be1	591	GNString	field_patterns
00ed3e30	1887	GNString	field_patterns
00ed458f	1840	GNString	field_patterns
00ed4cbf	1840	GNString	field_patterns
00ed53ef	1504	GNString	field_patterns
00ed59cf	1519	GNString	field_patterns
00ed5fbe	1551	GNString	field_patterns
00ed65cd	1608	GNString	field_patterns
00ed6c15	1621	GNString	field_patterns
00ed726a	1686	GNString	field_patterns
00ed7900	1608	GNString	field_patterns
00ed7f48	1621	GNString	field_patterns
00ed859d	1686	GNString	field_patterns
00ed8c33	1274	GNString	field_patterns
00ed912d	1316	GNString	field_patterns
00ed9651	1316	GNString	field_patterns
00ed9b75	3331	GNString	field_patterns
00eda878	3354	GNString	field_patterns
00edb592	3354	GNString	field_patterns
00edc2ac	2081	GNString	field_patterns
00edcacd	2153	GNString	field_patterns
00edd336	2210	GNString	field_patterns
00eddbd8	2229	GNString	field_patterns
00ede48d	2255	GNString	field_patterns
00eded5c	2301	GNString	field_patterns
00edf659	2229	GNString	field_patterns
00edff0e	2255	GNString	field_patterns
00ee07dd	2301	GNString	field_patterns
00ee10da	1348	GNString	field_patterns
00ee161e	1337	GNString	field_patterns
00ee1b57	1337	GNString	field_patterns
00ee2090	2825	GNString	field_patterns
00ee2b99	2784	GNString	field_patterns
00ee3679	2784	GNString	field_patterns
00ee4159	2398	GNString	field_patterns
00ee4ab7	2564	GNString	field_patterns
00ee54bb	2697	GNString	field_patterns
00ee5f44	2476	GNString	field_patterns
00ee68f0	2678	GNString	field_patterns
00ee7366	2794	GNString	field_patterns
00ee7e50	2476	GNString	field_patterns
00ee87fc	2678	GNString	field_patterns
00ee9272	2794	GNString	field_patterns
00ee9d5c	2069	GNString	field_patterns
00eea571	2128	GNString	field_patterns
00eeadc1	2128	GNString	field_patterns
00eeb611	3052	GNString	field_patterns
00eec1fd	3165	GNString	field_patterns
00eece5a	3213	GNString	field_patterns
00eedae7	3143	GNString	field_patterns
00eee72e	3280	GNString	field_patterns
00eef3fe	3293	GNString	field_patterns
00ef00db	3143	GNString	field_patterns
00ef0d22	3280	GNString	field_patterns
00ef19f2	3293	GNString	field_patterns
00ef56d4	2769	Unknown	original
00ef667c	1333	Unknown	original
00ef7cdb	572	Unknown	original
00ef8b0e	758	Unknown	original
00efa099	3738	Unknown	original
00efaf33	2094	GNInt	field_patterns
00efb761	926	Unknown	original
00efbaff	763	GNString	field_patterns
00efbf4f	1138	Unknown	original
00efc4dd	872	GNString	field_patterns
00efcac6	596	Unknown	original
00efcddc	817	Unknown	original
00efd407	712	MUSpectrumShaper	field_patterns
00efda22	599	Unknown	original
00efe075	1020	Unknown	original
00efeeb5	1392	Unknown	original
00eff5ff	715	Unknown	original
00eff8fb	7861	Unknown	original
00f01810	4765	Unknown	original
00f02e2c	1304	Unknown	original
00f0335c	669	Unknown	original
00f03614	645	GNString	field_patterns
00f03899	7545	Unknown	original
00f05674	953	Unknown	original
00f05be4	540	GNString	field_patterns
00f05e00	4605	Unknown	original
00f07060	663	Unknown	original
00f12d89	5515	GNString	field_patterns
00f1c767	3846	GNString	field_patterns
00f1e6e7	3742	Unknown	original
00f1f902	1060	Unknown	original
00f1fe8c	3743	Unknown	original
00f2191b	1526	Unknown	original
00f2287c	525	Unknown	original
00f274b9	8458	Unknown	original
00f29ac8	5682	Unknown	original
00f2b114	2328	Unknown	original
00f2bb1f	595	Unknown	original
00f2bfc0	750	Unknown	original
00f2c862	677	Unknown	original
00f2d1d0	693	Unknown	original
00f2fec0	909	Unknown	original
00f30260	1588	Unknown	original
00f308c0	916	GNString	field_patterns
00f30cf0	853	Unknown	original
00f31080	1903	Unknown	original
00f31830	585	Unknown	original
00f31bf0	546	Unknown	original
00f31e20	1064	Unknown	original
00f322c0	669	Unknown	original
00f32580	2441	Unknown	original
00f33170	618	Unknown	original
00f33a70	6170	Unknown	original
00f352c0	3907	Unknown	original
00f36490	715	Unknown	original
00f36780	2371	Unknown	original
00f370f0	1156	Unknown	original
00f375b0	1484	Unknown	original
00f37b90	13469	Unknown	original
00f3b0f0	8431	MUElementAnalyzer	field_patterns
00f3d240	8490	GNString	field_patterns
00f3f590	10928	Unknown	original
00f427a0	1066	Unknown	original
00f42be0	2340	Unknown	original
00f43520	910	GNString	field_patterns
00f439b0	1068	GNInt	field_patterns
00f43ef0	5565	MUSpectrumShaper	field_patterns
00f45540	1634	Unknown	original
00f45bb0	1427	MUSpectrumShaper	field_patterns
00f46160	1923	MUSpectrumShaper	field_patterns
00f46910	673	MUSpectrumShaper	field_patterns
00f46bc0	3706	Unknown	original
00f47d00	9931	Unknown	original
00f4a600	2884	Unknown	original
00f4b150	619	Unknown	original
00f4b740	3107	MUSpectrumShaper	call_graph_iter1
00f4c390	2487	Unknown	original
00f4cdf0	1091	Unknown	original
00f4d250	1485	Unknown	original
00f4f060	1796	GNInt	field_patterns
00f4f780	2064	GNInt	field_patterns
00f50000	4449	GNString	field_patterns
00f51180	4375	Unknown	original
00f52380	1302	GNString	field_patterns
00f53c00	4396	Unknown	original
00f54d40	6739	Unknown	original
00f567c0	1539	GNString	field_patterns
00f5e830	596	Unknown	original
00f60140	658	Unknown	original
00f61ea0	1202	Unknown	original
00f62480	908	Unknown	original
00f628b0	1129	Unknown	original
00f65ea0	2393	Unknown	original
00f669f0	1262	Unknown	original
00f67b00	2529	Unknown	original
00f69bc0	1952	Unknown	original
00f6ab60	522	Unknown	original
00f6adc0	874	Unknown	original
00f6b3d0	527	Unknown	original
00f6e2c0	2568	Unknown	original
00f6eee0	2172	Unknown	original
00f6f7e0	597	Unknown	original
00f6fa40	927	Unknown	original
00f6fde0	1395	Unknown	original
00f70900	1306	Unknown	original
00f715c0	979	Unknown	original
00f71d40	2123	Unknown	original
00f72750	543	Unknown	original
00f76800	670	Unknown	original
00f77970	3077	Unknown	original
00f78ae0	750	Unknown	original
00f78df0	2723	Unknown	original
00f7ab20	1447	Unknown	original
00f7cc20	681	GNString	field_patterns
00f7dd90	8387	Unknown	original
00f80080	7395	Unknown	original
00f87fd0	669	Unknown	original
00f90b40	892	Unknown	original
00f94950	500	Unknown	original
00f9b500	711	Unknown	original
00f9bc20	1337	Unknown	original
00f9c380	1242	Unknown	original
00f9d060	1965	Unknown	original
00f9d9a0	1353	Unknown	original
00f9df19	796	Unknown	original
00f9e600	1940	Unknown	original
00f9ef40	1528	Unknown	original
00f9f577	779	Unknown	original
00fa0460	712	Unknown	original
00fa07d0	711	Unknown	original
00fa4860	721	Unknown	original
00fa4b60	2532	GNInt	field_patterns
00fa5cc0	2778	GNString	field_patterns
00faec50	4505	Unknown	original
00fb00c0	1172	Unknown	original
00fb2110	785	Unknown	original
00fbaa70	828	Unknown	original
00fbb700	2431	Unknown	original
00fbd190	580	GNString	field_patterns
00fbdd80	621	Unknown	original
00fbe250	502	Unknown	original
00fbedb0	527	Unknown	original
00fc1f70	832	Unknown	original
00fc22d0	839	Unknown	original
00fc2650	984	GNString	field_patterns
00fc2db0	515	Unknown	original
00fc6310	3424	GNInt	field_patterns
00fc7070	1185	Unknown	original
00fca170	7413	Unknown	original
00fcbfb0	1996	Unknown	original
00fcc780	2093	Unknown	original
00fccfb0	551	Unknown	original
00fcd1e0	1694	Unknown	original
00fcd880	530	Unknown	original
00fcdaa0	1749	Unknown	original
00fce180	1280	Unknown	original
00fce680	554	Unknown	original
00fcee70	1376	Unknown	original
00fcfb70	891	GNString	field_patterns
00fd1300	517	GNString	call_graph_iter1
00fd2940	895	GNString	field_patterns
00fd4af0	732	Unknown	original
00fd5110	1567	Unknown	original
00fd7840	542	Unknown	original
00fd7c40	952	GNString	field_patterns
00fd8790	2576	Unknown	original
00fd9310	640	Unknown	original
00fe2770	667	GNString	field_patterns
00fe2a10	797	Unknown	original
00fe3810	1236	Unknown	original
0100bae0	934	Unknown	original
0100bea0	752	Unknown	original
0100c280	557	Unknown	original
0100c700	579	Unknown	original
0100e300	770	Unknown	original
0100e620	1805	Unknown	original
0100ed60	1366	Unknown	original
0100f350	2146	Unknown	original
01010ce0	1275	Unknown	original
01011230	836	Unknown	original
010162c0	823	Unknown	original
010170f0	1229	Unknown	original
01017e50	2055	Unknown	original
0101c930	811	Unknown	original
0101d200	1319	GNFilePath	field_patterns
0101e260	1258	Unknown	original
0101e750	2219	Unknown	original
0101f050	546	Unknown	original
0101f6c0	715	Unknown	original
0101f9a0	760	Unknown	original
01022ab0	1503	Unknown	original
01023110	1212	GNUni	field_patterns
01023ab0	530	Unknown	original
01023dc0	1113	Unknown	original
01024220	635	Unknown	original
01024a10	896	Unknown	original
010252c0	3687	Unknown	original
01026130	4453	Unknown	original
01027470	3980	Unknown	original
01028400	4642	Unknown	original
0102aac0	703	Unknown	original
0102ade0	1332	Unknown	original
0102b4b0	1113	Unknown	original
0102b910	635	Unknown	original
0102cbb0	859	Unknown	original
0102d010	1979	Unknown	original
0102d800	680	MUSpectrumShaper	field_patterns
0102ec60	1107	Unknown	original
0102fcd0	1121	Unknown	original
01030140	601	Unknown	original
01032af0	770	MUElementAnalyzer	field_patterns
01034c20	574	Unknown	original
01038f30	1260	GNString	field_patterns
0103a8e0	562	Unknown	original
0103fb80	511	Unknown	original
0103ff30	587	Unknown	original
010401a0	939	Unknown	original
01040600	896	Unknown	original
01040c10	1092	Unknown	original
01044510	1699	Unknown	original
01045380	1376	Unknown	original
01048150	583	Unknown	original
0104db40	839	Unknown	original
01054680	1431	Unknown	original
01056810	633	Unknown	original
010596c0	573	Unknown	original
010599e0	837	Unknown	original
0105f8e0	2759	MUSpectrumShaper	field_patterns
010604a0	1931	MUSpectrumShaper	field_patterns
01061d10	1490	MUScaleBrowserItem	field_patterns
01062340	5374	GNList	field_patterns
01063840	548	GNData	field_patterns
01063c20	521	Unknown	original
0106b860	2050	Unknown	original
0106c3a0	1026	Unknown	original
0106c7b0	763	Unknown	original
0106cbe0	546	Unknown	original
010709f0	784	Unknown	original
01070d10	907	Unknown	original
010710a0	1294	Unknown	original
010715b0	1388	Unknown	original
01071b30	2548	Unknown	original
01073370	737	Unknown	original
01073660	624	Unknown	original
010738d0	502	Unknown	original
01073d20	1237	Unknown	original
01074260	1057	Unknown	original
01078800	718	GNString	field_patterns
0107b9c0	1554	Unknown	original
0107c000	8510	Unknown	original
0107e160	9035	Unknown	original
010816a0	622	Unknown	original
01081920	3627	Unknown	original
01082760	3445	Unknown	original
010834f0	6367	Unknown	original
01087a00	2183	Unknown	original
010882a0	8384	Unknown	original
0108a3a0	9112	Unknown	original
0108e640	822	GNString	field_patterns
0108e980	3768	Unknown	original
0108f840	3814	Unknown	original
01090740	5135	Unknown	original
010947c0	4470	Unknown	original
01095980	5866	Unknown	original
0109a4c0	887	Unknown	original
0109a8a0	702	Unknown	original
0109f7c0	1053	Unknown	original
0109fd30	2888	Unknown	original
010a0b90	883	Unknown	original
010a0f60	511	Unknown	original
010a1510	580	Unknown	original
010a39d0	674	Unknown	original
010a54b0	865	Unknown	original
010ae7c0	5261	GNList	field_patterns
010b0cf0	662	GNString	field_patterns
010b0f90	787	GNString	field_patterns
010b12c0	782	GNString	field_patterns
010b1e10	718	GNList	field_patterns
010b2220	983	GNList	call_graph_iter1
010b2600	2132	GNString	field_patterns
010b5b90	1407	Unknown	original
010b6150	537	Unknown	original
010b6910	531	Unknown	original
010b6d30	1227	Unknown	original
010ba790	584	Unknown	original
010bb450	1908	Unknown	original
010bbbe0	868	Unknown	original
010bc460	1499	GNString	field_patterns
010bcb30	643	Unknown	original
010bcdc0	838	Unknown	original
010bd310	1283	Unknown	original
010bdd90	845	Unknown	original
010be3a0	731	Unknown	original
010bf340	502	Unknown	original
010bf9e0	641	Unknown	original
010bfcc0	1003	Unknown	original
010c00b0	1234	Unknown	original
010c0860	1486	GNString	field_patterns
010c1860	602	Unknown	original
010c2450	2881	Unknown	original
010c3320	571	Unknown	original
010c3570	673	Unknown	original
010c3820	583	Unknown	original
010c3c80	548	Unknown	original
010c3eb0	520	Unknown	original
010c4180	508	Unknown	original
010c4380	515	Unknown	original
010c4660	664	Unknown	original
010c5370	577	Unknown	original
010c6720	916	Unknown	original
010c6ad0	1225	Unknown	original
010c70a0	753	Unknown	original
010c73b0	1688	Unknown	original
010c7f70	518	Unknown	original
010c8a20	1797	GNString	field_patterns
010cc290	936	Unknown	original
010cce30	1374	MUAmplitudeAnalyzer	addr_proximity_forward
010cdb40	1415	MUAmplitudeAnalyzer	addr_proximity_both
010ce440	501	MUAmplitudeAnalyzer	addr_proximity_both
010ce910	586	MUAmplitudeAnalyzer	original
010d0100	569	MUAudioGeneratorRenderer	original
010d7110	533	MUElementRenderCluster	original
010d7590	512	MUEventBasedQuarterAssignmentAnalyzer	original
010d7b20	551	GNUni	original
010d8920	609	MUGrooveBasedQuarterAnalyzer	original
010da0a0	595	MULoopWatermarkAnalyzer	original
010dd260	508	MUMidiIOSlot	original
010e8f80	534	MUTimeSliceParameterBuffer	original
010eb850	525	Unknown	original
010ef780	918	MUAnalyzedBeat	original
010f06d0	1637	MUAudioSourceDescription	original
010f1640	851	GNUni	original
010f1fd0	731	GNUni	original
010f3160	2496	GNUni	original
010f4e00	1193	MUAudioFileSource	original
010f5320	610	MUAudioSourceDescription	original
010f68b0	513	GNUni	original
010f6bf0	532	GNUni	original
010f86d0	1631	MUAudioRecorder	original
010fa130	647	MUAudioRecorderCenter	original
010fb7f0	512	GNUni	original
010fc3b0	1771	GNInt	original
010fd360	1552	MUAudioRingBuffer	original
010fe8d0	1197	MUElementAnalyzer	original
010fee50	1778	MUAudioSourcePrincipalItem	original
010ff5d0	3187	MUAudioSourceDescription	original
01102d50	962	MUAudioSourceAttackItem	original
011039c0	504	MUAudioSourceItem	original
01103ee0	9650	MUElementAnalyzer	original
01109be0	648	MUAudioSourceDescription	addr_proximity_forward
0110ae80	610	MUAudioSourceDescription	original
0110c460	599	MUAudioSourceDescription	original
0110ccb0	594	GNData	original
0110d1c0	3984	MUAudioSourcePropertyPoint	original
01110970	680	GNUni	original
01111660	760	GNUni	original
01111a30	626	GNUni	addr_proximity_backward
01112590	1126	MUBezierFunctionPoint	original
01112a30	1179	GNUni	original
011137c0	766	MUChord	original
01114900	3471	QualityScoring	original
01116000	1657	MUChordLabelingSystem	original
011169f0	522	MUChordLabelingSystem	original
01116d90	522	MUChordLabelingSystem	original
01116fc0	522	MUChordLabelingSystem	original
01117360	532	MUChordLabelingSystem	original
011175a0	522	MUChordLabelingSystem	original
011180b0	1216	MUChordParser	original
0111d700	519	MUDescriptionGrade	original
0111da60	1397	MUClickRenderer	original
0111f300	20762	MULSSComponentRenderer	original
0112e4c0	700	MUTimeline	original
01131d90	952	MUDecomposedAudioSignalCopyRegion	original
011337c0	1743	GNUni	original
01135410	8173	PitchDetection	original
01139490	8849	MUElementAnalyzer	original
0113d230	581	MUElementAnalyzer	original
011410f0	1009	MUElementAnalyzer	addr_proximity_both
01141790	11251	MUElementAnalyzer	original
01146e30	727	MUElementRealtimeInfo	addr_proximity_forward
01147a40	720	MUElementRealtimeInfo	original
01148df0	1118	MUEqualBeatsRange	original
0114d0f0	561	GNInt	original
0114d3c0	1774	MUFilterEngine	original
0114f310	727	GNFraction	original
01151740	617	MULibraryFileKind	original
01152110	1003	GNUni	original
01152660	522	MULineMapper	original
01152d90	1120	MULineMapper	addr_proximity_backward
01153590	5423	GNUni	original
011554e0	571	MULoopWorkflowStep	original
01157f10	1086	GNUni	addr_proximity_forward
01158640	2084	GNUni	original
0115eb90	515	GNUni	original
0115f970	769	GNUni	original
011614e0	941	GNRect	original
01162ae0	1043	GNInt	original
01164770	701	MULoop	original
01166a70	561	MULSSElementRenderer	original
01167aa0	716	MULSSElementRenderRequest	original
011687c0	2373	MUTrack	original
0116a4c0	600	MUTrack	addr_proximity_backward
0116a8f0	913	MUSpectrumShaper	original
0116b7a0	708	GNUnarchiverImporter	original
0116cbb0	695	MUMatrixPath	original
0116d770	1187	MUMatrixPathPoint	original
011722e0	1195	GNUni	original
01174240	5659	MUMultimicEngine	original
0117a4b0	1031	GNUni	original
0117af60	1432	GNUni	original
0117c2b0	559	GNUni	original
0117cd20	1121	GNUni	original
0117d5b0	970	MUNoteMappingState	original
0117f2d0	532	MUChordContext	original
01180ab0	964	MUNote	original
01181260	1771	MUElement	original
01182110	1862	MUComposition	original
01183b10	816	MUPart	original
01184690	3653	MUPartMappingState	original
01186300	532	MUChordContext	original
0118a6a0	641	MUTrack	original
0118b080	731	MUPerformanceMidiExporter	original
0118b970	522	MUPerformanceMidiExporter	original
0118be50	6059	GNEditingContextReadCopySyncObserver	original
01190a80	532	MUPerformanceRenderer	original
01190cc0	532	MUPerformanceRenderer	original
01194410	571	MUPitchApproachMapper	addr_proximity_forward
01194790	681	MUPitchApproachMapper	original
01194a70	529	MUPitchApproachMapper	original
01194cb0	529	MUPitchApproachMapper	original
01194ef0	532	MUPitchApproachMapper	original
01195190	1116	MUPitchClassMapper	original
01195620	529	MUPitchClassMapper	original
01195860	553	MUPitchClassMapper	original
01195ab0	529	MUPitchClassMapper	original
01195cf0	532	MUPitchClassMapper	original
01196100	2843	MUPitchMapper	original
01197c30	553	MUPitchMapper	original
01197e80	553	MUPitchMapper	original
01198120	1365	MUPitchMatrixPeak	original
011999d0	519	MUPitchRunMapper	original
01199c00	902	MUPlaybackRequest	original
0119b510	902	MUPropertyPointPitchAlternative	original
0119c0c0	532	MUPropertyPointSpecialProperty	original
0119c7e0	909	GNUni	original
0119def0	3878	MUElementAnalyzer	original
0119fa70	958	MURelativeTimeProgressor	original
011a0e80	759	MUTrack	original
011a17a0	1715	GNFraction	original
011a2660	1462	MUSamplerComponentRenderer	original
011a4100	1228	MUSamplerElementRenderer	original
011a5bd0	618	GNInt	original
011a6790	1080	MUScalePitchSystem	original
011a7e10	518	GNInt	original
011a8140	2198	MUScaleTuningIntervalForAnalysis	original
011a98b0	958	MUScrubbingTimeProgressor	original
011aa9e0	2213	MUSpectralTimeSlice	original
011ac170	3766	MUSpectralPointDNA	original
011af000	2061	MUSpectrumShaper	original
011afb50	4495	MUSpectrumShaper	original
011b1ff0	803	MUSpectrumShaper	original
011b2370	547	MUSpectrumShaper	original
011b2e50	2923	MUSpectrumShaper	original
011b4770	561	GNInt	original
011b4c00	1595	GNUni	original
011b57c0	1044	GNUni	addr_proximity_both
011b5fd0	3405	GNUni	original
011b7960	718	GNUni	addr_proximity_both
011b7e40	1940	GNUni	original
011b9c20	510	GNUni	original
011bbe70	878	MUTagOptionAttribute	original
011bf720	1217	MUElementAnalyzer	original
011c0dc0	1566	MUTempoPeriod	original
011c2320	728	MUTempoDetectionRange	original
011c3290	1662	MUTempoDetectionRegion	original
011c5bb0	3369	MUTimeSliceParameterBuffer	original
011c8690	5621	MUSpectrumShaper	original
011cbec0	724	MUElement	original
011cce10	1046	GNInt	original
011cd5a0	574	MUTrackPreloadRange	original
011ce1f0	502	MUTrackPreloadRange	addr_proximity_backward
011ce5e0	1995	MUTrackRenderer	original
011d2d70	770	GNUni	original
011d3330	1550	MUTranspositionMapper	original
011d3970	553	MUTranspositionMapper	original
011d3bc0	561	MUTranspositionMapper	original
011d4f40	500	MUTurkishPentachord	original
011d59f0	4618	MUVoiceMapper	original
011d6c50	532	MUVoiceMapper	original
011d6e90	561	MUVoiceMapper	original
011d70f0	529	MUVoiceMapper	original
011d74a0	553	MUPartMapperScaleScope	original
011d7860	532	MUVoiceMapper	original
011d8f10	1789	MUVoiceMapper	addr_proximity_backward
011da6c0	700	MUVoiceMapper	addr_proximity_backward
011db220	5643	MUVoiceMapper	addr_proximity_backward
011dfd50	2502	GNString	field_patterns
011e2410	1553	GNString	field_patterns
011e34c0	1601	GNString	field_patterns
011e4dc0	959	MUPotentialPathConnectionType	addr_proximity_forward
011e6210	536	MUPotentialPathConnectionType	original
011e69a0	974	MUPotentialPathConnectionType	addr_proximity_backward
011e89a0	1119	MUThirdsCircle	addr_proximity_forward
011e95b0	559	MUThirdsCircle	original
011eaca0	1080	MUThirdsCircle	addr_proximity_backward
011eb250	724	MUThirdsCircle	addr_proximity_backward
011eb620	1972	MUThirdsCircle	addr_proximity_backward
011ebe10	1500	MUThirdsCircle	addr_proximity_backward
011ec5f0	1782	MUThirdsCircle	addr_proximity_backward
011ecf60	977	MUThirdsCircle	addr_proximity_backward
011ed4f0	1046	MUThirdsCircle	addr_proximity_backward
011eded0	619	MUThirdsCircle	addr_proximity_backward
011ee630	961	MUThirdsCircle	addr_proximity_backward
011eeeb0	706	MUThirdsCircle	addr_proximity_backward
011efc00	753	MUThirdsCircle	addr_proximity_backward
011f03e0	1534	GNAudioProcessor	original
011f1d90	1104	MUFader	original
011f3320	1543	MUPulseAssignmentTarget	original
011f3be0	3313	MUPulseAssignmentTarget	original
011f4d10	508	MUPulseAssignmentTarget	addr_proximity_both
011f4f10	3676	MUPulseAssignmentTarget	original
011f6270	544	MUPulseAssignmentTarget	original
011f64f0	1351	MUPulseAssignmentTarget	addr_proximity_both
011f6ad0	507	MUPulseAssignmentTarget	original
011f6d20	748	MUPulseAssignmentTarget	original
011f70a0	943	MUPulseAssignmentTarget	original
011f7510	545	MUPulseAssignmentTarget	addr_proximity_backward
011f78b0	638	MUPulseAssignmentTarget	addr_proximity_backward
011f83a0	868	MUPulseAssignmentTarget	addr_proximity_backward
011f8900	24558	MUPulseAssignmentTarget	addr_proximity_backward
01201770	1007	MUBarSignatureMap	original
01203460	928	MUBarSignatureMapItem	original
012046b0	18628	MUBarSignatureMapItem	addr_proximity_backward
0120a2e0	627	Unknown	original
0120a700	1926	Unknown	original
0120b150	7835	Unknown	original
0120d5e0	31148	Unknown	original
012193d0	18065	Unknown	original
0121f1d0	4010	Unknown	original
012205a0	837	Unknown	original
01220a90	2008	Unknown	original
012216b0	15730	Unknown	original
01226cd0	12343	Unknown	original
0122b810	16977	Unknown	original
01232860	1258	MUQuarterAssignmentBeat	addr_proximity_forward
01233c30	510	MUQuarterAssignmentBeat	original
01234920	1158	MUQuarterAssignmentResolution	original
012376c0	703	GNString	field_patterns
01237b00	873	MUAudioEffectRenderProcessorIdentifier	addr_proximity_forward
012380b0	1377	MUAudioEffectRenderProcessorIdentifier	addr_proximity_both
01239760	942	MUAudioEffectRenderProcessorIdentifier	original
0123a4e0	932	MUAudioEffectRenderProcessorIdentifier	addr_proximity_backward
0123ac80	636	MUAudioEffectRenderProcessorIdentifier	addr_proximity_backward
0123b3d0	1658	MUAudioEffectRenderProcessorIdentifier	addr_proximity_backward
0123cbf0	1200	MUAudioEffectRenderProcessorIdentifier	addr_proximity_backward
0123d700	520	MUAudioEffectRenderProcessorIdentifier	addr_proximity_backward
0123dab0	1069	MUAudioEffectRenderProcessorIdentifier	addr_proximity_backward
0123e220	1258	MUAudioEffectRenderProcessorIdentifier	addr_proximity_backward
01240d70	1606	Unknown	original
01241610	1569	Unknown	original
01241e00	2159	Unknown	original
012429b0	1752	Unknown	original
01243840	846	Unknown	original
01243e50	6452	Unknown	original
01246820	946	Unknown	original
01246e50	6034	Unknown	original
0124cb30	1399	MUAudioFileSource	addr_proximity_forward
0124d6c0	1274	MUAudioFileSource	addr_proximity_both
0124e860	927	MUAudioFileSource	original
0124f2e0	523	MUChordSequence	original
0124f820	793	MUChordSequence	addr_proximity_backward
0124fc70	1148	GNList	original
012502a0	3760	GNList	addr_proximity_backward
01251710	558	GNNull	original
01251eb0	827	GNNull	addr_proximity_backward
012523c0	681	GNNull	addr_proximity_backward
01252960	1389	GNNull	addr_proximity_backward
01252f30	1595	GNNull	addr_proximity_backward
012535e0	1448	GNNull	addr_proximity_backward
01253c10	1480	GNNull	addr_proximity_backward
01254260	1542	GNNull	addr_proximity_backward
012549c0	1800	GNNull	addr_proximity_backward
01255530	515	GNUni	original
01255e40	2404	GNUni	addr_proximity_backward
01256a50	613	GNUni	addr_proximity_backward
01256f10	904	GNUni	addr_proximity_backward
01257570	673	GNString	original
01257dd0	1688	GNString	addr_proximity_backward
01258600	1049	GNString	addr_proximity_backward
012591f0	782	GNString	addr_proximity_backward
012596f0	665	GNString	addr_proximity_backward
01259a60	549	GNString	addr_proximity_backward
01259dc0	875	GNString	addr_proximity_backward
0125a2f0	565	GNString	addr_proximity_backward
0125a5f0	12017	MUAudioSourceAttackItem	original
0125dfc0	1551	MUSampledFunction	addr_proximity_forward
0125ec90	585	MUSampledFunction	addr_proximity_both
0125f0b0	16690	MUSampledFunction	original
012649d0	3774	MUSampledFunction	addr_proximity_both
01266200	543	MUSampledFunction	addr_proximity_both
012664b0	556	MUSampledFunction	addr_proximity_both
01266770	816	MUSampledFunction	addr_proximity_both
01266b80	807	MUSampledFunction	addr_proximity_both
01267400	1430	MUSampledFunction	addr_proximity_both
01267c40	1128	MUSampledFunction	addr_proximity_both
012682a0	696	MUSampledFunction	addr_proximity_both
01268710	1247	MUSampledFunction	addr_proximity_both
01268f00	7699	MUSampledFunction	addr_proximity_both
0126b620	1315	MUSampledFunction	addr_proximity_both
0126bcd0	525	MUSampledFunction	original
0126bf30	1520	MUSampledFunction	addr_proximity_backward
0126c880	1084	MUSampledFunction	addr_proximity_backward
0126d090	2534	MUSampledFunction	addr_proximity_backward
0126de80	2095	MUSampledFunction	addr_proximity_backward
0126eaa0	729	MUAudioSourceSibilantItem	original
0126f100	565	MUAudioSourceSibilantItem	addr_proximity_backward
0126f610	2249	MUAudioSourceSibilantItem	addr_proximity_backward
01270af0	1301	MUAudioSourceSibilantItem	addr_proximity_backward
01271180	1940	MUAudioSourceSibilantItem	addr_proximity_backward
01271d60	3478	MUAudioSourceSibilantItem	addr_proximity_backward
01273200	1144	MUAudioSourceSibilantItem	addr_proximity_backward
01273930	2807	MUAudioSourceSibilantItem	addr_proximity_backward
01274c40	1476	MUAudioSourceSibilantItem	addr_proximity_backward
012756a0	513	MUAudioSourceSibilantItem	addr_proximity_backward
01275b30	1437	MUAudioSourceSibilantItem	addr_proximity_backward
012762c0	2673	MUAudioSourceSibilantItem	addr_proximity_backward
012771c0	3613	MUAudioSourceSibilantItem	addr_proximity_backward
012783e0	1933	MUAudioSourceSibilantItem	addr_proximity_backward
01278c70	578	MUAudioSourceSibilantItem	addr_proximity_backward
01278f90	11313	MUAudioSourceSibilantItem	addr_proximity_backward
0127c8a0	5981	Unknown	original
0127e4d0	4361	Unknown	original
0127f970	6814	Unknown	original
01281db0	9842	Unknown	original
012850c0	7854	Unknown	original
012879b0	551	Unknown	original
01287c80	1766	Unknown	original
012886e0	3719	Unknown	original
01289850	1297	MDEditorViewController	call_graph_iter1
01289e80	1287	GNString	field_patterns
0128a630	5901	GNString	field_patterns
0128c620	1035	Unknown	original
0128d130	1166	MUAudioSourceAttackItem	addr_proximity_forward
0128d760	1173	MUAudioSourceAttackItem	addr_proximity_both
0128de60	518	MUAudioSourceAttackItem	addr_proximity_both
0128e760	1870	MUAudioSourceAttackItem	original
0128f040	1669	MUAudioSourceAttackItem	addr_proximity_backward
0128f850	1936	MUAudioSourceAttackItem	addr_proximity_backward
012902c0	885	MUAudioSourceAttackItem	addr_proximity_backward
01290750	1585	MUAudioSourceAttackItem	addr_proximity_backward
012912a0	7923	MUAudioSourceAttackItem	addr_proximity_backward
01293980	1058	Unknown	original
01293ed0	1786	Unknown	original
01294af0	5638	Unknown	original
01296db0	1035	MUAudioSourcePrincipalItem	addr_proximity_forward
012972e0	740	MUAudioSourcePrincipalItem	original
012976e0	1035	MUAudioSourcePrincipalItem	addr_proximity_backward
01297c10	2467	MUAudioSourcePrincipalItem	addr_proximity_backward
012988e0	841	MUAudioSourcePrincipalItem	addr_proximity_backward
01298e30	878	MUAudioSourcePrincipalItem	addr_proximity_backward
012992a0	888	MUAudioSourcePrincipalItem	addr_proximity_backward
012996f0	1802	MUAudioSourcePrincipalItem	addr_proximity_backward
0129a650	510	MUAudioSourcePrincipalItem	addr_proximity_backward
0129a8a0	510	MUAudioSourcePrincipalItem	addr_proximity_backward
0129aeb0	1388	MUAudioSourcePrincipalItem	addr_proximity_backward
0129b6c0	17518	MUAudioSourcePrincipalItem	addr_proximity_backward
012a1a90	787	GNString	field_patterns
012a1fa0	687	Unknown	original
012a2350	2375	MUFader	addr_proximity_forward
012a2e80	1132	MUFader	addr_proximity_both
012a4320	685	MUFader	original
012a4a40	1317	MUPulseAssignmentTarget	original
012a52b0	547	MUPulseAssignmentTarget	addr_proximity_backward
012a55e0	2909	MUPulseAssignmentTarget	addr_proximity_backward
012a6340	1322	MUPulseAssignmentTarget	addr_proximity_backward
012a6870	528	MUPulseAssignmentTarget	addr_proximity_backward
012a6b90	984	MUPulseAssignmentTarget	addr_proximity_backward
012a6fc0	603	MUPulseAssignmentTarget	addr_proximity_backward
012a7870	2423	MUPulseAssignmentTarget	addr_proximity_backward
012a81f0	571	MUPulseAssignmentTarget	addr_proximity_backward
012a85e0	533	MUPulseAssignmentTarget	addr_proximity_backward
012a8950	824	MUPulseAssignmentTarget	addr_proximity_backward
012a8c90	45108	MULSSComponentRenderer	original
012b5260	5471	MULSSComponentRenderer	original
012b6860	1514	MULSSComponentRenderer	original
012b6e60	548	MULSSComponentRenderer	addr_proximity_both
012b7100	4833	MULSSComponentRenderer	addr_proximity_both
012b84d0	2937	MULSSComponentRenderer	original
012b9080	863	MULSSComponentRenderer	addr_proximity_backward
012b9ad0	634	MULSSComponentRenderer	addr_proximity_backward
012b9d70	1431	MULSSComponentRenderer	addr_proximity_backward
012ba340	3128	MULSSComponentRenderer	addr_proximity_backward
012bafd0	7453	MULSSComponentRenderer	addr_proximity_backward
012bcdc0	2341	MULSSComponentRenderer	addr_proximity_backward
012bd760	9630	MULSSComponentRenderer	addr_proximity_backward
012bfef0	5773	Unknown	original
012c2190	918	Unknown	original
012c2b70	797	Unknown	original
012c3160	812	Unknown	original
012c35a0	5601	GNString	field_patterns
012c5850	956	Unknown	original
012c7b60	513	Unknown	original
012c8210	599	Unknown	original
012c85c0	602	Unknown	original
012c8a40	879	Unknown	original
012c9770	692	MUAudioFileSource	addr_proximity_forward
012c9ae0	693	MUAudioFileSource	addr_proximity_both
012c9e50	1259	MUAudioFileSource	addr_proximity_both
012ca6e0	1260	MUAudioFileSource	addr_proximity_both
012cb710	1372	MUAudioFileSource	original
012cc0c0	2050	MUAudioFileSource	original
012cce00	4151	MULSSGenerator	original
012ce720	1475	MULSSGenerator	addr_proximity_backward
012cf0c0	1021	MULSSGenerator	addr_proximity_backward
012cfa20	1908	MULSSGenerator	addr_proximity_backward
012d0a00	2372	MULSSGenerator	addr_proximity_backward
012d1980	1130	MULSSGenerator	addr_proximity_backward
012d21a0	747	GNList	original
012d29b0	1206	GNList	addr_proximity_backward
012d3130	1409	GNList	addr_proximity_backward
012d3a20	1192	GNList	addr_proximity_backward
012d4010	1519	GNList	addr_proximity_backward
012d4f10	2067	GNList	addr_proximity_backward
012d6050	1249	GNList	addr_proximity_backward
012d6b30	851	GNList	addr_proximity_backward
012d70d0	5657	GNList	addr_proximity_backward
012d8cd0	2078	GNList	addr_proximity_backward
012da6f0	4596	GNList	addr_proximity_backward
012dea70	1585	GNString	field_patterns
012df600	684	Unknown	original
012df8d0	602	MUEditorElementView	call_graph_iter1
012dfc10	566	MUAudioFileSource	addr_proximity_forward
012e0130	1004	MUAudioFileSource	addr_proximity_both
012e0640	1232	MUAudioFileSource	addr_proximity_both
012e0fb0	912	MUAudioFileSource	addr_proximity_both
012e1a00	4441	MUAudioFileSource	original
012e3d30	1892	GNList	original
012e4e50	1091	GNList	addr_proximity_backward
012e53c0	780	GNList	addr_proximity_backward
012e57f0	570	MULSSGenerator	original
012e5b20	869	MULSSGenerator	original
012e61a0	697	MULSSGenerator	addr_proximity_backward
012e7210	513	MULSSGenerator	addr_proximity_backward
012e7900	856	MULSSGenerator	addr_proximity_backward
012e7fb0	810	MULSSGenerator	addr_proximity_both
012e8440	785	MULSSGenerator	addr_proximity_both
012e8e10	1774	MULSSGenerator	addr_proximity_both
012e9900	2622	MULSSGenerator	addr_proximity_both
012ea6f0	621	MULSSGenerator	addr_proximity_both
012ea9e0	677	MULSSGenerator	addr_proximity_both
012ead00	983	MULSSGenerator	addr_proximity_both
012eb1d0	1022	MULSSGenerator	addr_proximity_both
012eb7d0	786	MULSSGenerator	addr_proximity_both
012ebd30	643	MULSSGenerator	addr_proximity_both
012ebfe0	643	MULSSGenerator	addr_proximity_both
012ec4a0	2143	MULSSGenerator	addr_proximity_both
012ed0d0	764	MULSSGenerator	addr_proximity_both
012edae0	1988	MULSSGenerator	addr_proximity_both
012ee5e0	2931	MULSSGenerator	addr_proximity_both
012ef510	2841	MULSSGenerator	addr_proximity_both
012f0520	761	MULSSGenerator	addr_proximity_both
012f0b60	9863	MULSSGenerator	addr_proximity_both
012f4d80	835	MULSSGenerator	addr_proximity_both
012f56c0	5254	MULSSGenerator	addr_proximity_both
012f7880	725	MULSSGenerator	addr_proximity_both
012f7f50	989	MULSSGenerator	original
012f8840	516	MULSSGenerator	addr_proximity_backward
012f8ad0	658	MULSSGenerator	addr_proximity_backward
012f8e60	658	MULSSGenerator	addr_proximity_backward
012f9cd0	836	MULSSGenerator	addr_proximity_backward
012fa130	1286	MULSSGenerator	addr_proximity_backward
012fa750	2736	MULSSGenerator	addr_proximity_backward
012fb890	1451	MULSSGenerator	addr_proximity_backward
012fc0c0	2141	MULSSGenerator	addr_proximity_backward
012fceb0	1272	MULSSGenerator	addr_proximity_backward
012fd540	7728	MULSSGenerator	addr_proximity_backward
01300180	13222	Unknown	original
01305350	3562	Unknown	original
01306840	832	Unknown	original
01307cd0	1285	Unknown	original
01308280	506	GNString	field_patterns
01308ea0	2766	Unknown	original
01309f00	3176	Unknown	original
0130b770	10333	GNString	field_patterns
0130f200	733	MUPerformanceRenderer	original
0130f550	7432	MUPerformanceRenderer	addr_proximity_backward
01312080	648	Unknown	original
013123c0	898	GNString	field_patterns
01312870	545	Unknown	original
01312f90	621	Unknown	original
013133d0	615	Unknown	original
01313720	641	Unknown	original
01313b30	4588	Unknown	original
013157a0	2866	MUSampledFunction	addr_proximity_forward
013168e0	889	MUSampledFunction	addr_proximity_both
01316d80	2635	MUSampledFunction	original
01317d70	1287	MUSampledFunction	addr_proximity_backward
01318610	2543	MUSampledFunction	addr_proximity_backward
01319320	1259	MULSSGenerator	original
01319960	2103	MULSSGenerator	addr_proximity_backward
0131a710	944	MULSSGenerator	addr_proximity_backward
0131ae60	1992	MULSSGenerator	addr_proximity_backward
0131ba70	512	MULSSGenerator	addr_proximity_backward
0131bcd0	1822	MULSSGenerator	addr_proximity_backward
0131df10	701	Unknown	original
0131e3c0	1178	Unknown	original
0131f190	2487	GNString	field_patterns
01320250	627	Unknown	original
013206a0	1170	Unknown	original
01320f50	932	GNString	field_patterns
013214f0	581	Unknown	original
01321ae0	2224	Unknown	original
013231f0	647	MUPercussivePitchSystem	addr_proximity_forward
013234b0	1078	MUPercussivePitchSystem	addr_proximity_both
01323a40	1738	MUPercussivePitchSystem	addr_proximity_both
01324620	7178	MUPercussivePitchSystem	original
01327070	964	MUAudioSourceSibilantItem	addr_proximity_forward
01327470	762	MUAudioSourceSibilantItem	addr_proximity_both
01327e70	1431	MUAudioSourceSibilantItem	original
01328810	713	MUAudioSourceSibilantItem	addr_proximity_backward
01329cf0	567	MUAudioSourceSibilantItem	addr_proximity_backward
0132a0a0	3214	MUAudioSourceSibilantItem	addr_proximity_backward
0132b1c0	3152	MUAudioSourceSibilantItem	addr_proximity_backward
0132c660	547	MUAudioSourceSibilantItem	addr_proximity_backward
0132c9b0	1974	MUAudioSourceSibilantItem	addr_proximity_backward
0132df30	2430	MUAudioSourceSibilantItem	addr_proximity_backward
0132ec50	1034	MUAudioSourceSibilantItem	addr_proximity_backward
0132f280	17702	MUAudioSourcePrincipalItem	original
01335090	1340	MUAudioSourcePrincipalItem	addr_proximity_both
01335ab0	1527	MUAudioSourcePrincipalItem	addr_proximity_both
01336350	13387	MUAudioSourcePrincipalItem	original
0133aef0	754	MUAudioSourceDescription	addr_proximity_forward
0133b360	1971	MUAudioSourceDescription	addr_proximity_both
0133bd20	34174	MUAudioSourceDescription	original
01346520	952	MUAudioSourceDescription	addr_proximity_both
013469e0	3662	MUAudioSourceDescription	addr_proximity_both
01347c70	2169	MUAudioSourceDescription	addr_proximity_both
01348960	2714	MUAudioSourceDescription	addr_proximity_both
01349890	725	MUAudioSourceDescription	addr_proximity_both
01349bf0	1386	MUAudioSourceDescription	addr_proximity_both
0134b5a0	1452	MUAudioSourceDescription	addr_proximity_both
0134bda0	830	MUAudioSourceDescription	addr_proximity_both
0134c610	1849	MUAudioSourceDescription	addr_proximity_both
0134d090	7901	MUAudioSourceDescription	addr_proximity_both
0134fa60	1546	MUAudioSourceDescription	addr_proximity_both
01350430	2985	MUAudioSourceDescription	addr_proximity_both
013514e0	1647	MUAudioSourceDescription	addr_proximity_both
01351de0	5370	MUAudioSourceDescription	original
01353c30	697	MUAudioSourceDescription	addr_proximity_backward
01353f80	1469	MUAudioSourceDescription	addr_proximity_backward
013549f0	1267	MUAudioSourceDescription	addr_proximity_backward
01355320	3734	MUAudioSourceDescription	addr_proximity_backward
01356870	8589	MUAudioSourcePrincipalItem	original
013593a0	4873	MUSpectrumShaper	field_patterns
0135abc0	1352	Unknown	original
0135b460	5036	Unknown	original
0135c990	1623	Unknown	original
0135d2e0	661	Unknown	original
0135d660	556	MUAudioSourceDescription	call_graph_iter1
0135d960	668	MUAudioSourcePrincipalItem	field_patterns
0135de20	1178	MUAudioSourcePrincipalItem	field_patterns
0135e480	943	Unknown	original
0135e940	1620	Unknown	original
0135f200	17039	MUAudioSourcePrincipalItem	call_graph_iter1
01364f70	2760	MUAudioSourcePrincipalItem	field_patterns
01365ec0	1054	Unknown	original
013663a0	1062	Unknown	original
01366cc0	848	MUAudioSourceDescription	call_graph_iter1
013671d0	994	Unknown	original
01367880	852	Unknown	original
01367c80	1438	Unknown	original
01368510	3566	MUAudioSourcePrincipalItem	field_patterns
013699d0	575	MUAudioSourcePrincipalItem	call_graph_iter1
01369cd0	5928	MUAudioSourcePrincipalItem	field_patterns
0136bb10	7520	MUAudioSourcePrincipalItem	field_patterns
0136e4c0	7521	Unknown	original
013710d0	2920	MUSampledFunction	call_graph_iter1
01372190	11250	Unknown	original
013764e0	12143	MUSampledFunction	original
0137a290	3162	GNString	field_patterns
0137b4c0	1517	MUElementAnalyzer	field_patterns
0137bae0	1198	Unknown	original
0137c150	507	Unknown	original
0137c3f0	3527	Unknown	original
0137d640	2529	Unknown	original
0137e3a0	19779	MUAudioSourcePrincipalItem	field_patterns
01385600	8049	GNFilePath	field_patterns
01388130	1109	MUAudioSourcePrincipalItem	field_patterns
01388750	2596	Unknown	original
01389510	1104	Unknown	original
01389a30	781	Unknown	original
01389e90	4727	Unknown	original
0138b6e0	3407	MUAudioSourcePrincipalItem	call_graph_iter1
0138ca60	1492	Unknown	original
0138d2e0	1895	Unknown	original
0138df30	3537	MUAudioSourcePrincipalItem	field_patterns
0138f140	2930	MUElementAnalyzer	addr_proximity_forward
013903d0	5999	MUElementAnalyzer	original
013924d0	3295	Unknown	original
013933d0	747	MUAudioFileSource	call_graph_iter1
01393860	1296	MUAudioFileSource	call_graph_iter1
01394200	1307	MUAudioFileSource	addr_proximity_forward
01394a40	624	MUAudioFileSource	addr_proximity_both
01394e80	1579	MUAudioFileSource	addr_proximity_both
01395870	1424	MUAudioFileSource	original
013965b0	1424	GNDate	original
01396e30	976	GNDate	addr_proximity_backward
01397620	1073	GNDate	addr_proximity_backward
01397bb0	3442	GNDate	addr_proximity_backward
01398e20	1136	GNDate	addr_proximity_backward
01399490	11197	GNDate	addr_proximity_backward
0139d310	15825	Unknown	original
013a2780	75220	Unknown	original
013bfbf0	11983	Unknown	original
013c4110	2025	Unknown	original
013c4cd0	9704	Unknown	original
013c7f70	1561	Unknown	original
013c8a60	510	Unknown	original
013c8e30	1230	Unknown	original
013c9530	41983	GNFilePath	field_patterns
013d8180	2634	Unknown	original
013da5a0	543	GNUni	addr_proximity_forward
013daf80	512	GNUni	original
013dbcd0	590	GNOperationProgressObserver	original
013dd3f0	547	GNOperationProgressObserver	addr_proximity_backward
013dfef0	2820	MUAudioSourceAttackItem	original
013e0cc0	1652	MUAudioSourceAttackItem	addr_proximity_backward
013e1740	3873	MUAudioSourceAttackItem	addr_proximity_backward
013e2c20	8031	MUAudioSourceAttackItem	addr_proximity_backward
013e5700	1455	Unknown	original
013e5de0	682	Unknown	original
013e61a0	682	Unknown	original
013e6a80	611	Unknown	original
013e71c0	2291	Unknown	original
013e7d10	627	Unknown	original
013e8800	1232	Unknown	original
013e9470	674	GNString	field_patterns
013e9e30	1009	Unknown	original
013ea3f0	1735	Unknown	original
013ebd50	580	Unknown	original
013ec060	1563	Unknown	original
013ecba0	642	Unknown	original
013ece50	627	Unknown	original
013ed100	589	Unknown	original
013ed380	2864	Unknown	original
013ee110	2772	Unknown	original
013eee70	1226	Unknown	original
013ef520	1332	Unknown	original
013f01c0	1151	Unknown	original
013f07a0	2389	MUDataPointFunction	addr_proximity_forward
013f1180	625	MUDataPointFunction	addr_proximity_both
013f18d0	2201	MUDataPointFunction	addr_proximity_both
013f23b0	1212	MUDataPointFunction	original
013f3ad0	1610	MUDataPointFunction	addr_proximity_backward
013f4430	667	MUDataPointFunction	addr_proximity_backward
013f4fc0	1539	MUDataPointFunction	addr_proximity_backward
013f5760	653	MUDataPointFunction	addr_proximity_backward
013f5f90	820	MUDataPointFunction	addr_proximity_backward
013f63e0	689	MUDataPointFunction	addr_proximity_backward
013f6a80	1560	MUDataPointFunction	addr_proximity_backward
013f70b0	4590	MUDataPointFunction	addr_proximity_backward
013f82a0	925	MUDataPointFunction	addr_proximity_backward
013f8740	2626	MUDataPointFunction	addr_proximity_backward
013f9470	2707	MUDataPointFunction	addr_proximity_backward
013fa1f0	2202	MUDataPointFunction	addr_proximity_backward
013fc010	623	MUDataPointFunction	addr_proximity_backward
013fc290	617	MUDataPointFunction	addr_proximity_backward
013fdaf0	661	MUDataPointFunction	addr_proximity_backward
013fe1d0	572	MUDataPointFunction	addr_proximity_backward
013fea10	767	MUDataPointFunction	addr_proximity_backward
013fee70	525	MUDataPointFunction	addr_proximity_backward
013ff8e0	580	MUDataPointFunction	addr_proximity_backward
013ffd40	1287	MUDataPointFunction	addr_proximity_backward
014004b0	734	MUDataPointFunction	addr_proximity_backward
014009a0	504	MUDataPointFunction	addr_proximity_backward
01400c50	558	MUDataPointFunction	addr_proximity_backward
01400f40	15147	MUDataPointFunction	addr_proximity_backward
014068e0	2770	GNString	field_patterns
01407c20	560	Unknown	original
01408160	1741	Unknown	original
01408cd0	3402	Unknown	original
0140a320	742	Unknown	original
0140a740	1168	Unknown	original
0140ae70	3408	Unknown	original
0140c540	1252	Unknown	original
0140d370	597	Unknown	original
0140d780	696	GNData	field_patterns
0140db30	1199	GNData	field_patterns
0140e440	787	Unknown	original
0140e8b0	1748	Unknown	original
0140f410	1128	Unknown	original
0140f990	3732	Unknown	original
01411410	4194	Unknown	original
01415520	564	MUSpectrumShaper	original
014163e0	1295	MUSpectrumShaper	addr_proximity_backward
01416f10	1215	MUAmplitudeAnalyzer	original
01417540	778	MUAmplitudeAnalyzer	addr_proximity_backward
014178f0	1563	MUAmplitudeAnalyzer	addr_proximity_backward
01418260	631	MUAmplitudeAnalyzer	addr_proximity_backward
01418c90	7302	MUAmplitudeAnalyzer	addr_proximity_backward
0141d330	5300	Unknown	original
0141f160	552	Unknown	original
0141f4b0	22100	GNString	field_patterns
01426870	2560	MUGrooveBasedQuarterSignatureSegment	addr_proximity_forward
014281c0	1075	MUGrooveBasedQuarterSignatureSegment	original
0142a580	533	MUGrooveBasedGrooveAssignment	original
0142b3c0	905	MUGrooveBasedGrooveAssignmentEntry	original
0142c440	952	MUBezierFunctionPoint	original
0142d0b0	900	MUBezierFunctionPoint	addr_proximity_backward
0142dc30	753	MUBezierFunctionPoint	addr_proximity_backward
0142e110	848	MUSpectrumShaper	original
0142e5e0	582	MUSpectrumShaper	addr_proximity_both
0142e970	618	MUSpectrumShaper	addr_proximity_both
0142ed20	1270	MUSpectrumShaper	addr_proximity_both
01430250	1331	MUSpectrumShaper	original
01430a30	1034	MUSpectrumShaper	addr_proximity_backward
01431180	1765	MUSpectrumShaper	addr_proximity_backward
01432ed0	1100	MUElementAnalyzer	original
01433780	633	MUElementAnalyzer	addr_proximity_both
01433c40	576	MUElementAnalyzer	addr_proximity_both
01433f60	57867	MUElementAnalyzer	original
01447a70	71837	MUElementAnalyzer	original
0145f790	11747	Unknown	original
014636d0	682	Unknown	original
01463a60	20480	Unknown	original
0146aec0	4141	MUElementAnalyzer	addr_proximity_forward
0146c830	38131	MUElementAnalyzer	original
0147a0a0	4495	Unknown	original
0147b980	3915	Unknown	original
0147cf10	4305	Unknown	original
0147e810	1599	Unknown	original
0147f490	3837	Unknown	original
01481db0	4729	Unknown	original
014832d0	655	Unknown	original
01483650	515	Unknown	original
01483ef0	1163	GNString	field_patterns
01484480	838	GNString	field_patterns
01484850	541	GNString	field_patterns
01484bc0	26028	MUElementAnalyzer	field_patterns
0148ced0	9979	MDPluginDocument	field_patterns
014902f0	36910	MUSpectrumShaper	field_patterns
0149b7e0	1030	MUElementAnalyzer	addr_proximity_forward
0149bce0	758	MUElementAnalyzer	original
0149bfe0	723	MUElementAnalyzer	addr_proximity_backward
0149c330	3475	MUElementAnalyzer	addr_proximity_backward
0149d5b0	2143	MUElementAnalyzer	addr_proximity_backward
0149ded0	1138	MUElementAnalyzer	addr_proximity_both
0149e4a0	1499	MUElementAnalyzer	addr_proximity_both
0149ebe0	2352	MUElementAnalyzer	addr_proximity_both
0149f6a0	2850	MUElementAnalyzer	addr_proximity_both
014a02f0	1374	MUElementAnalyzer	addr_proximity_both
014a08f0	895	MUElementAnalyzer	addr_proximity_both
014a0df0	4416	MUElementAnalyzer	addr_proximity_both
014a2170	4750	MUElementAnalyzer	addr_proximity_both
014a3550	843	MUElementAnalyzer	addr_proximity_both
014a3900	2129	MUElementAnalyzer	addr_proximity_both
014a42b0	3734	MUElementAnalyzer	addr_proximity_both
014a5580	1405	MUElementAnalyzer	addr_proximity_both
014a5ba0	2901	MUElementAnalyzer	addr_proximity_both
014a6a60	1982	MUElementAnalyzer	addr_proximity_both
014a74b0	4322	MUElementAnalyzer	addr_proximity_both
014a89c0	584	MUElementAnalyzer	addr_proximity_both
014a8cc0	5728	MUElementAnalyzer	addr_proximity_both
014aa770	2019	MUElementAnalyzer	addr_proximity_both
014ab140	1185	MUElementAnalyzer	addr_proximity_both
014ab670	1968	MUElementAnalyzer	addr_proximity_both
014abf60	5325	MUElementAnalyzer	addr_proximity_both
014ad820	1032	MUElementAnalyzer	addr_proximity_both
014adca0	2407	MUElementAnalyzer	original
014ae680	2466	MUElementAnalyzer	addr_proximity_backward
014af180	2039	MUElementAnalyzer	addr_proximity_backward
014afb20	3362	MUElementAnalyzer	addr_proximity_backward
014b0a60	5433	MUElementAnalyzer	addr_proximity_backward
014b25b0	872	MUElementAnalyzer	addr_proximity_backward
014b2970	1149	MUElementAnalyzer	addr_proximity_backward
014b2ee0	949	MUElementAnalyzer	addr_proximity_backward
014b3460	1727	MUElementAnalyzer	addr_proximity_backward
014b3ce0	3503	MUElementAnalyzer	addr_proximity_backward
014b4e50	955	MUElementAnalyzer	addr_proximity_backward
014b5230	2425	MUElementAnalyzer	addr_proximity_backward
014b5bc0	5540	MUElementAnalyzer	addr_proximity_backward
014b71e0	749	MUElementAnalyzer	addr_proximity_backward
014b7630	753	MUElementAnalyzer	addr_proximity_backward
014b7960	5759	MUElementAnalyzer	addr_proximity_backward
014b9750	1299	MUElementAnalyzer	addr_proximity_backward
014b9ce0	1133	MUElementAnalyzer	addr_proximity_backward
014bc920	671	Unknown	original
014bd640	632	GNString	field_patterns
014bd8e0	4956	Unknown	original
014bf230	595	MUSampledFunction	addr_proximity_forward
014bf4a0	1089	MUSampledFunction	addr_proximity_both
014bfad0	1439	MUSampledFunction	addr_proximity_both
014c0100	652	MUSampledFunction	addr_proximity_both
014c03f0	7885	MUSampledFunction	original
014c36d0	685	MUAudioSourceDescription	call_graph_iter2
014c4220	1724	GNString	field_patterns
014c4af0	8276	GNString	field_patterns
014c7490	16239	GNString	field_patterns
014cc9f0	749	Unknown	original
014ccdd0	749	Unknown	original
014cd1b0	2124	Unknown	original
014cdc80	1626	GNString	field_patterns
014ce440	1975	MUAudioSourceDescription	call_graph_iter2
014ceed0	2760	MUAudioSourceDescription	call_graph_iter2
014cfcc0	1752	MUAudioSourceDescription	call_graph_iter1
014d0690	3296	GNString	field_patterns
014d1e00	598	MUAudioSourcePrincipalItem	addr_proximity_forward
014d26c0	2940	MUAudioSourcePrincipalItem	original
014d39b0	2583	MUAudioSourcePrincipalItem	original
014d44f0	2420	MUAudioSourcePrincipalItem	original
014d4f90	2428	MUAudioSourcePrincipalItem	original
014d5a80	789	MUAudioSourcePrincipalItem	original
014d5e20	670	MUAudioSourcePrincipalItem	addr_proximity_backward
014d6590	9328	MUAudioSourcePrincipalItem	addr_proximity_backward
014d9720	10307	GNString	field_patterns
014dcf30	2700	GNString	field_patterns
014ddc50	10440	GNString	field_patterns
014e1210	3251	Unknown	original
014e2330	3596	Unknown	original
014e36c0	14394	GNString	field_patterns
014e7f40	2467	GNString	field_patterns
014e8b20	4006	MUAudioSourceItem	addr_proximity_forward
014e9f00	690	MUAudioSourceItem	addr_proximity_both
014ea210	1110	MUAudioSourceItem	original
014ea7b0	4578	MUAudioSourceItem	addr_proximity_backward
014ec110	513	MUAudioSourceItem	addr_proximity_backward
014ec330	844	MUAudioSourceItem	addr_proximity_backward
014ec6b0	540	MUAudioSourceItem	addr_proximity_backward
014eccd0	862	MUAudioSourceItem	addr_proximity_backward
014ed100	528	MUAudioSourceItem	addr_proximity_backward
014ed8e0	711	MUAudioSourceItem	addr_proximity_backward
014edfa0	1102	GNInt	original
014ee5f0	534	GNInt	addr_proximity_backward
014ef680	500	GNInt	addr_proximity_backward
014efd00	703	GNInt	addr_proximity_backward
014f0020	1511	GNInt	addr_proximity_backward
014f0770	1139	GNInt	addr_proximity_backward
014f0c40	8250	GNInt	addr_proximity_backward
014f38a0	736	Unknown	original
014f3ed0	827	Unknown	original
014f4330	5803	Unknown	original
014f60f0	1491	Unknown	original
014f6fc0	663	Unknown	original
014f7360	5506	Unknown	original
014f9630	522	GNString	field_patterns
014f9e70	731	Unknown	original
014fa1c0	507	Unknown	original
014fa5d0	755	Unknown	original
014faac0	1520	Unknown	original
014fb5c0	1520	Unknown	original
014fc970	633	Unknown	original
014fcfa0	1034	Unknown	original
014fd840	613	Unknown	original
014fdd70	2679	MUPercussivePitchSystem	call_graph_iter1
014ffc90	518	GNString	addr_proximity_forward
01500530	597	GNString	addr_proximity_both
01500890	843	GNString	addr_proximity_both
01500dd0	1252	GNString	addr_proximity_both
015016a0	1518	GNString	original
01501fc0	1121	GNString	original
01502670	3016	GNString	original
01504640	602	GNString	addr_proximity_backward
01504a70	1708	GNString	addr_proximity_backward
01505340	583	GNString	addr_proximity_backward
01505ea0	503	GNString	addr_proximity_backward
01506110	2256	GNString	addr_proximity_backward
01508bf0	708	MUPart	addr_proximity_forward
015095d0	599	MUPart	original
0150a2e0	561	MUScalePitchSystemSequence	original
0150a640	602	MUScalePitchSystemSequence	addr_proximity_backward
0150aa70	3731	MUPercussivePitchSystem	original
0150bf50	1109	MUPercussivePitchSystem	addr_proximity_backward
0150c530	504	MUPercussivePitchSystem	addr_proximity_backward
0150ddd0	2375	MUPercussivePitchSystem	addr_proximity_backward
0150ec20	649	MUPercussivePitchSystem	addr_proximity_backward
0150f500	566	MUPercussivePitchSystem	addr_proximity_backward
0150f7e0	1229	MUPercussivePitchSystem	addr_proximity_backward
015104e0	1151	MUPercussivePitchSystem	addr_proximity_backward
01510b20	529	MUPercussivePitchSystem	addr_proximity_backward
01511080	3077	MUPercussivePitchSystem	addr_proximity_backward
01512000	1446	MUPercussivePitchSystem	addr_proximity_backward
01512890	666	MUPercussivePitchSystem	addr_proximity_backward
01512be0	1756	MUPercussivePitchSystem	addr_proximity_backward
01513590	2000	MUPercussivePitchSystem	addr_proximity_backward
01514120	852	MUPercussivePitchSystem	addr_proximity_backward
01514480	2211	MUPercussivePitchSystem	addr_proximity_backward
01515040	4434	MUPercussivePitchSystem	addr_proximity_backward
01516720	3844	MUPercussivePitchSystem	addr_proximity_backward
01517980	1528	MUPercussivePitchSystem	addr_proximity_backward
01518160	1812	MUPercussivePitchSystem	addr_proximity_backward
015189a0	2392	MUPercussivePitchSystem	addr_proximity_backward
01519670	1590	MUPercussivePitchSystem	addr_proximity_backward
01519e20	954	MUPercussivePitchSystem	addr_proximity_backward
0151a240	1242	MUPercussivePitchSystem	addr_proximity_backward
0151a950	1105	MUPercussivePitchSystem	addr_proximity_backward
0151b0b0	900	MUPercussivePitchSystem	addr_proximity_backward
0151ca60	551	GNUni	original
0151d140	531	MUFretInstrumentVoicing	original
0151f2d0	519	MUScaleModeSequence	original
015200c0	956	MUScalePitchSystem	original
01521110	611	MUScalePitchSystem	addr_proximity_backward
01521770	909	MUScalePitchSystem	addr_proximity_backward
01521e60	589	MUScalePitchSystem	addr_proximity_backward
01522730	1224	MUScalePitchSystem	addr_proximity_backward
01523040	798	MUScalePitchSystem	addr_proximity_backward
015235b0	1483	MUScalePitchSystem	addr_proximity_backward
01523ca0	1976	MUScalePitchSystem	addr_proximity_backward
01524590	680	MUScalePitchSystem	addr_proximity_backward
01525150	2111	MUScalePitchSystem	addr_proximity_backward
01525c50	747	MUScalePitchSystem	addr_proximity_backward
01525fb0	778	MUScalePitchSystem	addr_proximity_backward
015269a0	766	MUScalePitchSystem	addr_proximity_backward
01526d00	1270	GNFraction	original
015278a0	2291	GNFraction	addr_proximity_backward
01528450	678	GNFraction	addr_proximity_backward
015287d0	516	GNFraction	addr_proximity_backward
01528a90	1519	GNFraction	addr_proximity_backward
015292f0	1052	GNFraction	addr_proximity_backward
015298a0	729	GNFraction	addr_proximity_backward
01529c50	729	GNFraction	addr_proximity_backward
0152ad10	1937	GNFraction	addr_proximity_backward
0152b9f0	910	GNFraction	addr_proximity_backward
0152d500	981	GNFraction	addr_proximity_backward
0152d930	747	GNFraction	addr_proximity_backward
0152ec70	542	GNFraction	addr_proximity_backward
0152eef0	885	GNFraction	addr_proximity_backward
0152f340	852	GNFraction	addr_proximity_backward
0152f790	1386	GNFraction	addr_proximity_backward
0152fdb0	1499	GNFraction	addr_proximity_backward
01530ba0	2269	GNFraction	addr_proximity_backward
01531f40	2516	GNFraction	addr_proximity_backward
01532cf0	9782	GNFraction	addr_proximity_backward
01536600	1232	Unknown	original
01536c30	1456	Unknown	original
01537720	528	GNString	field_patterns
01538370	872	Unknown	original
01539540	1133	Unknown	original
01539b60	1751	Unknown	original
0153a4c0	9292	Unknown	original
0153dae0	725	Unknown	original
0153de70	590	Unknown	original
0153e0c0	16414	Unknown	original
015446f0	1974	Unknown	original
01544f10	27709	MUSpectrumShaper	field_patterns
0154f1a0	1134	MUVoiceMapperVoiceOption	original
01550b90	1809	MUVoiceMapperVoiceOption	addr_proximity_backward
015513a0	5531	MUVoiceMapperVoiceOption	addr_proximity_backward
01552cd0	524	MUVoiceMapperVoiceOption	addr_proximity_backward
01553290	1225	MUVoiceMapperVoiceOption	addr_proximity_backward
01553b80	16108	MUVoiceMapperVoiceOption	addr_proximity_backward
015592a0	100487	GNDictionary	original
01586cb0	3963	Unknown	original
01588180	2699	GNList	addr_proximity_forward
01588e90	5253	GNList	original
0158ac20	1149	GNDictionary	original
0158b470	1315	GNDictionary	addr_proximity_backward
0158c060	34784	MUElementAnalyzer	original
015985f0	6672	GNStorage	original
0159aa90	3710	GNData	original
0159bec0	38432	GNFilePath	original
015aad80	1545	GNFilePath	original
015ab850	527	GNFilePath	addr_proximity_backward
015abbd0	607	GNDictionary	original
015b3350	643	Unknown	original
015b3700	2461	Unknown	original
015b4130	866	Unknown	original
015b46b0	1005	Unknown	original
015b5100	2419	GNData	addr_proximity_forward
015b5f50	1215	GNData	addr_proximity_both
015b6740	860	GNData	addr_proximity_both
015b6d40	1140	GNData	original
015b73b0	1458	GNData	addr_proximity_backward
015b7d90	511	GNData	addr_proximity_backward
015b7fe0	607	GNData	addr_proximity_backward
015b82b0	575	GNData	addr_proximity_backward
015b8540	1130	GNData	addr_proximity_backward
015b8b30	970	GNData	addr_proximity_backward
015b8f00	972	GNData	addr_proximity_backward
015b9640	662	GNData	addr_proximity_backward
015b99a0	720	GNData	addr_proximity_backward
015b9e20	611	GNData	addr_proximity_backward
015ba5e0	3734	GNData	addr_proximity_backward
015bb7e0	1667	GNData	addr_proximity_backward
015bc030	776	GNData	addr_proximity_backward
015bc6a0	1021	GNData	addr_proximity_backward
015bcb20	608	GNData	addr_proximity_backward
015bd150	2105	GNData	addr_proximity_backward
015bdbb0	831	GNData	addr_proximity_backward
015be040	937	GNData	addr_proximity_backward
015be4d0	1212	GNData	addr_proximity_backward
015bea90	2158	GNData	addr_proximity_backward
015bf6e0	5094	GNData	addr_proximity_backward
015c0b60	1709	GNData	addr_proximity_backward
015c15e0	1531	GNData	addr_proximity_backward
015c1c40	1605	GNData	addr_proximity_backward
015c22b0	518	GNData	addr_proximity_backward
015c24c0	547	GNData	addr_proximity_backward
015c26f0	1141	GNData	addr_proximity_backward
015c2da0	1041	GNData	addr_proximity_backward
015c31c0	556	GNData	addr_proximity_backward
015c33f0	506	GNData	addr_proximity_backward
015c35f0	2094	GNData	addr_proximity_backward
015c47d0	693	GNData	addr_proximity_backward
015c4e40	4396	MUSpectralTimeSlice	original
015c6350	864	MUSpectralTimeSlice	original
015c6700	1118	MUSpectralTimeSlice	original
015c7140	515	MUSpectralTimeSlice	addr_proximity_backward
015c73a0	683	MUSpectralTimeSlice	addr_proximity_backward
015c7920	672	MUSpectralTimeSlice	addr_proximity_backward
015c91d0	680	MUSpectralTimeSlice	addr_proximity_backward
015c9600	626	MUSpectralTimeSlice	addr_proximity_backward
015c9ee0	2350	MUSpectralTimeSlice	addr_proximity_backward
015cabc0	3309	MUSpectralTimeSlice	addr_proximity_backward
015cbd00	2110	MUSpectralTimeSlice	addr_proximity_backward
015cc880	1395	MUSpectralTimeSlice	addr_proximity_backward
015cd2c0	103639	MUSpectralTimeSlice	addr_proximity_backward
015f4250	7271	Unknown	original
015f66f0	1316	MUAudioFileSource	original
015f7360	1117	MUTempoAnalyzerEvent	original
015f7fc0	522	MUTempoAnalyzerEvent	addr_proximity_backward
015f8940	841	MUTempoAnalyzerEvent	addr_proximity_backward
015f8d00	610	MUTempoAnalyzerEvent	addr_proximity_backward
015f9150	647	MUTempoAnalyzerEvent	addr_proximity_backward
015f9f10	827	MUTempoAnalyzerEvent	addr_proximity_backward
015fa320	979	MUTempoAnalyzerEvent	addr_proximity_backward
015fab90	524	MUTempoAnalyzerEvent	addr_proximity_backward
015faee0	608	MUTempoAnalyzerEvent	addr_proximity_backward
015fb200	2170	MUTempoAnalyzerEvent	addr_proximity_backward
015fbe40	525	MUTempoAnalyzerEvent	addr_proximity_backward
015fc150	901	MUTempoAnalyzerEvent	addr_proximity_backward
015fc990	2176	MUTempoAnalyzerEvent	addr_proximity_backward
015fd450	814	MUTempoAnalyzerEvent	addr_proximity_backward
015fd9b0	507	MUTempoAnalyzerEvent	addr_proximity_backward
015fdc20	791	MUTempoAnalyzerEvent	addr_proximity_backward
015fe030	798	MUTempoAnalyzerEvent	addr_proximity_backward
015fe420	728	MUTempoAnalyzerEvent	addr_proximity_backward
015fe7b0	729	MUTempoAnalyzerEvent	addr_proximity_backward
015fec80	523	MUTempoAnalyzerEvent	addr_proximity_backward
015feec0	530	MUTempoAnalyzerEvent	addr_proximity_backward
015ff220	530	MUTempoAnalyzerEvent	addr_proximity_backward
015ffad0	1868	MUTempoAnalyzerEvent	addr_proximity_backward
01600720	2532	MUTempoAnalyzerEvent	addr_proximity_backward
01602560	654	MUTempoAnalyzerEvent	addr_proximity_backward
01602890	1378	MUTempoAnalyzerEvent	addr_proximity_backward
01602e90	2609	MUTempoAnalyzerEvent	addr_proximity_backward
016039b0	2672	MUTempoAnalyzerEvent	addr_proximity_backward
01604630	2186	MUTempoAnalyzerEvent	addr_proximity_backward
01604f80	3317	MUTempoAnalyzerEvent	addr_proximity_backward
01606000	1215	MUTempoAnalyzerEvent	addr_proximity_backward
01606530	43505	MUTempoAnalyzerEvent	addr_proximity_backward
01615660	3500	Unknown	original
01616770	3322	Unknown	original
016175a0	1734	Unknown	original
01617da0	12196	Unknown	original
0161c3f0	5283	Unknown	original
0161e1a0	619	Unknown	original
0161e440	11726	Unknown	original
01621ee0	25394	Unknown	original
0162a210	1752	Unknown	original
0162a940	2487	MDMetaWindowController	call_graph_iter1
01641140	2751	Unknown	original
01641e90	3466	GNString	field_patterns
01642e50	6284	Unknown	original
016450a0	715	Unknown	original
016464d0	3818	Unknown	original
01647910	12958	MDMetaWindowController	field_patterns
0164b170	2183	MDMetaWindowController	field_patterns
0164bd30	1021	Unknown	original
0164df60	582	Unknown	original
0164e420	951	MULSSGenerator	call_graph_iter1
0164e9f0	1872	Unknown	original
0164f500	1318	MULSSGenerator	addr_proximity_forward
01650af0	2504	MULSSGenerator	original
01652170	865	MULSSGenerator	addr_proximity_both
01652930	612	MULSSGenerator	addr_proximity_both
01652cd0	999	MULSSGenerator	addr_proximity_both
01653e10	1164	MULSSGenerator	addr_proximity_both
01654a70	537	MULSSGenerator	addr_proximity_both
016553c0	757	MULSSGenerator	addr_proximity_both
016557b0	1611	MULSSGenerator	addr_proximity_both
01656080	757	MULSSGenerator	addr_proximity_both
01656470	710	MULSSGenerator	addr_proximity_both
01656830	710	MULSSGenerator	addr_proximity_both
01656bf0	1454	MULSSGenerator	addr_proximity_both
01657410	636	MULSSGenerator	addr_proximity_both
016577d0	791	MULSSGenerator	addr_proximity_both
01658d80	1084	MULSSGenerator	original
01659300	1034	MULSSGenerator	original
01659860	840	MULSSGenerator	addr_proximity_backward
0165a0f0	659	MULSSGenerator	addr_proximity_backward
0165a450	561	MULSSGenerator	addr_proximity_backward
0165b1b0	584	MULSSGenerator	addr_proximity_backward
0165b470	753	MULSSGenerator	addr_proximity_backward
0165b8b0	860	MULSSGenerator	addr_proximity_backward
0165cae0	962	MULSSGenerator	addr_proximity_backward
0165cf20	510	MULSSGenerator	addr_proximity_backward
0165d320	784	MULSSGenerator	addr_proximity_backward
0165d800	516	MULSSGenerator	addr_proximity_backward
0165de10	928	MULSSGenerator	addr_proximity_backward
0165e460	518	MULSSGenerator	addr_proximity_backward
0165e970	2444	MULSSGenerator	addr_proximity_backward
0165f820	516	MUBarSignature	original
0165fd70	625	GNFraction	original
016601d0	585	GNValue	original
01660e50	1110	GNValue	addr_proximity_backward
01661390	1102	MUAraAudioSource	original
01661910	723	MUAraAudioSource	original
01661d30	1146	MUAraAudioSource	addr_proximity_backward
01662650	1004	MUAraAudioSource	addr_proximity_backward
01662bd0	5221	MUElementAnalyzer	original
01664ba0	768	MUElementAnalyzer	addr_proximity_backward
01665120	2002	GNList	original
01665fa0	844	GNList	addr_proximity_backward
01666660	844	GNList	addr_proximity_backward
01667210	896	GNList	addr_proximity_backward
01668130	1305	GNList	addr_proximity_backward
01668800	3000	GNList	addr_proximity_backward
01669ad0	1544	GNList	addr_proximity_backward
0166a440	1843	GNList	addr_proximity_backward
0166b030	1320	GNList	addr_proximity_backward
0166b8c0	4536	GNList	addr_proximity_backward
0166d4c0	589	GNList	addr_proximity_backward
0166dcf0	4491	GNList	addr_proximity_backward
01670220	1484	MUAraAudioSource	addr_proximity_forward
01670fa0	638	MUAraAudioSource	addr_proximity_both
01671370	1437	MUAraAudioSource	original
01671da0	1176	MUAraAudioSource	addr_proximity_backward
016723c0	909	MUAraAudioSource	addr_proximity_backward
016727d0	1209	MUAraAudioSource	addr_proximity_backward
01672e10	909	MUAraAudioSource	addr_proximity_backward
01673220	1228	MUAraAudioSource	addr_proximity_backward
01673990	1188	MUAraAudioSource	addr_proximity_backward
01673fe0	2996	MUAraAudioSource	addr_proximity_backward
01675080	1188	MUAraAudioSource	addr_proximity_backward
016756d0	2550	MUAraAudioSource	addr_proximity_backward
01677060	801	GNUni	original
01677b30	3614	GNUni	addr_proximity_backward
01679350	2339	GNUni	addr_proximity_backward
0167a5b0	736	GNUni	addr_proximity_backward
0167ab90	1316	GNUni	addr_proximity_backward
0167bc80	15358	GNString	original
016818c0	1275	Unknown	original
01682020	1499	Unknown	original
01682950	4311	Unknown	original
01684460	501	Unknown	original
01684680	3854	Unknown	original
01685a90	1281	Unknown	original
016863a0	2120	Unknown	original
01687020	4834	Unknown	original
01688cf0	1370	Unknown	original
01689980	526	GNAudioProcessor	addr_proximity_forward
0168a170	1311	GNAudioProcessor	addr_proximity_both
0168a900	1862	GNAudioProcessor	addr_proximity_both
0168b410	7607	GNAudioProcessor	original
0168e5c0	598	MUAraModelManager	addr_proximity_forward
0168ea70	560	MUAraModelManager	addr_proximity_both
0168f150	942	MUAraModelManager	original
0168f7f0	557	MUAraModelManager	original
0168faf0	516	MUAraModelManager	addr_proximity_backward
01690050	523	MUAraModelManager	addr_proximity_backward
01690310	611	MUAraPlugInWrapperDelegate	original
016908b0	689	MUAraPlugInWrapperDelegate	original
01690c50	1459	MUAraPlugInWrapperDelegate	addr_proximity_both
01691640	726	MUAraPlugInWrapperDelegate	addr_proximity_both
01692ed0	1245	MUAraPlugInWrapperDelegate	original
01693b00	900	MUAraPlugInWrapperDelegate	addr_proximity_backward
01694420	1001	GNNull	original
016948c0	775	MUAraPlugInWrapperDelegate	original
01694ec0	1636	MUAraPlugInWrapperDelegate	addr_proximity_backward
016962f0	548	MUAraPersistentObject	original
01696b40	2494	GNUni	original
01697750	1258	MUAraAudioSource	original
01699090	4823	MUAraAudioSource	original
0169d230	4345	MUAraAudioSource	original
016a1890	2625	MUAraDocumentController	original
016a5360	612	MUAraDocumentController	original
016a5910	691	MUAraDocumentController	original
016a65d0	1243	MUAraMusicalContext	original
016a92a0	943	GNPropertyObserver	original
016a97f0	512	MUAraTrackObserver	original
016ab420	1470	MUAraTrackObserver	addr_proximity_backward
016ac280	620	MUAraTrackObserver	addr_proximity_backward
016acf90	2524	MUAraMinApiGeneration	original
016adf20	1340	MUAraDocumentController	original
016aeee0	560	MUAraDocumentController	addr_proximity_backward
016af230	553	MUAraDocumentController	addr_proximity_backward
016af570	558	MUAraDocumentController	addr_proximity_backward
016af970	1313	MUAraDocumentController	addr_proximity_backward
016b0100	589	MUAraDocumentController	addr_proximity_backward
016b08f0	1708	MUAraDocumentController	addr_proximity_backward
016b1510	913	MUAraDocumentController	addr_proximity_backward
016b19d0	740	MUAraDocumentController	addr_proximity_backward
016b1e00	660	MUAraDocumentController	addr_proximity_backward
016b2150	738	MUAraDocumentController	addr_proximity_backward
016b24e0	943	MUAraDocumentController	addr_proximity_backward
016b2af0	1369	MUAraDocumentController	addr_proximity_backward
016b3170	740	MUAraDocumentController	addr_proximity_backward
016b35a0	660	MUAraDocumentController	addr_proximity_backward
016b38f0	835	MUAraDocumentController	addr_proximity_backward
016b3ce0	646	MUAraDocumentController	addr_proximity_backward
016b4010	1064	MUAraDocumentController	addr_proximity_backward
016b4550	1004	MUAraDocumentController	addr_proximity_backward
016b4a70	795	MUAraDocumentController	addr_proximity_backward
016b4e90	1067	MUAraAudioSource	original
016b5480	754	MUAraAudioSource	addr_proximity_both
016b5830	876	MUAraAudioSource	addr_proximity_both
016b5cb0	660	MUAraAudioSource	addr_proximity_both
016b6000	778	MUAraAudioSource	addr_proximity_both
016b6360	703	MUAraAudioSource	addr_proximity_both
016b66d0	943	MUAraAudioSource	addr_proximity_both
016b6bb0	2193	MUAraAudioSource	addr_proximity_both
016b76f0	1241	MUAraAudioSource	original
016b7d40	806	MUAraAudioSource	addr_proximity_backward
016b8170	701	MUAraAudioSource	addr_proximity_backward
016b84b0	873	MUAraAudioSource	addr_proximity_backward
016b8970	873	MUAraAudioSource	addr_proximity_backward
016b8e20	705	MUAraAudioSource	addr_proximity_backward
016b9200	660	MUAraAudioSource	addr_proximity_backward
016b9550	996	MUAraAudioSource	addr_proximity_backward
016b9a60	516	MUAraAudioSource	addr_proximity_backward
016b9ed0	597	MUAraContentReader	original
016ba380	749	MUAraContentReader	original
016ba6a0	658	MUAraContentReader	addr_proximity_both
016ba9d0	696	MUAraContentReader	addr_proximity_both
016bace0	660	MUAraContentReader	addr_proximity_both
016baff0	1573	MUAraContentReader	addr_proximity_both
016bb8f0	667	MUAraContentReader	addr_proximity_both
016bbe20	660	MUAraContentReader	addr_proximity_both
016bc130	1795	MUAraContentReader	addr_proximity_both
016bcb60	711	MUAraContentReader	addr_proximity_both
016bd0f0	660	MUAraContentReader	addr_proximity_both
016bd400	1164	MUAraContentReader	addr_proximity_both
016be130	536	MUAraContentReader	original
016be890	568	MUAraContentReader	addr_proximity_backward
016c0400	933	MUAraContentReader	addr_proximity_backward
016c0b50	1026	MUAraContentReader	addr_proximity_backward
016c11a0	4191	MUAraContentReader	addr_proximity_backward
016c2780	1272	MUAraContentReader	addr_proximity_backward
016c3130	1225	MUAraContentReader	addr_proximity_backward
016c3770	3175	MUAraContentReader	addr_proximity_backward
016c4850	15112	MUAraContentReader	addr_proximity_backward
016c9ba0	1257	Unknown	original
016cb280	757	Unknown	original
016cbc90	1342	Unknown	original
016cc400	623	MUAraContentReader	call_graph_iter1
016cc730	1539	Unknown	original
016ccf50	1981	Unknown	original
016cdc10	2697	MDMetaWindowController	call_graph_iter2
016ce9f0	1177	GNString	call_graph_iter1
016cf050	812	Unknown	original
016cf400	2439	Unknown	original
016d0130	871	Unknown	original
016d0590	2744	Unknown	original
016d1460	810	Unknown	original
016d1840	1469	Unknown	original
016d20d0	722	Unknown	original
016d23e0	6484	GNString	call_graph_iter1
016d4110	845	GNString	call_graph_iter1
016d4550	2732	Unknown	original
016d53b0	747	GNString	call_graph_iter1
016d5920	556	Unknown	original
016d5ce0	956	Unknown	original
016d63b0	2202	GNString	call_graph_iter1
016d6df0	694	GNString	call_graph_iter1
016d72a0	571	Unknown	original
016d7580	1883	GNString	field_patterns
016d8330	1070	GNString	field_patterns
016d8ab0	1630	GNString	call_graph_iter2
016d9380	3768	GNString	call_graph_iter1
016da710	2376	GNString	call_graph_iter1
016db1f0	2293	Unknown	original
016dbc00	3506	GNString	field_patterns
016dcbf0	11235	GNString	field_patterns
016e0170	15910	GNString	field_patterns
016e4c80	989	GNString	call_graph_iter1
016e5250	14395	GNString	field_patterns
016e9760	1057	GNString	call_graph_iter1
016e9c70	1885	GNString	call_graph_iter1
016ea880	1193	GNString	field_patterns
016eaf10	2064	Unknown	original
016ec420	1358	Unknown	original
016ecb60	8953	GNString	field_patterns
016efaf0	673	GNString	call_graph_iter1
016effc0	3505	GNString	call_graph_iter1
016f1400	1266	Unknown	original
016f1a80	538	Unknown	original
016f1d60	2059	Unknown	original
016f28b0	792	Unknown	original
016f2c50	6815	Unknown	original
016f5440	591	Unknown	original
016f57b0	900	Unknown	original
016f5b80	4463	Unknown	original
016f7150	7725	GNString	field_patterns
016f9740	1790	Unknown	original
016fa090	2315	Unknown	original
016fafa0	1477	Unknown	original
016fb600	2397	Unknown	original
016fc1e0	4054	GNString	field_patterns
016fd730	1333	GNString	field_patterns
016fdd30	1376	GNString	call_graph_iter1
016fe3c0	1943	GNString	call_graph_iter1
016feca0	6821	Unknown	original
01700f60	576	Unknown	original
017011a0	1509	Unknown	original
01701ac0	1666	Unknown	original
017022b0	1758	Unknown	original
01702c00	888	Unknown	original
01703070	701	Unknown	original
017033e0	1338	Unknown	original
01703b00	1370	Unknown	original
01704310	798	Unknown	original
01704680	541	MUBeatSelection	addr_proximity_forward
01704aa0	696	MUBeatSelection	addr_proximity_both
01704df0	2918	MUBeatSelection	addr_proximity_both
01705e00	1340	MUBeatSelection	addr_proximity_both
01706530	516	MUBeatSelection	original
01706fd0	511	GNFraction	original
01707c30	1575	GNFraction	original
017098a0	1604	GNFraction	addr_proximity_backward
0170a890	943	GNList	original
0170adb0	1424	GNList	addr_proximity_backward
0170d020	611	Unknown	original
0170d420	5816	MUSpectrumShaper	field_patterns
0170f8b0	904	MUSpectrumShaper	call_graph_iter1
0170ff60	831	MUSpectrumShaper	call_graph_iter1
01710690	4502	Unknown	original
017120c0	4339	MUSpectrumShaper	field_patterns
01713d00	1431	Unknown	original
01715150	750	GNString	field_patterns
01715640	1292	GNString	field_patterns
01715d80	895	MUScalePitchSystem	addr_proximity_forward
017163f0	831	MUScalePitchSystem	addr_proximity_both
01716ee0	896	MUScalePitchSystem	addr_proximity_both
017178d0	2215	MUScalePitchSystem	original
017181f0	910	MUScalePitchSystem	addr_proximity_backward
017185b0	910	MUScalePitchSystem	addr_proximity_backward
01718c10	3159	MUScalePitchSystem	addr_proximity_backward
01719e30	982	MUScalePitchSystem	addr_proximity_backward
0171ab80	1886	MUScalePitchSystem	addr_proximity_backward
0171b9c0	585	MUScalePitchSystem	addr_proximity_backward
0171c180	620	GNString	original
0171c800	5337	GNString	addr_proximity_backward
0171e8d0	501	GNString	call_graph_iter1
0171ebf0	501	GNString	call_graph_iter1
0171f300	1135	Unknown	original
0171f810	1968	Unknown	original
01720550	1493	Unknown	original
01721000	15762	MUTool	call_graph_iter1
01727380	2012	GNString	addr_proximity_both
017281b0	936	GNString	addr_proximity_both
01728850	1231	GNString	addr_proximity_both
01729150	899	GNString	addr_proximity_both
017297a0	1225	GNString	addr_proximity_both
0172a090	501	GNString	addr_proximity_both
0172b460	548	GNString	addr_proximity_both
0172c390	1356	GNString	addr_proximity_both
0172cba0	1022	GNString	addr_proximity_both
0172d300	1374	GNString	addr_proximity_both
0172dda0	1944	GNString	addr_proximity_both
0172e790	1830	GNString	addr_proximity_both
0172f140	901	GNString	addr_proximity_both
0172f600	1609	GNString	addr_proximity_both
0172fd50	1413	GNString	addr_proximity_both
01730570	2334	GNString	addr_proximity_both
01731410	1514	GNString	addr_proximity_both
01733dd0	581	GNString	addr_proximity_both
01734a40	1226	GNString	original
017354e0	1251	GNString	addr_proximity_backward
01735d80	1675	GNString	addr_proximity_backward
01736840	636	GNString	addr_proximity_backward
01737a50	892	GNString	addr_proximity_backward
01738660	1137	GNString	addr_proximity_backward
0173a7a0	1526	Unknown	original
0173b120	1020	Unknown	original
0173b7c0	545	Unknown	original
0173bbf0	558	Unknown	original
0173be50	502	Unknown	original
0173c130	502	Unknown	original
0173c410	522	Unknown	original
0173c840	2366	Unknown	original
0173d440	2986	Unknown	original
0173e520	1365	Unknown	original
0173ef00	592	MUScalePitchSystem	call_graph_iter1
0173f250	833	Unknown	original
0173f680	862	Unknown	original
0173fdf0	954	GNString	field_patterns
017402f0	4696	Unknown	original
01741b90	539	GNString	field_patterns
01742740	826	Unknown	original
01742ce0	826	Unknown	original
017433e0	626	Unknown	original
017439c0	1886	Unknown	original
01744580	4243	Unknown	original
01745eb0	6022	Unknown	original
017484c0	4631	Unknown	original
017498a0	1271	Unknown	original
01749eb0	2540	Unknown	original
0174aa60	2117	Unknown	original
0174b330	2204	Unknown	original
0174be30	1944	Unknown	original
0174c730	2513	Unknown	original
0174d370	1484	Unknown	original
0174e250	6334	Unknown	original
01750710	942	Unknown	original
01750eb0	1418	MUScalePitchSystem	call_graph_iter1
017517b0	7971	Unknown	original
017548e0	1415	Unknown	original
017551c0	8144	Unknown	original
017583c0	877	Unknown	original
017588a0	1463	Unknown	original
01759030	2133	Unknown	original
01759b20	831	Unknown	original
01759fb0	9301	Unknown	original
0175d1d0	6878	MUSampledFunction	original
0175f5f0	537	Unknown	original
0175f840	14292	Unknown	original
01764090	2901	Unknown	original
01764ec0	2002	Unknown	original
017658e0	1558	Unknown	original
01766120	4598	Unknown	original
01767c10	1664	Unknown	original
01768510	1710	Unknown	original
01769110	2457	Unknown	original
0176a2f0	540	Unknown	original
0176a580	935	MUScalePitchSystem	call_graph_iter1
0176a9c0	6462	Unknown	original
0176cbc0	1181	MUScaleModeSequence	original
0176d660	1902	GNInt	original
0176ef50	831	GNInt	addr_proximity_backward
0176f970	717	GNInt	addr_proximity_backward
017703a0	500	GNInt	addr_proximity_backward
017712c0	553	GNInt	addr_proximity_backward
017715d0	716	GNInt	addr_proximity_backward
017718e0	785	GNInt	addr_proximity_backward
01771c60	538	GNInt	addr_proximity_backward
01771ef0	848	GNInt	addr_proximity_backward
017726c0	1604	GNInt	addr_proximity_backward
017737b0	1005	GNInt	addr_proximity_backward
01773fe0	551	GNInt	addr_proximity_backward
01774300	928	GNInt	addr_proximity_backward
01774880	613	GNInt	addr_proximity_backward
01774c90	523	GNInt	addr_proximity_backward
01774ef0	528	GNInt	addr_proximity_backward
017753d0	1184	GNInt	addr_proximity_backward
01775c40	995	GNInt	addr_proximity_backward
01776110	767	GNInt	addr_proximity_backward
017766f0	547	GNInt	addr_proximity_backward
017770f0	931	GNUni	original
017780f0	1036	GNUni	addr_proximity_backward
01778610	787	GNUni	addr_proximity_backward
01778a40	1068	GNUni	addr_proximity_backward
01778fe0	536	GNUni	addr_proximity_backward
017792c0	542	GNUni	addr_proximity_backward
017794e0	553	GNUni	addr_proximity_backward
01779830	509	GNUni	addr_proximity_backward
0177a010	1115	GNUni	addr_proximity_backward
0177a5f0	1450	GNUni	addr_proximity_backward
0177b180	830	GNUni	addr_proximity_backward
0177b750	830	GNUni	addr_proximity_backward
0177bd20	830	GNUni	addr_proximity_backward
0177c2f0	830	GNUni	addr_proximity_backward
0177c8c0	2190	GNUni	addr_proximity_backward
0177d950	551	GNUni	addr_proximity_backward
0177de30	551	GNUni	addr_proximity_backward
0177e1f0	554	GNUni	addr_proximity_backward
0177f010	2223	GNString	original
0177fdd0	515	GNString	addr_proximity_both
01780290	1337	GNString	addr_proximity_both
01780950	1701	GNString	addr_proximity_both
01782d20	2003	GNString	original
01783fa0	967	GNString	addr_proximity_backward
01784be0	613	MULoopComponentDensityDummyEnumRegistrationClass	original
01785110	613	MULoopComponentPitchRangeDummyEnumRegistrationClass	original
01785c90	527	MULoopComponentPitchRangeDummyEnumRegistrationClass	addr_proximity_backward
01786270	723	MUBarSignature	original
01786580	819	MUBarSignature	addr_proximity_backward
01786b30	1947	MUBarSignature	addr_proximity_backward
01787bb0	573	MUBarSignature	addr_proximity_backward
01787e50	1370	MUBarSignature	addr_proximity_backward
01788a10	938	MUBarSignature	addr_proximity_backward
017891f0	3801	MUBarSignature	addr_proximity_backward
0178a800	5681	MUBarSignature	addr_proximity_backward
0178c570	740	MUBarSignature	addr_proximity_backward
0178c910	12994	MUBarSignature	addr_proximity_backward
017906e0	929	Unknown	original
01790bd0	1094	Unknown	original
01791360	817	Unknown	original
017916d0	2630	Unknown	original
017921e0	4292	Unknown	original
017936d0	661	GNUni	addr_proximity_forward
017939b0	1542	GNUni	addr_proximity_both
01794120	651	GNUni	addr_proximity_both
017946a0	592	GNUni	addr_proximity_both
017955a0	823	GNUni	original
017964f0	1954	GNUni	original
017982d0	2099	MUChordRootAnalyzerEntry	original
0179b200	1002	Unknown	original
0179b9c0	11753	Unknown	original
017a0aa0	978	Unknown	original
017a5880	3520	GNString	original
017a7040	808	GNString	original
017a7800	659	GNString	addr_proximity_backward
017a7c70	3015	MUAudioFileSource	original
017a8f30	849	GNData	original
017aa1e0	524	GNData	addr_proximity_backward
017aa660	797	GNData	addr_proximity_backward
017ab350	18513	GNData	addr_proximity_backward
017b2910	1096	GNList	addr_proximity_forward
017b31f0	1036	GNList	addr_proximity_both
017b3920	17189	GNList	original
017ba210	10520	Unknown	original
017bf3c0	587	Unknown	original
017c0290	572	Unknown	original
017c0610	504	Unknown	original
017c3c30	502	GNFraction	addr_proximity_forward
017c4570	1641	GNFraction	addr_proximity_both
017c4e20	979	GNFraction	addr_proximity_both
017c5270	739	GNFraction	addr_proximity_both
017c56a0	638	GNFraction	original
017c68a0	16919	GNList	original
017cad90	514	GNString	original
017cb030	1020	GNString	original
017cb550	514	GNString	original
017cb7f0	514	GNString	original
017cc420	514	GNString	original
017cc6c0	758	GNString	addr_proximity_both
017ccf90	715	GNString	original
017cdb60	528	GNString	original
017cde30	528	GNString	original
017ce460	802	GNString	addr_proximity_both
017cee60	514	GNString	original
017cf100	514	GNString	original
017cf3a0	514	GNString	original
017cf650	789	GNString	addr_proximity_backward
017cfc50	548	GNString	addr_proximity_backward
017d0480	1173	GNList	original
017d0b30	687	GNList	addr_proximity_backward
017d13c0	537	GNList	addr_proximity_backward
017d1b50	570	GNList	addr_proximity_backward
017d1ec0	508	GNList	addr_proximity_backward
017d2720	514	GNString	original
017d29c0	1165	GNString	addr_proximity_both
017d3160	514	GNString	original
017d3860	724	GNString	addr_proximity_backward
017d4380	876	GNString	addr_proximity_backward
017d4800	1876	GNString	addr_proximity_backward
017d5470	647	GNString	addr_proximity_backward
017d58d0	597	GNString	addr_proximity_backward
017d5dc0	632	GNString	addr_proximity_backward
017d66e0	1312	GNUni	original
017d74c0	900	MULoopComponentId	original
017d79e0	571	MULoopComponentId	original
017d81c0	613	MULoopToneDummyEnumRegistrationClass	original
017d86f0	547	MULoopSwingResolutionIndexDummyEnumRegistrationClass	original
017db4e0	710	MUNoiseMapper	addr_proximity_forward
017dba20	1751	MUNoiseMapper	addr_proximity_both
017dcae0	650	MUNoiseMapper	original
017dce10	873	MUNoiseMapper	addr_proximity_backward
017dd2b0	616	MUNoiseMapper	addr_proximity_backward
017dd520	915	MUNoiseMapper	addr_proximity_backward
017dde70	2067	MUNoiseMapper	addr_proximity_backward
017df3a0	596	GNInt	original
017e0a10	674	GNInt	addr_proximity_backward
017e22f0	4758	GNInt	addr_proximity_backward
017e3fb0	569	GNInt	addr_proximity_backward
017e50e0	812	GNInt	addr_proximity_backward
017e6010	529	GNInt	addr_proximity_backward
017e6420	1471	GNInt	addr_proximity_backward
017e7190	613	GNInt	addr_proximity_backward
017e7400	1653	GNInt	addr_proximity_backward
017e82b0	786	GNInt	addr_proximity_backward
017e87c0	7158	GNInt	addr_proximity_backward
017eb5e0	1269	MUSpectrumShaper	original
017ebde0	2258	MUSpectrumShaper	addr_proximity_backward
017ecb00	1817	MUSpectrumShaper	addr_proximity_backward
017ed3c0	2534	MUSpectrumShaper	addr_proximity_backward
017ee2e0	11571	MUAudioSourcePrincipalItem	original
017f1c80	2550	GNString	field_patterns
017f2990	1010	MUSpectrumShaper	field_patterns
017f2dc0	509	Unknown	original
017f3030	2840	GNString	field_patterns
017f3ef0	650	GNData	addr_proximity_forward
017f4240	766	GNData	addr_proximity_both
017f4540	2077	GNData	addr_proximity_both
017f55a0	4704	GNData	original
017f7200	8250	GNData	original
017fa950	623	Unknown	original
017fada0	1952	Unknown	original
017fb9d0	5785	Unknown	original
017fda90	1161	Unknown	original
017fe120	978	Unknown	original
017fe550	518	Unknown	original
017fe760	1527	Unknown	original
017fee20	536	GNList	addr_proximity_forward
017ff040	1565	GNList	addr_proximity_both
017ffb20	1500	GNList	addr_proximity_both
018003e0	1141	GNList	addr_proximity_both
01800c00	5553	GNList	original
01802d60	2518	MUPitchMapper	addr_proximity_forward
01803d20	536	MUPitchMapper	original
01804160	635	MUPitchMapper	addr_proximity_both
018045a0	508	MUPitchMapper	addr_proximity_both
018048e0	1546	MUPitchMapper	addr_proximity_both
01805370	534	MUPitchMapper	addr_proximity_both
01805680	1854	MUPitchMapper	addr_proximity_both
018060a0	793	MUPitchMapper	addr_proximity_both
018064c0	775	MUPitchMapper	addr_proximity_both
018068b0	703	MUPitchMapper	addr_proximity_both
01806b70	16823	MUPitchMapper	addr_proximity_both
0180d2e0	3748	MUPitchMapper	original
0180ff60	927	MUPitchMapper	original
01810ba0	1139	MUPitchMapper	original
01813900	674	MUPitchMapper	original
01813bd0	538	MUPitchMapper	original
01814c10	1228	MUPitchMapper	addr_proximity_backward
01815fa0	584	MUPitchMapper	addr_proximity_backward
018165c0	1547	MUPitchMapper	addr_proximity_backward
01816ee0	6624	MUPitchMapper	addr_proximity_backward
01819c10	974	Unknown	original
0181a1a0	10729	Unknown	original
0181e090	528	GNString	original
0181e2d0	714	GNString	addr_proximity_backward
0181f210	2938	GNList	original
0181fe10	928	GNList	addr_proximity_backward
01820ea0	661	GNList	addr_proximity_backward
01823e80	2082	Unknown	original
01825ca0	3824	Unknown	original
01827040	6207	Unknown	original
018292b0	5277	Unknown	original
0182afb0	7862	Unknown	original
0182d7c0	7544	Unknown	original
0182fa50	3873	Unknown	original
01830de0	1028	Unknown	original
018312d0	3567	Unknown	original
018326c0	1605	Unknown	original
01832fb0	7077	Unknown	original
018353d0	2463	Unknown	original
01835ec0	694	Unknown	original
01836220	6198	Unknown	original
01838020	9934	Unknown	original
0183b3e0	4818	Unknown	original
0183ce70	2446	Unknown	original
0183d890	817	Unknown	original
0183dda0	14667	Unknown	original
018431f0	14689	Resynthesis	original
0184ac30	533	MUScaleRegion	original
0184af70	526	MUScaleRegion	addr_proximity_backward
0184b210	19999	MUScaleRegion	addr_proximity_backward
018516f0	19056	Unknown	original
01857980	1823	Unknown	original
01858310	1426	Unknown	original
01858af0	520	Unknown	original
01858fc0	1581	Unknown	original
018598b0	6789	Unknown	original
0185cc90	2416	Unknown	original
0185db20	709	GNString	field_patterns
0185df90	1827	Unknown	original
0185e700	1067	Unknown	original
0185ebf0	1220	Unknown	original
0185f120	2127	Unknown	original
0185fab0	7539	Unknown	original
01862050	10095	Unknown	original
018653b0	712	Unknown	original
01865730	3762	Unknown	original
01866e10	2606	Unknown	original
01867a80	7234	GNString	field_patterns
0186a3a0	4988	Unknown	original
0186be40	596	Unknown	original
0186c0d0	18176	Unknown	original
018721a0	1354	Unknown	original
018728b0	2827	Unknown	original
01873700	978	Unknown	original
01873dc0	2346	Unknown	original
01874d20	1405	Unknown	original
018753f0	4418	MUSpectrumShaper	field_patterns
01876c50	931	Unknown	original
01877200	6948	Unknown	original
01878fb0	549	Unknown	original
01879680	7188	Unknown	original
0187bc30	2676	MUCandidateScale	addr_proximity_forward
0187cd90	898	MUCandidateScale	original
0187d700	2867	MUChordHarmonyNote	original
01880930	1846	MUScaleRegion	original
01883ac0	1493	GNList	original
01884ba0	504	GNList	addr_proximity_both
018852b0	1332	GNList	original
01885a40	739	GNList	addr_proximity_backward
01886fe0	3282	MUAlignmentAnchor	original
0188aa70	1333	MUAlignmentAnchorOffset	original
0188b880	740	MUAlignmentAssignment	original
0188cd90	743	GNString	original
0188ea80	997	GNString	addr_proximity_both
0188f2b0	567	GNString	addr_proximity_both
0188fab0	709	GNString	addr_proximity_both
01890220	1357	GNString	original
01890a90	1690	GNString	addr_proximity_both
01891b80	1419	GNString	original
01892140	630	GNString	original
01892450	760	GNString	addr_proximity_both
01892930	2564	GNString	original
01893ad0	514	GNString	original
01893e60	703	GNString	addr_proximity_backward
018943d0	752	GNString	addr_proximity_backward
01895270	55091	GNString	addr_proximity_backward
018ac3f0	546	MUTestViewController	addr_proximity_forward
018acf50	674	MUTestViewController	addr_proximity_both
018ad410	694	MUTestViewController	original
018b6570	2201	MUTestValue	original
018b8a80	551	GNHeartbeatHandler	original
018b9bc0	814	GNString	original
018b9f90	687	GNString	addr_proximity_backward
018ba360	1454	GNString	addr_proximity_backward
018bac20	660	GNString	addr_proximity_backward
018bb840	1177	GNString	addr_proximity_backward
018bc9c0	591	GNValue	original
018bd190	1451	GNList	original
018bf220	502	GNString	addr_proximity_forward
018bf930	695	GNString	addr_proximity_both
018c0160	3401	GNString	original
018c1400	866	MUTagOptionAttribute	original
018c18e0	884	MUTagOptionAttribute	original
018c1dd0	641	MUTagOptionAttribute	original
018c2150	741	MUTagOptionAttribute	addr_proximity_backward
018c28f0	854	MUTagOptionAttribute	addr_proximity_backward
018c3af0	2685	GNList	original
018c47c0	1232	GNList	addr_proximity_backward
018c5590	791	GNList	addr_proximity_backward
018c64d0	554	GNList	addr_proximity_backward
018c77c0	782	GNList	addr_proximity_backward
018c8ac0	21900	GNList	addr_proximity_backward
018d36c0	9159	Unknown	original
018d7dd0	878	Unknown	original
018d88f0	2669	Unknown	original
018d9740	678	Unknown	original
018d9a10	1140	Unknown	original
018da2a0	625	Unknown	original
018da8c0	1390	Unknown	original
018daf60	3485	Unknown	original
018dc310	3045	Unknown	original
018dd490	4067	Unknown	original
018df0d0	3556	Unknown	original
018e0500	3141	Unknown	original
018e21b0	4101	Unknown	original
018e4230	1327	MUCTCandidateChord	addr_proximity_forward
018e4ec0	973	MUCTCandidateChord	original
018ec500	619	GNString	addr_proximity_forward
018ec910	6499	GNString	original
018eec90	1895	Unknown	original
018efa70	1753	Unknown	original
018f0ec0	22296	Unknown	original
018f8b40	1527	Unknown	original
018f9710	7693	Unknown	original
018fc1e0	1174	MUBeatSelection	call_graph_iter1
018fc680	1161	Unknown	original
018fcb10	1432	GNString	call_graph_iter1
018fd0c0	1386	Unknown	original
018fd630	1112	GNString	call_graph_iter1
018fdaf0	769	Unknown	original
018fde50	1399	GNString	call_graph_iter1
018fe5f0	1170	Unknown	original
018feab0	1199	Unknown	original
018fef80	1287	Unknown	original
018ff490	1247	Unknown	original
018ff980	1195	GNString	call_graph_iter1
018ffe60	1364	Unknown	original
019003c0	802	Unknown	original
01900710	946	Unknown	original
01900ad0	979	GNString	call_graph_iter1
01900ec0	981	GNString	call_graph_iter2
019013d0	525	Unknown	original
01901690	1450	GNString	call_graph_iter1
01902110	1394	Unknown	original
01902690	976	Unknown	original
01902aa0	1639	Unknown	original
01903160	1508	Unknown	original
019037a0	1350	Unknown	original
019040e0	3484	Unknown	original
01905110	2744	Unknown	original
01905f40	2866	Unknown	original
01906d80	1341	Unknown	original
01907d60	1149	Unknown	original
01908480	3758	Unknown	original
0190a380	2672	GNString	field_patterns
0190c1a0	646	GNString	addr_proximity_forward
0190c5e0	1408	GNString	addr_proximity_both
0190cc30	654	GNString	addr_proximity_both
0190d540	1065	GNString	original
0190d9a0	582	GNString	addr_proximity_backward
0190dc80	1194	GNString	addr_proximity_backward
0190e330	1924	GNString	addr_proximity_backward
0190f240	621	GNString	addr_proximity_backward
0190f4e0	1524	GNString	addr_proximity_backward
01910500	842	GNList	original
01911530	1126	GNList	addr_proximity_backward
01911c40	949	GNList	addr_proximity_backward
01912630	825	GNList	addr_proximity_backward
01912fe0	997	GNList	addr_proximity_backward
01913980	575	GNList	addr_proximity_backward
019140a0	737	GNList	addr_proximity_backward
019149d0	2325	GNList	addr_proximity_backward
01915bf0	743	GNUni	original
019164b0	965	GNUni	addr_proximity_backward
019169f0	1081	GNUni	addr_proximity_backward
01917050	681	GNUni	addr_proximity_backward
01917980	2140	GNUni	addr_proximity_backward
019184e0	617	GNUni	addr_proximity_backward
01918bd0	511	GNUni	addr_proximity_backward
01918f80	508	GNUni	addr_proximity_backward
01919330	1018	GNUni	addr_proximity_backward
01919a00	1018	GNUni	addr_proximity_backward
0191a7d0	1037	GNUni	addr_proximity_backward
0191af90	928	GNString	original
0191b980	3165	GNString	addr_proximity_backward
0191ce40	810	GNString	addr_proximity_backward
0191dac0	3513	GNString	addr_proximity_backward
0191ec80	7368	GNString	addr_proximity_backward
01921620	2359	Unknown	original
01922920	787	Unknown	original
01922e30	2696	MUDetectionEditorView	addr_proximity_forward
019246c0	505	MUDetectionEditorView	addr_proximity_both
01924a10	8862	MUDetectionEditorView	original
01927ba0	1023	MUDetectionEditorView	original
019280d0	654	MUDetectionEditorView	original
01928f30	509	MUDetectionEditorView	addr_proximity_both
01929220	1028	MUDetectionEditorView	addr_proximity_both
019298b0	997	MUDetectionEditorView	addr_proximity_both
0192a150	888	MUDetectionEditorView	addr_proximity_both
0192b000	1495	MUDetectionEditorView	addr_proximity_both
0192bba0	557	MUDetectionEditorView	addr_proximity_both
0192bf20	552	MUDetectionEditorView	addr_proximity_both
0192c7a0	514	MUDetectionEditorView	addr_proximity_both
0192cfb0	1479	MUDetectionEditorView	addr_proximity_both
0192dad0	1023	MUDetectionEditorView	original
0192e160	505	MUDetectionEditorView	addr_proximity_both
0192e4a0	894	MUDetectionEditorView	original
0192ed00	2068	MUDetectionEditorView	addr_proximity_both
0192fde0	1467	MUDetectionEditorView	original
019303c0	1453	MUDetectionEditorView	addr_proximity_backward
01931100	6302	GNEvent	original
01933c70	3382	Unknown	original
01935e40	1068	Unknown	original
019365c0	2753	MUEditorSubview	field_patterns
01937560	2537	MDMetaWindowController	field_patterns
019383e0	2199	MUSpectrumShaper	field_patterns
01939340	2955	Unknown	original
0193a890	4538	GNDictionary	field_patterns
0193c7d0	1612	Unknown	original
0193d2c0	873	Unknown	original
0193d7c0	916	Unknown	original
0193ded0	997	MUScalePitchSystem	field_patterns
0193e5c0	980	MUEditorElementView	field_patterns
0193ebc0	1812	Unknown	original
0193f9b0	947	Unknown	original
01940080	1457	MUDetectionEditorView	field_patterns
01940d70	576	Unknown	original
019412f0	529	Unknown	original
01941660	968	Unknown	original
01941d40	560	Unknown	original
01942050	968	Unknown	original
01942ac0	4953	Unknown	original
019446a0	769	Unknown	original
01944cb0	510	Unknown	original
01944f30	590	Unknown	original
019452a0	3282	Unknown	original
01946850	502	Unknown	original
01946d20	1646	Unknown	original
01947890	1667	QualityScoring	addr_proximity_forward
01948420	986	QualityScoring	addr_proximity_both
01948a20	807	QualityScoring	addr_proximity_both
01948fc0	4884	QualityScoring	original
0194b390	4927	Unknown	original
0194d210	718	Unknown	original
0194d580	1423	Unknown	original
0194e320	1754	Unknown	original
0194ed20	2813	Unknown	original
01950040	1674	Unknown	original
01950bb0	792	Unknown	original
01951010	2373	Unknown	original
01951ef0	2846	MULSSGenerator	addr_proximity_forward
01953330	1247	MULSSGenerator	addr_proximity_both
01953cb0	1082	MULSSGenerator	original
01954240	968	MULSSGenerator	addr_proximity_backward
019562f0	1019	GNString	field_patterns
01956aa0	1013	Unknown	original
01956f50	3576	MUDetectionEditorView	addr_proximity_forward
01958cf0	894	MUDetectionEditorView	original
01959300	2256	MUDetectionEditorView	addr_proximity_backward
0195a3e0	2131	MUDetectionEditorView	addr_proximity_backward
0195b5f0	996	MUDetectionEditorView	addr_proximity_backward
0195bb80	705	MUDetectionEditorView	addr_proximity_backward
0195bf50	812	MUDetectionEditorView	addr_proximity_backward
0195c420	834	MUDetectionEditorView	addr_proximity_backward
0195cb20	10769	MUAudioSourcePrincipalItem	original
01960580	9438	MUAudioSourcePrincipalItem	original
01964590	813	MUSampledFunction	call_graph_iter1
01964b30	2001	GNInt	field_patterns
01965590	1030	MUSpectrumShaper	field_patterns
01965aa0	1413	Unknown	original
01966600	5893	GNString	field_patterns
019694b0	629	Unknown	original
019698a0	629	Unknown	original
01969e40	672	MUSampledFunction	call_graph_iter1
0196a1c0	682	Unknown	original
0196a550	2648	Unknown	original
0196b4b0	882	Unknown	original
0196b9b0	1359	Unknown	original
0196c5e0	2955	MUSampledFunction	addr_proximity_forward
0196d600	934	MUSampledFunction	addr_proximity_both
0196da90	1316	MUSampledFunction	original
0196e070	5450	MUSampledFunction	addr_proximity_backward
01970060	3415	MUSampledFunction	addr_proximity_backward
01971280	2029	MUSampledFunction	addr_proximity_backward
01971ef0	3145	MUSampledFunction	addr_proximity_backward
01973150	7673	MUSampledFunction	addr_proximity_backward
01975d60	1437	Unknown	original
01977a00	1452	Unknown	original
019781b0	705	GNString	field_patterns
01978660	2450	GNString	field_patterns
01979450	1083	Unknown	original
01979d80	790	Unknown	original
0197a540	2938	GNScrollView	field_patterns
0197d460	1032	MUSpectrumShaper	original
0197dfb0	1147	MUSpectrumShaper	addr_proximity_backward
0197e990	793	MUSpectrumShaper	addr_proximity_backward
0197ef60	703	MUSpectrumShaper	addr_proximity_backward
0197f820	1686	MUSpectrumShaper	addr_proximity_backward
019801c0	875	MUSpectrumShaper	addr_proximity_backward
019806e0	2921	MUSpectrumShaper	addr_proximity_backward
01981860	2072	MUSpectrumShaper	addr_proximity_backward
01982510	1698	MUSpectrumShaper	addr_proximity_backward
01982df0	2296	MUSpectrumShaper	addr_proximity_backward
01983fb0	705	MUSpectrumShaper	addr_proximity_backward
01984820	1438	MUSpectrumShaper	addr_proximity_backward
01984dd0	12250	MUSpectrumShaper	addr_proximity_backward
0198a0a0	588	GNTableView	field_patterns
0198aca0	13399	Unknown	original
0198e770	3751	Unknown	original
0198ffd0	550	GNString	field_patterns
01990930	1251	GNList	field_patterns
01991270	1764	Unknown	original
01991d40	1946	MDMetaWindowController	field_patterns
019928f0	2716	MUScalePitchSystem	addr_proximity_forward
019939d0	1508	MUScalePitchSystem	addr_proximity_both
01994460	8836	MUScalePitchSystem	original
019973f0	1608	MUScalePitchSystem	original
01997db0	2255	MUScalePitchSystem	addr_proximity_backward
01998b60	814	MUScalePitchSystem	addr_proximity_backward
01999380	2811	MUScalePitchSystem	addr_proximity_backward
0199ab50	1384	MUScalePitchSystem	addr_proximity_backward
0199b3a0	1793	MUScalePitchSystem	addr_proximity_backward
0199c1c0	5772	MUScalePitchSystem	addr_proximity_backward
0199e390	1394	GNToolBoxTool	addr_proximity_forward
0199ee70	1038	GNToolBoxTool	original
0199f480	5781	GNToolBoxTool	addr_proximity_backward
019a1c30	5172	Unknown	original
019a40d0	1170	MUEditorSubview	addr_proximity_forward
019a4cd0	995	MUEditorSubview	original
019a5880	739	MUEditorSubview	original
019a5c40	884	MUEditorSubview	original
019a6410	654	MUEditorElementView	original
019a68b0	819	MUEditorSubview	original
019a6f50	657	MUEditorSubview	addr_proximity_both
019a72b0	543	MUEditorSubview	addr_proximity_both
019a7590	638	MUEditorSubview	addr_proximity_both
019a7930	714	MUEditorSubview	original
019a7d70	1072	MUEditorReferenceElementView	original
019a8300	1072	MUEditorElementView	original
019a9050	813	MUEditorElementView	addr_proximity_backward
019a9940	708	MUEditorElementView	addr_proximity_backward
019a9c40	838	MUEditorElementView	addr_proximity_backward
019aa080	1235	MUEditorElementView	addr_proximity_backward
019aa7b0	949	MUEditorElementView	addr_proximity_backward
019aae50	827	MUEditorElementView	addr_proximity_backward
019ab310	779	MUEditorElementView	addr_proximity_backward
019ab7b0	1196	MUEditorElementView	addr_proximity_backward
019ac7b0	1111	MUEditorElementView	addr_proximity_backward
019ad3e0	633	MUEditorSubview	original
019ad9b0	1065	MUEditorSubview	addr_proximity_backward
019ae080	562	MUEditorSubview	addr_proximity_backward
019ae3f0	1268	MUEditorSubview	addr_proximity_backward
019aeb20	592	MUEditorSubview	addr_proximity_backward
019af4c0	12355	MUEditorSubview	addr_proximity_backward
019b4ae0	2648	GNList	field_patterns
019b61e0	2712	MUScalePitchSystem	addr_proximity_forward
019b7240	1327	MUScalePitchSystem	addr_proximity_both
019b7a60	1826	MUScalePitchSystem	original
019b8500	840	MUScalePitchSystem	addr_proximity_backward
019b9500	1002	MUScalePitchSystem	addr_proximity_backward
019ba840	1713	MUScalePitchSystem	addr_proximity_backward
019bb770	3782	MUEditorElementView	original
019bccc0	1093	MUEditorElementView	addr_proximity_backward
019bd990	677	MUEditorElementView	addr_proximity_backward
019be1d0	531	MUEditorElementView	addr_proximity_backward
019be470	506	MUEditorElementView	addr_proximity_backward
019be690	1594	MUEditorElementView	addr_proximity_backward
019bf190	588	MUEditorElementView	addr_proximity_backward
019bf590	1166	MUEditorElementView	addr_proximity_backward
019c0170	1423	MUEditorElementView	addr_proximity_backward
019c10c0	581	MUEditorElementView	addr_proximity_backward
019c13c0	558	MUEditorElementView	addr_proximity_backward
019c1c00	531	MUEditorElementView	addr_proximity_backward
019c2380	990	MUEditorElementView	addr_proximity_backward
019c29e0	1405	MUEditorElementView	addr_proximity_backward
019c3480	713	MUEditorElementView	addr_proximity_backward
019c3840	3717	MUEditorElementView	addr_proximity_backward
019c5150	1690	MUEditorElementView	addr_proximity_backward
019c5bf0	1625	MUEditorElementView	addr_proximity_backward
019c6750	881	MUEditorElementView	addr_proximity_backward
019c6d40	944	MUEditorElementView	addr_proximity_backward
019c76d0	699	MUEditorElementView	addr_proximity_backward
019c7c20	699	MUEditorElementView	addr_proximity_backward
019c83e0	549	MUEditorElementView	addr_proximity_backward
019c86b0	699	MUEditorElementView	addr_proximity_backward
019c8d20	1894	MUEditorElementView	addr_proximity_backward
019ca970	1064	MUEditorElementView	addr_proximity_backward
019cafa0	1110	MUEditorElementView	addr_proximity_backward
019cb6b0	2629	MUEditorElementView	addr_proximity_backward
019cc590	2139	MUEditorElementView	addr_proximity_backward
019cd110	2069	MUEditorElementView	addr_proximity_backward
019cddf0	2428	MUScalePitchSystem	original
019ceb00	1599	MUScalePitchSystem	addr_proximity_both
019cf5e0	1072	MUScalePitchSystem	addr_proximity_both
019d05b0	6243	MUScalePitchSystem	addr_proximity_both
019d3530	1157	MUScalePitchSystem	addr_proximity_both
019d4170	782	MUScalePitchSystem	addr_proximity_both
019d51d0	5390	MUScalePitchSystem	original
019d6f50	7495	GNList	original
019d9ab0	1413	Unknown	original
019da0f0	570	GNMultipleValue	field_patterns
019da460	929	Unknown	original
019db340	532	Unknown	original
019db8b0	651	Unknown	original
019dbc20	1250	Unknown	original
019dc8d0	744	Unknown	original
019dd050	543	Unknown	original
019ddc90	1256	Unknown	original
019de330	1256	Unknown	original
019defb0	2363	Unknown	original
019e0e60	1120	MUScalePitchSystem	field_patterns
019e16b0	1120	MUScalePitchSystem	field_patterns
019e1dd0	667	MUScalePitchSystem	field_patterns
019e21f0	667	MUScalePitchSystem	field_patterns
019e2fd0	1379	Unknown	original
019e3680	2768	Unknown	original
019e45d0	1893	Unknown	original
019e4f60	1754	Unknown	original
019e5860	1912	Unknown	original
019e6300	1916	Unknown	original
019e6f90	601	GNList	field_patterns
019e75f0	505	MULSSComponentRenderer	field_patterns
019e7900	645	GNInt	field_patterns
019e80a0	832	Unknown	original
019e84b0	511	MUScaleRulerView	field_patterns
019e8870	1098	GNDictionary	addr_proximity_forward
019e90e0	1575	GNDictionary	addr_proximity_both
019e9aa0	2343	GNDictionary	addr_proximity_both
019ea7c0	1659	GNDictionary	original
019eafe0	1595	GNDictionary	addr_proximity_both
019ebb20	672	GNDictionary	original
019ec4c0	507	GNDictionary	addr_proximity_backward
019eca30	7250	GNDictionary	addr_proximity_backward
019ef560	1612	MUPitchSystemRulerView	addr_proximity_forward
019f0970	669	MUPitchSystemRulerView	original
019f1280	1318	MUPitchSystemRulerView	addr_proximity_backward
019f1a30	2376	MUPitchSystemRulerView	addr_proximity_backward
019f2910	537	MUPitchSystemRulerView	addr_proximity_backward
019f2c90	1874	MUPitchSystemRulerView	addr_proximity_backward
019f3af0	936	MUPitchSystemRulerView	addr_proximity_backward
019f4110	1224	MUPitchSystemRulerView	addr_proximity_backward
019f48d0	3816	MUPitchSystemRulerView	addr_proximity_backward
019f5e40	803	MUAudioSourceAttackItem	original
019f61e0	778	MUAudioSourceAttackItem	original
019f65a0	3099	MUScalePitchSystem	original
019f81d0	753	MUScalePitchSystem	addr_proximity_backward
019f8880	717	MUScalePitchSystem	addr_proximity_backward
019f8cb0	717	MUScalePitchSystem	addr_proximity_backward
019f90e0	753	MUScalePitchSystem	addr_proximity_backward
019f95e0	5442	MUScalePitchSystem	addr_proximity_backward
019fb4c0	1578	MUScalePitchSystem	addr_proximity_backward
019fbe00	783	MUScalePitchSystem	addr_proximity_backward
019fc330	1463	MUScalePitchSystem	addr_proximity_backward
019fcdf0	2536	MUScalePitchSystem	addr_proximity_backward
019fec60	1229	GNPropertyObserver	original
01a041f0	573	Unknown	original
01a045b0	841	Unknown	original
01a04b90	831	Unknown	original
01a05b50	606	Unknown	original
01a06000	668	Unknown	original
01a063e0	668	Unknown	original
01a06c90	2087	Unknown	original
01a082c0	1964	Unknown	original
01a08e50	906	Unknown	original
01a09a50	730	Unknown	original
01a0a1c0	1690	Unknown	original
01a0ac00	636	Unknown	original
01a0b320	2476	Unknown	original
01a0c2f0	1072	Unknown	original
01a0c9f0	1072	Unknown	original
01a0d330	2074	Unknown	original
01a0e240	2525	Unknown	original
01a0f430	2297	GNMultipleValue	field_patterns
01a0fff0	2575	GNMultipleValue	field_patterns
01a10ee0	3479	MUHorizontalOverviewScroller	field_patterns
01a12270	644	MUAudioSourcePrincipalItem	addr_proximity_forward
01a13090	667	MUAudioSourcePrincipalItem	addr_proximity_both
01a13460	682	MUAudioSourcePrincipalItem	addr_proximity_both
01a13aa0	505	MUAudioSourcePrincipalItem	addr_proximity_both
01a13ed0	3011	MUAudioSourcePrincipalItem	original
01a152a0	544	MUDetectionPitchIndexAssignmentInspector	original
01a155b0	505	MUDetectionPitchIndexAssignmentInspector	addr_proximity_backward
01a159f0	1292	MUDetectionPitchIndexAssignmentInspector	addr_proximity_backward
01a161a0	1572	MUDetectionPitchIndexAssignmentInspector	addr_proximity_backward
01a18a00	527	Unknown	original
01a18fb0	708	GNValue	field_patterns
01a19a70	505	Unknown	original
01a19df0	801	Unknown	original
01a1a220	1088	Unknown	original
01a1abc0	505	Unknown	original
01a1af40	554	Unknown	original
01a1b340	1654	Unknown	original
01a1bc70	854	Unknown	original
01a1c270	854	Unknown	original
01a1cd40	1206	MUScalePitchSystem	addr_proximity_forward
01a1dd20	534	MUScalePitchSystem	addr_proximity_both
01a1e050	534	MUScalePitchSystem	addr_proximity_both
01a1e380	534	MUScalePitchSystem	addr_proximity_both
01a1e750	5981	MUScalePitchSystem	original
01a20c30	520	MUScalePitchSystem	addr_proximity_both
01a20ee0	1869	MUScalePitchSystem	addr_proximity_both
01a21920	781	MUScalePitchSystem	addr_proximity_both
01a22d80	3667	MUScalePitchSystem	addr_proximity_both
01a24830	1605	MUScalePitchSystem	addr_proximity_both
01a25050	546	MUScalePitchSystem	addr_proximity_both
01a255c0	681	MUScalePitchSystem	addr_proximity_both
01a25ee0	629	MUScalePitchSystem	addr_proximity_both
01a26560	9578	MUScalePitchSystem	original
01a296f0	924	MUScalePitchSystem	addr_proximity_both
01a29bc0	4474	MUScalePitchSystem	original
01a2b2e0	8137	MUPercussivePitchSystem	original
01a2db70	2493	MUScalePitchSystem	original
01a2e7e0	3318	MUScalePitchSystem	addr_proximity_backward
01a2fbc0	1206	MUScalePitchSystem	addr_proximity_backward
01a30260	1727	MUScalePitchSystem	addr_proximity_backward
01a30e70	1727	MUScalePitchSystem	addr_proximity_backward
01a31a80	807	MUScalePitchSystem	addr_proximity_backward
01a32100	2195	MUScalePitchSystem	addr_proximity_backward
01a33500	522	MUScalePitchSystem	addr_proximity_backward
01a33850	1673	MUScalePitchSystem	addr_proximity_backward
01a35080	2370	MUScalePitchSystem	addr_proximity_backward
01a362b0	554	MUScalePitchSystem	addr_proximity_backward
01a36510	566	MUScalePitchSystem	addr_proximity_backward
01a368e0	1054	MUScalePitchSystem	addr_proximity_backward
01a36f10	1537	MUScalePitchSystem	addr_proximity_backward
01a37880	1443	MUScalePitchSystem	addr_proximity_backward
01a38090	886	MUScalePitchSystem	addr_proximity_backward
01a385a0	1240	MUScalePitchSystem	addr_proximity_backward
01a38d30	9880	MUScalePitchSystem	addr_proximity_backward
01a3c760	1065	Unknown	original
01a3ce90	1209	Unknown	original
01a3d730	1518	Unknown	original
01a3e760	1245	Unknown	original
01a40570	562	Unknown	original
01a407b0	505	Unknown	original
01a40b30	873	Unknown	original
01a41040	2971	Unknown	original
01a42180	2617	MUScalePitchSystem	field_patterns
01a43090	4916	Unknown	original
01a451e0	1216	Unknown	original
01a45aa0	2134	Unknown	original
01a46820	2025	Unknown	original
01a47310	2090	Unknown	original
01a47e50	2650	Unknown	original
01a48e20	996	Unknown	original
01a495b0	4909	Unknown	original
01a4b680	9338	Unknown	original
01a4efc0	513	Unknown	original
01a4f320	5975	Unknown	original
01a51f80	719	Unknown	original
01a523c0	518	Unknown	original
01a52960	8248	Unknown	original
01a55ef0	1497	Unknown	original
01a568a0	1497	Unknown	original
01a572d0	1880	Unknown	original
01a58ff0	648	Unknown	original
01a59400	528	Unknown	original
01a597e0	507	MUTool	addr_proximity_forward
01a59d50	781	MUTool	addr_proximity_both
01a5a220	2990	MUTool	addr_proximity_both
01a5b5e0	2371	MUTool	original
01a5c3e0	545	MUTool	addr_proximity_both
01a5cd20	562	MUTool	original
01a5d400	561	MUTool	addr_proximity_backward
01a5dca0	505	MUTool	addr_proximity_backward
01a5e160	2679	MUTool	addr_proximity_backward
01a5f2f0	1878	MUTool	addr_proximity_backward
01a5ffc0	1758	MUTool	addr_proximity_backward
01a608f0	1758	MUTool	addr_proximity_backward
01a61310	602	MUTool	addr_proximity_backward
01a61e30	1147	MUTool	addr_proximity_backward
01a62610	1104	MUTool	addr_proximity_backward
01a62e90	2351	MUTool	addr_proximity_backward
01a639d0	1344	MUTool	addr_proximity_backward
01a64570	505	MUTool	addr_proximity_backward
01a648b0	1450	MUTool	addr_proximity_backward
01a65460	2139	MUTool	addr_proximity_backward
01a65cf0	1221	MUTool	addr_proximity_backward
01a66610	696	MUTool	addr_proximity_backward
01a66aa0	592	MUTool	addr_proximity_backward
01a67240	557	MUTool	addr_proximity_backward
01a675b0	812	MUTool	addr_proximity_backward
01a67a50	2277	MUTool	addr_proximity_backward
01a68ad0	7627	MUTool	addr_proximity_backward
01a6c2e0	1541	MUChord	addr_proximity_forward
01a6cf00	2239	MUChord	original
01a6e330	970	MUChord	addr_proximity_backward
01a6e960	1609	GNValue	original
01a6f360	2162	GNValue	original
01a70580	987	GNValue	addr_proximity_backward
01a70ac0	2501	GNValue	addr_proximity_backward
01a71c20	922	GNValue	addr_proximity_backward
01a72180	1406	GNValue	addr_proximity_backward
01a72920	2771	GNValue	addr_proximity_backward
01a735b0	647	MUChord	original
01a73920	647	MUChord	original
01a75080	1427	MUChord	addr_proximity_backward
01a759a0	1227	MUChord	addr_proximity_backward
01a763e0	1799	MUChord	addr_proximity_backward
01a771f0	523	MUTimeHandleToolViewInfo	original
01a77500	568	MUTimeHandleToolViewInfo	addr_proximity_backward
01a779a0	652	MUTimeHandleToolViewInfo	addr_proximity_backward
01a77f70	1802	MUTimeHandleToolViewInfo	addr_proximity_backward
01a78ad0	7003	MUTimeHandleToolViewInfo	addr_proximity_backward
01a7b3d0	1400	Unknown	original
01a7bc70	695	Unknown	original
01a7c220	2214	Unknown	original
01a7cd20	679	Unknown	original
01a7d1d0	997	Unknown	original
01a7d860	2843	Unknown	original
01a7e770	2605	Unknown	original
01a7fb40	790	Unknown	original
01a80070	722	Unknown	original
01a81d00	956	Unknown	original
01a82400	908	Unknown	original
01a82870	832	Unknown	original
01a82d70	2784	Unknown	original
01a83c00	832	Unknown	original
01a84ac0	2282	Unknown	original
01a85710	3211	Unknown	original
01a86870	2220	Unknown	original
01a87460	1169	Unknown	original
01a884d0	1847	GNValue	addr_proximity_forward
01a89190	628	GNValue	addr_proximity_both
01a89570	841	GNValue	addr_proximity_both
01a89b50	831	GNValue	addr_proximity_both
01a8a330	657	GNValue	original
01a8a710	2175	GNList	original
01a8bff0	625	GNList	addr_proximity_backward
01a8c340	1621	GNList	addr_proximity_backward
01a8cc40	6835	GNList	addr_proximity_backward
01a8f2a0	2053	GNString	field_patterns
01a8ff70	1093	Unknown	original
01a90710	1066	Unknown	original
01a90f20	965	Unknown	original
01a92930	1249	MUAudioSourceSeparationPrefCtrl	addr_proximity_forward
01a93060	1276	MUAudioSourceSeparationPrefCtrl	addr_proximity_both
01a93e70	685	MUAudioSourceSeparationPrefCtrl	original
01a94560	1487	MUAudioSourceSeparationPrefCtrl	addr_proximity_backward
01a95160	1591	GNString	original
01a95f40	505	GNString	addr_proximity_backward
01a96550	1743	GNString	addr_proximity_backward
01a96f20	741	GNString	addr_proximity_backward
01a973c0	1748	GNString	addr_proximity_backward
01a98270	2504	GNString	addr_proximity_backward
01a99670	794	GNString	addr_proximity_backward
01a9a5c0	1256	GNString	addr_proximity_backward
01a9b030	6458	GNString	addr_proximity_backward
01a9d1d0	546	Unknown	original
01a9dab0	549	Unknown	original
01a9f730	1922	Unknown	original
01aa0420	1245	MURelativeTimeProgressor	addr_proximity_forward
01aa1760	509	MURelativeTimeProgressor	original
01aa1bf0	914	MURelativeTimeProgressor	addr_proximity_backward
01aa2e00	1056	MURelativeTimeProgressor	addr_proximity_backward
01aa4330	541	MUScaleBrowserItem	original
01aa4830	580	MUPlaybackView	original
01aa4b90	1188	MUPlaybackView	addr_proximity_backward
01aa5120	2278	MUScaleBrowserItem	original
01aa6890	602	MUScaleBrowserItem	addr_proximity_backward
01aa6cb0	2436	MUScaleBrowserItem	addr_proximity_backward
01aa7bc0	507	MUScaleBrowserItem	addr_proximity_backward
01aa85c0	722	MUScaleBrowserItem	addr_proximity_backward
01aa8960	908	MUScaleBrowserItem	addr_proximity_backward
01aa8f10	550	MUScaleBrowserItem	addr_proximity_backward
01aa9200	904	MUScaleBrowserItem	addr_proximity_backward
01aa96d0	2276	MUScaleBrowserItem	addr_proximity_backward
01aaa300	8559	MUScaleBrowserItem	addr_proximity_backward
01aad180	1276	Unknown	original
01aae300	840	GNList	addr_proximity_forward
01aaed70	833	GNList	addr_proximity_both
01aaf2c0	1147	GNList	addr_proximity_both
01aafac0	1662	GNList	original
01ab04a0	3548	MUScaleBrowserItem	original
01ab1b30	1009	MUScaleBrowserItem	addr_proximity_backward
01ab2150	513	MUScaleBrowserItem	addr_proximity_backward
01ab2a40	639	GNString	original
01ab3840	3075	MUSpectrumShaper	original
01ab4480	904	MUSpectrumShaper	addr_proximity_backward
01ab6500	1044	Unknown	original
01ab6ab0	2487	Unknown	original
01ab7b20	8688	MUSpectrumShaper	addr_proximity_both
01abaae0	5282	MUSpectrumShaper	addr_proximity_both
01abc630	5077	MUSpectrumShaper	addr_proximity_both
01abe1e0	2354	MUSpectrumShaper	addr_proximity_both
01abec70	1512	MUSpectrumShaper	addr_proximity_both
01abf3d0	2173	MUSpectrumShaper	addr_proximity_both
01ac0bd0	18564	MUSpectrumShaper	addr_proximity_both
01ac67c0	1600	MUSpectrumShaper	addr_proximity_both
01ac7020	7048	MUSpectrumShaper	original
01aca4f0	890	Unknown	original
01aca870	505	Unknown	original
01acacb0	3153	Unknown	original
01acbed0	2934	MUScalePanel	call_graph_iter1
01acce90	2934	MUScalePanel	call_graph_iter1
01ace020	1018	MUScalePanel	addr_proximity_forward
01ace610	743	MUScalePanel	addr_proximity_both
01ace990	1018	MUScalePanel	addr_proximity_both
01acf580	679	MUScalePanel	original
01acf890	959	MUScalePanel	addr_proximity_backward
01ad07f0	741	MUScalePanel	addr_proximity_backward
01ad0ca0	4878	MUScalePanel	addr_proximity_backward
01ad2000	1440	MUScalePanel	addr_proximity_backward
01ad2a70	1100	MUScalePanel	addr_proximity_backward
01ad3320	525	MUScalePanel	addr_proximity_backward
01ad37a0	1150	MUScalePanel	addr_proximity_backward
01ad3e60	1471	MUScaleRulerView	original
01ad48c0	2515	MUScaleRulerView	addr_proximity_backward
01ad5a70	1510	MUScaleRulerView	addr_proximity_backward
01ad6540	2130	MUScaleRulerView	addr_proximity_backward
01ad71a0	3181	MUScaleRulerView	addr_proximity_backward
01ad8590	1565	MUScaleRulerView	addr_proximity_backward
01ad9840	1076	MUScaleRulerView	addr_proximity_backward
01ad9f80	514	MUScaleRulerView	addr_proximity_backward
01ada2c0	798	MUScaleRulerView	addr_proximity_backward
01adaf60	6337	MUScaleRulerView	addr_proximity_backward
01add020	25206	MUScaleRulerView	field_patterns
01ae5410	12103	MDMetaWindowController	field_patterns
01ae9a50	4653	Unknown	original
01aeb7b0	1329	Unknown	original
01aec450	2295	GNView	field_patterns
01aecf20	6707	MUScalePitchSystem	field_patterns
01aef330	559	Unknown	original
01aef630	835	Unknown	original
01aefa80	4237	MUScalePitchSystem	field_patterns
01af0e00	1034	Unknown	original
01af1380	2636	MUScalePitchSystem	call_graph_iter1
01af2520	14012	GNString	field_patterns
01af6500	1024	MUScalePitchSystem	call_graph_iter1
01af6ab0	1345	MUSpectrumShaper	field_patterns
01af7060	2466	GNEvent	field_patterns
01af7d60	1213	MUScalePitchSystem	field_patterns
01af8560	24765	MUScalePitchSystem	field_patterns
01b02c30	1587	Unknown	original
01b03750	1183	MUScalePitchSystem	call_graph_iter1
01b03cb0	741	Unknown	original
01b041e0	1919	Unknown	original
01b05350	731	MUScalePitchSystem	field_patterns
01b05670	570	MUScalePitchSystem	field_patterns
01b058e0	1642	MDMetaWindowController	field_patterns
01b06140	1691	MDMetaWindowController	field_patterns
01b06d40	1412	GNFilePath	field_patterns
01b07460	4255	MUScalePitchSystem	call_graph_iter1
01b08e50	2521	GNEvent	addr_proximity_forward
01b09b80	985	GNEvent	original
01b0a160	793	GNEvent	addr_proximity_backward
01b0a620	544	GNEvent	addr_proximity_backward
01b0adb0	8838	GNEvent	addr_proximity_backward
01b0e720	1432	MUScalePitchSystem	field_patterns
01b0f0d0	5979	Unknown	original
01b11e50	1683	GNString	addr_proximity_forward
01b12970	6120	GNString	original
01b15110	806	MUScalePitchSystem	field_patterns
01b15940	1883	MUScalePitchSystem	addr_proximity_forward
01b16ca0	615	MUScalePitchSystem	addr_proximity_both
01b17610	521	MUScalePitchSystem	addr_proximity_both
01b17840	1955	MUScalePitchSystem	original
01b18590	835	MUScalePitchSystem	addr_proximity_backward
01b18b60	811	MUScalePitchSystem	addr_proximity_backward
01b18f00	830	MUScalePitchSystem	addr_proximity_backward
01b192b0	608	MUScalePitchSystem	addr_proximity_backward
01b195d0	1538	MUScalePitchSystem	addr_proximity_backward
01b19f60	4402	MUScalePitchSystem	addr_proximity_backward
01b1b740	921	MUScalePitchSystem	addr_proximity_backward
01b1bda0	727	MUScalePitchSystem	addr_proximity_backward
01b1c160	1302	MUScalePitchSystem	addr_proximity_backward
01b1c920	926	MUScalePitchSystem	addr_proximity_backward
01b1d080	1647	MUScalePitchSystem	addr_proximity_backward
01b1dbf0	1618	MUScalePitchSystem	addr_proximity_backward
01b1e460	646	MUScalePitchSystem	addr_proximity_backward
01b1e790	5963	MUScalePitchSystem	addr_proximity_backward
01b20d80	1546	MUScalePitchSystem	field_patterns
01b21660	1960	GNView	field_patterns
01b221c0	674	Unknown	original
01b22af0	3913	Unknown	original
01b247c0	1589	MUAudioFileSource	addr_proximity_forward
01b253d0	533	MUAudioFileSource	original
01b25670	3713	MUScalePitchSystem	original
01b28230	1245	Unknown	original
01b2b1d0	554	Unknown	original
01b2b5e0	7839	Unknown	original
01b2e160	1340	Unknown	original
01b2ed90	3131	MUScaleOpenPanel	addr_proximity_forward
01b302d0	3729	MUScaleOpenPanel	original
01b31380	1214	MUScaleOpenPanel	addr_proximity_backward
01b31bc0	14986	MUScaleOpenPanel	addr_proximity_backward
01b381a0	2227	MUScaleBrowserItem	addr_proximity_forward
01b391e0	4877	MUScaleBrowserItem	original
01b3b230	3558	Unknown	original
01b3c970	1086	Unknown	original
01b3e4c0	3032	Unknown	original
01b40290	1057	MUScaleCreationData	addr_proximity_forward
01b408c0	1279	MUScaleCreationData	addr_proximity_both
01b41070	898	MUScaleCreationData	addr_proximity_both
01b41b10	685	MUScaleCreationData	original
01b42190	1017	MUScaleStretchTuningCtrl	original
01b42750	1668	MUScaleStretchTuningCtrl	addr_proximity_backward
01b430f0	965	MUScaleStretchTuningCtrl	addr_proximity_backward
01b43fc0	2580	MUScaleStretchTuningCtrl	addr_proximity_backward
01b44f00	2010	MUScaleStretchTuningCtrl	addr_proximity_backward
01b459e0	1164	MUScaleStretchTuningCtrl	addr_proximity_backward
01b46340	525	MUScaleStretchTuningCtrl	addr_proximity_backward
01b468c0	1465	MUScaleStretchTuningCtrl	addr_proximity_backward
01b47100	9173	MUScaleStretchTuningCtrl	addr_proximity_backward
01b4b060	2039	MUScaleSavePanel	original
01b4b900	1482	MUScaleSavePanel	addr_proximity_backward
01b4c2c0	886	MUScaleBrowserItem	original
01b4c850	632	MUScaleBrowserItem	addr_proximity_both
01b4cd30	799	MUScaleBrowserItem	addr_proximity_both
01b4d260	1030	MUScaleBrowserItem	addr_proximity_both
01b4d890	3080	MUScaleBrowserItem	original
01b4ed20	5208	MUScaleBrowserItem	original
01b51100	1967	MUScaleBrowserItem	original
01b51da0	3054	MUScaleBrowserItem	original
01b53760	679	MUScaleDetectionOptionsCtrl	original
01b53ad0	566	MUScaleDetectionOptionsCtrl	addr_proximity_backward
01b54370	2009	MUScaleDetectionOptionsData	original
01b55820	2607	MUScaleDetectionOptionsData	addr_proximity_both
01b56960	685	MUScaleDetectionOptionsData	original
01b57030	2518	GNList	original
01b57fb0	1786	GNList	addr_proximity_backward
01b587b0	578	GNList	addr_proximity_backward
01b59670	1697	MUColorCorrectionCtrl	original
01b5a070	625	MUColorCorrectionCtrl	addr_proximity_backward
01b5a510	551	MUColorCorrectionCtrl	addr_proximity_backward
01b5a960	2165	MUColorCorrectionCtrl	addr_proximity_backward
01b5c650	2715	MUSpectrumShaper	original
01b5d300	2507	MUSpectrumShaper	original
01b5e5b0	4424	MUSpectrumShaper	original
01b60350	1088	MUSpectrumShaper	addr_proximity_backward
01b60e40	696	MUSpectrumShaper	addr_proximity_backward
01b61220	696	MUSpectrumShaper	addr_proximity_backward
01b61600	696	MUSpectrumShaper	addr_proximity_backward
01b619e0	696	MUSpectrumShaper	addr_proximity_backward
01b61dc0	545	MUSpectrumShaper	addr_proximity_backward
01b62150	1309	MUSpectrumShaper	addr_proximity_backward
01b63c50	987	MUSpectrumShaper	addr_proximity_backward
01b64ab0	2670	MUSpectrumShaper	addr_proximity_backward
01b65960	1321	GNList	original
01b65f90	1774	GNList	addr_proximity_backward
01b66e10	6107	MUQuarterSequenceView	original
01b68f20	10768	GNValue	field_patterns
01b6d110	946	Unknown	original
01b6d800	1007	MDMetaWindowController	field_patterns
01b6dee0	1708	Unknown	original
01b6e930	608	Unknown	original
01b6ebf0	715	Unknown	original
01b6f470	881	Unknown	original
01b70050	1772	GNString	field_patterns
01b70bd0	768	MUSpectrumShaper	call_graph_iter1
01b71450	1414	MUElementAnalyzer	field_patterns
01b71c50	1051	GNValue	field_patterns
01b725b0	5782	MUScalePitchSystem	field_patterns
01b74770	1826	GNData	field_patterns
01b755e0	4087	MDMetaWindowController	field_patterns
01b76ac0	2793	Unknown	original
01b779e0	4298	Unknown	original
01b791a0	3940	GNValue	field_patterns
01b7a810	1038	GNString	field_patterns
01b7ad50	581	GNString	field_patterns
01b7b0a0	556	Unknown	original
01b7b420	1622	Unknown	original
01b7bf20	633	Unknown	original
01b7c320	692	GNString	field_patterns
01b7c6b0	622	GNString	field_patterns
01b7ca00	1126	MUScalePitchSystem	field_patterns
01b7cfc0	593	GNString	field_patterns
01b7d2f0	1097	MUScalePitchSystem	field_patterns
01b7daf0	1108	GNString	field_patterns
01b7e1b0	4430	GNValue	field_patterns
01b7f9c0	894	GNValue	field_patterns
01b80000	1467	Unknown	original
01b80890	3453	Unknown	original
01b81d90	567	MUSpectrumShaper	addr_proximity_forward
01b82070	626	MUSpectrumShaper	addr_proximity_both
01b82620	744	MUSpectrumShaper	addr_proximity_both
01b836f0	2061	MUSpectrumShaper	original
01b83fb0	1394	MUSpectrumShaper	addr_proximity_backward
01b84980	8719	MUSpectrumShaper	addr_proximity_backward
01b88cd0	8187	MUSpectrumShaper	field_patterns
01b8b2b0	1540	MUAudioSourcePrincipalItem	addr_proximity_forward
01b8ca00	791	MUAudioSourcePrincipalItem	original
01b8db70	812	MUDetectionActivationSlider	original
01b8e0e0	1176	MUDetectionActivationSlider	original
01b8eb50	1993	MUDetectionActivationSlider	addr_proximity_backward
01b8f350	986	MUDetectionActivationSlider	addr_proximity_backward
01b8fc70	1336	MUScaleModeSequence	original
01b90580	1272	MUScaleModeSequence	addr_proximity_backward
01b90da0	1126	MUScaleModeSequence	addr_proximity_backward
01b91500	641	MUScaleModeSequence	addr_proximity_backward
01b91920	1487	MUScaleModeSequence	addr_proximity_backward
01b926b0	909	MUScaleModeSequence	addr_proximity_backward
01b92cc0	6370	MUScaleModeSequence	addr_proximity_backward
01b95ae0	2480	GNValue	addr_proximity_forward
01b96de0	3459	GNValue	original
01b989f0	1512	GNValue	original
01b99510	1187	GNValue	original
01b99bc0	1187	GNValue	original
01b9a270	1004	GNValue	addr_proximity_backward
01b9abf0	2206	GNValue	addr_proximity_backward
01b9ba10	2274	GNValue	addr_proximity_backward
01b9c8a0	555	GNValue	addr_proximity_backward
01b9cc10	555	GNValue	addr_proximity_backward
01b9dd50	540	GNValue	addr_proximity_backward
01b9ee80	550	GNValue	addr_proximity_backward
01b9f1e0	1028	GNValue	addr_proximity_backward
01b9f870	997	GNValue	addr_proximity_backward
01ba0110	888	GNValue	addr_proximity_backward
01ba1c90	550	GNValue	addr_proximity_backward
01ba1ff0	1028	GNValue	addr_proximity_backward
01ba2680	632	GNValue	addr_proximity_backward
01ba2d00	842	GNValue	addr_proximity_backward
01ba3960	677	MUTextFieldDragAndEditHandler	original
01ba3cc0	505	MUTextFieldDragAndEditHandler	addr_proximity_both
01ba40f0	2679	MUTextFieldDragAndEditHandler	addr_proximity_both
01ba4ed0	500	MUTextFieldDragAndEditHandler	addr_proximity_both
01ba5860	583	MUTextFieldDragAndEditHandler	original
01ba5af0	505	MUTextFieldDragAndEditHandler	addr_proximity_backward
01ba6160	3678	MUAudioSourcePrincipalItem	original
01ba7eb0	1110	MUElementPitchInspector	original
01ba8330	1324	MUElementPitchInspector	addr_proximity_backward
01ba9470	769	MUElementPitchInspector	addr_proximity_backward
01ba9ae0	697	MUElementPitchInspector	addr_proximity_backward
01ba9e60	2369	MUElementPitchInspector	addr_proximity_backward
01baae50	509	MUElementPitchInspector	addr_proximity_backward
01bab160	5703	MUPercussivePitchSystem	original
01bad290	1073	GNList	addr_proximity_forward
01bad8c0	738	GNList	addr_proximity_both
01badcd0	905	GNList	addr_proximity_both
01bae3c0	7121	GNList	original
01bb10c0	642	GNList	addr_proximity_both
01bb14c0	2897	GNList	original
01bb2610	1309	GNList	original
01bb2d10	552	GNList	addr_proximity_backward
01bb3300	837	GNList	addr_proximity_backward
01bb4e00	550	GNList	addr_proximity_backward
01bb5160	1782	GNList	addr_proximity_backward
01bb5f00	634	GNList	addr_proximity_backward
01bb6530	775	GNList	addr_proximity_backward
01bb72b0	834	GNList	addr_proximity_backward
01bb7880	824	GNList	addr_proximity_backward
01bb7e50	550	GNList	addr_proximity_backward
01bb86c0	707	GNList	addr_proximity_backward
01bb9750	1376	GNList	addr_proximity_backward
01bba650	583	MUTextFieldDragAndEditHandler	original
01bba8e0	505	MUTextFieldDragAndEditHandler	addr_proximity_backward
01bbad10	1595	MUTextFieldDragAndEditHandler	addr_proximity_backward
01bbbec0	505	MUTextFieldDragAndEditHandler	addr_proximity_backward
01bbc300	602	MUTextFieldDragAndEditHandler	addr_proximity_backward
01bbc610	1448	MUTextFieldDragAndEditHandler	addr_proximity_backward
01bbcdd0	2232	MUDetectionEditorView	original
01bbdb10	894	MUDetectionEditorView	original
01bbe490	2162	GNList	original
01bbf570	955	GNList	addr_proximity_backward
01bbfc30	1078	GNList	addr_proximity_backward
01bc09c0	1144	GNList	addr_proximity_backward
01bc2250	5113	GNList	addr_proximity_backward
01bc4850	2541	Unknown	original
01bc6fe0	3281	Unknown	original
01bc8500	1494	Unknown	original
01bc8e10	1798	Unknown	original
01bc99b0	909	Unknown	original
01bca740	606	Unknown	original
01bcb080	806	Unknown	original
01bcb5f0	2380	GNMultipleValue	field_patterns
01bccd60	4097	Unknown	original
01bce420	1293	Unknown	original
01bcf5e0	993	MUSpectrumShaper	addr_proximity_forward
01bd0660	818	MUSpectrumShaper	original
01bd1110	1045	MUSpectrumShaper	addr_proximity_both
01bd1950	874	MUSpectrumShaper	addr_proximity_both
01bd23c0	1645	MUSpectrumShaper	addr_proximity_both
01bd3370	1697	MUSpectrumShaper	original
01bd3c40	569	MUSpectrumShaper	original
01bd4470	678	MUSpectrumShaper	original
01bd5340	1170	MUSpectrumShaper	addr_proximity_both
01bd5d50	2213	MUSpectrumShaper	original
01bd69c0	3034	MUSpectrumShaper	original
01bd7b90	2891	MULSSGenerator	original
01bd8c50	557	MULSSGenerator	addr_proximity_backward
01bd91b0	572	MULSSGenerator	addr_proximity_backward
01bd9880	856	MULSSGenerator	addr_proximity_backward
01bdbfa0	1927	MUSpectrumShaper	original
01bde350	519	MUSpectrumShaper	original
01bdee90	2405	MUSpectrumShaper	original
01be3200	677	MUSpectrumShaper	original
01be41a0	2076	MUSpectrumShaper	addr_proximity_backward
01be4f70	1219	MUSpectrumShaper	addr_proximity_backward
01be58e0	701	MUSpectrumShaper	addr_proximity_backward
01be64b0	615	MUSpectrumShaper	addr_proximity_backward
01be78a0	884	MUSpectrumShaper	addr_proximity_backward
01be7d10	557	MUSpectrumShaper	addr_proximity_backward
01be82b0	1080	MUMultiTrackItem	original
01be8850	4835	MUMultiTrackItem	addr_proximity_backward
01beaed0	501	MUHorizontalOverviewScroller	addr_proximity_forward
01beb250	1101	MUHorizontalOverviewScroller	addr_proximity_both
01bec670	1168	MUHorizontalOverviewScroller	original
01becf90	3288	MUHorizontalOverviewScroller	addr_proximity_backward
01bee5d0	663	MUHorizontalOverviewScroller	addr_proximity_backward
01beeeb0	942	MUHorizontalOverviewScroller	addr_proximity_backward
01bef350	1326	MUHorizontalOverviewScroller	addr_proximity_backward
01bf0b70	550	MUHorizontalOverviewScroller	addr_proximity_backward
01bf1150	540	MUHorizontalOverviewScroller	addr_proximity_backward
01bf18f0	1263	MUHorizontalOverviewScroller	addr_proximity_backward
01bf2670	1038	MUHorizontalOverviewScroller	addr_proximity_backward
01bf35c0	527	MUHorizontalOverviewScroller	addr_proximity_backward
01bf3920	561	MUMultiTrackView	original
01bf3db0	1841	GNList	original
01bf4a10	946	MUMultiTrackView	original
01bf5140	579	MUMultiTrackDropTargets	original
01bf62b0	512	GNUni	original
01bf7020	505	GNUni	addr_proximity_backward
01bf7370	3361	GNUni	addr_proximity_backward
01bf85a0	1023	MUDetectionEditorView	original
01bf95e0	1720	QualityScoring	original
01bfa490	773	MUAudioSourcePrincipalItem	original
01bfa930	1190	MUAudioSourcePrincipalItem	addr_proximity_backward
01bfb000	1579	MUAudioSourcePrincipalItem	addr_proximity_backward
01bfba30	639	MUAudioSourcePrincipalItem	addr_proximity_backward
01bfbe60	896	MUAudioSourcePrincipalItem	addr_proximity_backward
01bfc3d0	550	MUAudioSourcePrincipalItem	addr_proximity_backward
01bfca80	796	MUAudioSourcePrincipalItem	addr_proximity_backward
01bfd040	1564	MUAudioSourcePrincipalItem	addr_proximity_backward
01bfdce0	741	MUDetectionBaseInsp	original
01bfebb0	678	MUDetectionBaseInsp	addr_proximity_backward
01bfef80	587	MUDetectionBaseInsp	addr_proximity_backward
01bff300	2096	QualityScoring	original
01c001a0	993	MUMultiTrackHeaderViewController	original
01c01bb0	500	MUMultiTrackDropTarget	original
01c01f90	587	MUMultiTrackDropTarget	addr_proximity_both
01c025c0	1772	MUMultiTrackDropTarget	addr_proximity_both
01c030e0	596	MUMultiTrackDropTarget	addr_proximity_both
01c03420	558	MUMultiTrackDropTarget	addr_proximity_both
01c03760	558	MUMultiTrackDropTarget	addr_proximity_both
01c04130	840	MUMultiTrackDropTarget	original
01c056e0	4385	GNList	original
01c07800	630	GNString	addr_proximity_forward
01c08690	3829	GNString	original
01c09b60	551	GNString	addr_proximity_backward
01c0ade0	758	GNString	addr_proximity_backward
01c0b2e0	761	GNString	addr_proximity_backward
01c0b840	1428	GNString	addr_proximity_backward
01c0c140	1717	GNString	addr_proximity_backward
01c0cd20	1034	GNString	addr_proximity_backward
01c0d4d0	2370	GNString	addr_proximity_backward
01c0e870	700	GNString	addr_proximity_backward
01c0ec80	545	GNString	addr_proximity_backward
01c0f300	625	GNString	addr_proximity_backward
01c0f780	1009	GNString	addr_proximity_backward
01c0ffb0	518	GNString	addr_proximity_backward
01c11390	1275	GNString	addr_proximity_backward
01c11d00	868	GNString	addr_proximity_backward
01c12550	583	MUElementFadeInspector	original
01c128c0	505	MUElementFadeInspector	addr_proximity_backward
01c12c10	3736	MUElementFadeInspector	addr_proximity_backward
01c13e80	3595	MUElementFadeInspector	addr_proximity_backward
01c15c90	544	MUDetectionPitchCenterAssignmentInspector	original
01c15fa0	505	MUDetectionPitchCenterAssignmentInspector	addr_proximity_backward
01c163e0	1420	MUDetectionPitchCenterAssignmentInspector	addr_proximity_backward
01c16c70	2015	MUDetectionPitchCenterAssignmentInspector	addr_proximity_backward
01c17760	1729	MUDetectionPitchCenterAssignmentInspector	addr_proximity_backward
01c18c70	1428	MUBrowserItem	original
01c1a5a0	756	MUBrowserItem	addr_proximity_backward
01c1b4a0	679	MUBrowserView	original
01c1d680	1181	GNString	field_patterns
01c1e2e0	3132	GNList	field_patterns
01c1fa90	505	GNString	field_patterns
01c1fe10	538	GNList	field_patterns
01c201a0	2506	GNString	field_patterns
01c21130	514	Unknown	original
01c21b20	1458	Unknown	original
01c22370	2198	MULSSComponentRenderer	field_patterns
01c233f0	550	GNFilePath	addr_proximity_forward
01c24960	1691	GNFilePath	original
01c26760	578	GNFilePath	addr_proximity_backward
01c2b230	1300	GNCoord	original
01c2cb70	754	GNCoord	original
01c2dc30	2195	GNCoord	addr_proximity_backward
01c2e8c0	939	GNCoord	addr_proximity_backward
01c30540	841	GNCoord	addr_proximity_backward
01c30b20	831	GNCoord	addr_proximity_backward
01c312d0	573	GNCoord	addr_proximity_backward
01c31df0	927	GNCoord	addr_proximity_backward
01c32a00	645	GNCoord	addr_proximity_backward
01c32d30	1055	GNCoord	addr_proximity_backward
01c33700	507	GNTableView	original
01c33b70	646	GNTableView	addr_proximity_backward
01c34010	882	GNTableView	addr_proximity_backward
01c35270	819	GNTableView	addr_proximity_backward
01c35730	974	GNTableView	addr_proximity_backward
01c35eb0	960	GNTableView	addr_proximity_backward
01c365c0	1144	GNTableView	addr_proximity_backward
01c37290	1886	GNFilePath	original
01c39580	791	MUAudioSourcePrincipalItem	original
01c39c50	841	MUAudioSourcePrincipalItem	addr_proximity_backward
01c3a230	831	MUAudioSourcePrincipalItem	addr_proximity_backward
01c3aae0	627	MUAudioSourcePrincipalItem	addr_proximity_backward
01c3b290	505	MUAudioSourcePrincipalItem	addr_proximity_backward
01c3b620	1123	MUAudioSourcePrincipalItem	addr_proximity_backward
01c3bc90	1471	MUAudioSourcePrincipalItem	addr_proximity_backward
01c3c4d0	2128	MUAudioSourcePrincipalItem	addr_proximity_backward
01c3d0f0	7812	MUAudioSourcePrincipalItem	addr_proximity_backward
01c412a0	668	Unknown	original
01c41970	2514	MUAdvancedTempoDetectionDialog	call_graph_iter1
01c42b30	3758	MDMetaWindowController	call_graph_iter1
01c441c0	1019	MDMetaWindowController	call_graph_iter1
01c44700	1229	GNString	call_graph_iter1
01c44e90	881	MUTempoEditorView	addr_proximity_forward
01c45890	513	MUTempoEditorView	addr_proximity_both
01c45dc0	1191	MUTempoEditorView	addr_proximity_both
01c46820	725	MUTempoEditorView	addr_proximity_both
01c46d90	11726	MUTempoEditorView	original
01c49e10	601	MUTempoEditorViewItem	original
01c4a1a0	528	MUTempoEditorRulerView	original
01c4a490	519	GNPropertyObserver	original
01c4a8b0	518	MUAdvancedTempoDetectionDialog	original
01c4ae30	706	MUAdvancedTempoDetectionDialog	addr_proximity_backward
01c4b180	557	MUAdvancedTempoDetectionDialog	addr_proximity_backward
01c4c1c0	3207	MUAdvancedTempoDetectionDialog	addr_proximity_backward
01c4d670	1225	MUAdvancedTempoDetectionDialog	addr_proximity_backward
01c4e0b0	564	MUAdvancedTempoDetectionDialog	addr_proximity_backward
01c4e530	1926	MUAdvancedTempoDetectionDialog	addr_proximity_backward
01c4f180	765	MUAdvancedTempoDetectionDialog	addr_proximity_backward
01c4f640	1582	MUAdvancedTempoDetectionDialog	addr_proximity_backward
01c50170	560	MUAdvancedTempoDetectionDialog	addr_proximity_backward
01c50580	617	MUAdvancedTempoDetectionDialog	addr_proximity_backward
01c508b0	1118	MUAdvancedTempoDetectionDialog	addr_proximity_backward
01c51220	656	MUAdvancedTempoDetectionDialog	addr_proximity_backward
01c51a50	534	MUAdvancedTempoDetectionDialog	addr_proximity_backward
01c51df0	778	MUAdvancedTempoDetectionDialog	addr_proximity_backward
01c522e0	1674	MUAdvancedTempoDetectionDialog	addr_proximity_backward
01c52e30	508	MUAdvancedTempoDetectionDialog	addr_proximity_backward
01c532f0	2871	MUAdvancedTempoDetectionDialog	addr_proximity_backward
01c54470	10423	MUAdvancedTempoDetectionDialog	addr_proximity_backward
01c57f20	1744	Unknown	original
01c58e90	1753	Unknown	original
01c59970	3055	GNTableView	field_patterns
01c5ab50	3579	Unknown	original
01c5be20	515	Unknown	original
01c5c070	516	Unknown	original
01c5c620	822	Unknown	original
01c5f8c0	515	GNString	field_patterns
01c5faf0	534	Unknown	original
01c5fd60	1987	Unknown	original
01c60a90	2394	GNList	field_patterns
01c61680	683	Unknown	original
01c61bb0	2746	GNString	field_patterns
01c62da0	738	GNString	field_patterns
01c631e0	676	Unknown	original
01c635e0	654	Unknown	original
01c638f0	816	Unknown	original
01c63f60	2741	MUElementAnalyzer	field_patterns
01c64c20	1055	MULSSComponentRenderer	field_patterns
01c651f0	2179	MULSSComponentRenderer	field_patterns
01c65c50	2040	GNFilePath	field_patterns
01c66870	1494	GNString	field_patterns
01c67190	1040	GNFilePath	field_patterns
01c67800	761	GNString	field_patterns
01c67d80	7019	GNString	field_patterns
01c6a410	1608	Unknown	original
01c6ada0	6675	GNString	field_patterns
01c6cca0	1395	GNPopUpButton	addr_proximity_forward
01c6d4b0	956	GNPopUpButton	addr_proximity_both
01c6dc70	1228	GNPopUpButton	original
01c6e400	506	GNPopUpButton	addr_proximity_backward
01c6e850	1754	GNPopUpButton	addr_proximity_backward
01c6f360	974	GNPopUpButton	addr_proximity_backward
01c6fa20	966	GNPopUpButton	addr_proximity_backward
01c70210	830	GNPopUpButton	addr_proximity_backward
01c707d0	869	MUBeatSelection	original
01c70ce0	2020	MUBeatSelection	addr_proximity_backward
01c71b80	1086	MUBeatSelection	addr_proximity_backward
01c723c0	2429	GNString	original
01c73310	948	GNString	addr_proximity_backward
01c73910	1037	GNString	addr_proximity_backward
01c73f70	993	GNString	addr_proximity_backward
01c74580	849	GNString	addr_proximity_backward
01c74ab0	911	GNString	addr_proximity_backward
01c75020	911	GNString	addr_proximity_backward
01c75590	742	GNString	addr_proximity_backward
01c75fe0	702	GNString	addr_proximity_backward
01c76410	867	GNString	addr_proximity_backward
01c76920	836	GNString	addr_proximity_backward
01c77060	1563	GNString	addr_proximity_backward
01c77ec0	1591	GNString	addr_proximity_backward
01c78b10	864	GNString	addr_proximity_backward
01c796d0	606	GNString	addr_proximity_backward
01c7a3d0	2079	MUTempoEditorViewItem	original
01c7c5c0	1385	MUTempoEditorRulerView	original
01c80080	1316	MUTempoEditorDrawHelper	original
01c82350	1607	Unknown	original
01c82c20	4898	Unknown	original
01c849a0	2797	Unknown	original
01c85c10	532	GNString	field_patterns
01c85f60	700	Unknown	original
01c87160	980	Unknown	original
01c87c50	1311	Unknown	original
01c88790	959	Unknown	original
01c88ce0	846	Unknown	original
01c89130	1364	Unknown	original
01c898c0	714	GNString	field_patterns
01c89c70	4215	GNString	field_patterns
01c8b7d0	4387	MUBarSignature	addr_proximity_forward
01c8d230	769	MUBarSignature	addr_proximity_both
01c8d6c0	714	MUBarSignature	original
01c8e070	568	MUSignatureEditorRulerView	original
01c8f0f0	1209	MUSignatureEditorRulerView	addr_proximity_backward
01c8f960	834	MUSignatureEditorRulerView	addr_proximity_backward
01c8fe40	887	MUSignatureEditorRulerView	addr_proximity_backward
01c90380	1528	MUSignatureEditorRulerView	addr_proximity_backward
01c91010	2024	MUSignatureEditorRulerView	addr_proximity_backward
01c92050	619	MUSignatureEditorRulerView	addr_proximity_backward
01c93360	592	MUSignatureEditorRulerView	addr_proximity_backward
01c936e0	5039	MUSignatureEditorRulerView	addr_proximity_backward
01c957d0	2056	GNValue	call_graph_iter1
01c96430	811	Unknown	original
01c96a10	2422	Unknown	original
01c97b90	3987	GNData	addr_proximity_forward
01c99560	6187	GNData	original
01c9b940	5097	MUAudioFileSource	original
01c9d710	763	MUAudioFileSource	addr_proximity_backward
01c9dc20	11620	GNValue	original
01ca2090	975	GNValue	addr_proximity_both
01ca25e0	742	GNValue	addr_proximity_both
01ca29a0	956	GNValue	addr_proximity_both
01ca2ec0	674	GNValue	original
01ca4950	734	MUPasteboardElementPasteIdentifier	original
01ca6bb0	653	Unknown	original
01ca71c0	561	Unknown	original
01ca74b0	762	GNList	addr_proximity_forward
01ca7bd0	609	GNList	addr_proximity_both
01ca8220	546	GNList	addr_proximity_both
01ca86b0	1931	GNList	addr_proximity_both
01ca93d0	746	GNList	original
01ca97a0	1714	GNList	addr_proximity_backward
01caa390	569	GNList	addr_proximity_backward
01caa660	1366	GNList	addr_proximity_backward
01caaf60	3053	GNList	addr_proximity_backward
01cacbe0	608	GNPBListWrapper	original
01cacee0	756	GNPBListWrapper	addr_proximity_backward
01cb0670	5422	GNList	original
01cb4790	792	Unknown	original
01cb4c70	1116	Unknown	original
01cb5fc0	1008	Unknown	original
01cb6670	604	Unknown	original
01cb6940	770	Unknown	original
01cb6e70	1181	Unknown	original
01cb80c0	947	Unknown	original
01cb8770	645	Unknown	original
01cb9170	602	Unknown	original
01cba0b0	2030	GNString	field_patterns
01cbadc0	14451	GNString	field_patterns
01cc0ca0	2679	GNString	field_patterns
01cc1c20	951	GNString	field_patterns
01cc2760	640	Unknown	original
01cc3340	1991	GNString	field_patterns
01cc3f00	892	GNString	field_patterns
01cc4500	773	Unknown	original
01cc4ae0	541	GNString	field_patterns
01cc4e70	894	Unknown	original
01cc5aa0	545	GNAssociationBinding	addr_proximity_forward
01cc68d0	633	GNAssociationBinding	addr_proximity_both
01cc6f40	1367	GNAssociationBinding	original
01cc7b90	1254	GNValueTransformer	original
01cc8fe0	656	GNDictionary	original
01cc98b0	597	GNDictionary	addr_proximity_backward
01cca020	1209	GNDictionary	addr_proximity_backward
01cca7a0	612	GNDictionary	addr_proximity_backward
01ccad90	2497	GNMultipleValue	original
01ccbbc0	641	GNMultipleValue	addr_proximity_backward
01ccbf60	631	GNMultipleValue	addr_proximity_backward
01ccc2f0	596	GNMultipleValue	addr_proximity_backward
01ccc680	645	GNMultipleValue	addr_proximity_backward
01ccd250	2997	GNList	original
01cce3a0	1128	GNList	addr_proximity_backward
01ccfbf0	3983	GNList	addr_proximity_backward
01cd1d40	2208	GNString	addr_proximity_forward
01cd2c30	18670	GNString	original
01cdab30	1203	GNDictionary	addr_proximity_forward
01cdb6a0	6355	GNDictionary	original
01cdecb0	2350	Unknown	original
01cdf840	1581	GNData	field_patterns
01ce0360	1906	Unknown	original
01ce0d70	570	Unknown	original
01ce4390	549	GNString	addr_proximity_forward
01ce4ab0	603	GNString	addr_proximity_both
01ce54a0	2465	GNString	original
01ce7ee0	888	GNInt	field_patterns
01ce8890	2128	Unknown	original
01ce9490	728	MUScaleBrowserItem	call_graph_iter1
01ce9a80	2087	Unknown	original
01cea620	1530	Unknown	original
01ceb2c0	702	Unknown	original
01cec050	548	Unknown	original
01cec4a0	804	MDMetaWindowController	field_patterns
01ceca90	521	Unknown	original
01cee610	670	MUPulseAssignmentTarget	field_patterns
01ceed10	1015	GNMultipleValue	addr_proximity_forward
01cef520	3152	GNMultipleValue	addr_proximity_both
01cf0820	913	GNMultipleValue	addr_proximity_both
01cf0cb0	1257	GNMultipleValue	original
01cf1420	1794	GNMultipleValue	addr_proximity_backward
01cf2570	3421	GNClipView	original
01cf3b20	708	GNClipView	addr_proximity_backward
01cf41d0	1104	GNClipView	addr_proximity_backward
01cf4a00	849	GNClipView	addr_proximity_backward
01cf4f60	847	GNClipView	addr_proximity_backward
01cf5ff0	2717	GNClipView	addr_proximity_backward
01cf6d20	745	GNClipView	addr_proximity_backward
01cf7150	622	GNClipView	addr_proximity_backward
01cf7910	705	GNClipView	addr_proximity_backward
01cf7d30	1380	GNClipView	addr_proximity_backward
01cf85d0	618	GNClipView	addr_proximity_backward
01cf88b0	1654	GNClipView	addr_proximity_backward
01cf9ae0	664	GNScrollView	original
01cf9e30	518	GNScrollView	original
01cfb0d0	563	GNScrollView	addr_proximity_backward
01cfb480	760	GNScrollView	addr_proximity_backward
01cfb920	570	GNScrollView	addr_proximity_backward
01cfbc00	566	GNScrollView	addr_proximity_backward
01cfc0e0	572	GNScrollView	addr_proximity_backward
01cfc3c0	572	GNScrollView	addr_proximity_backward
01cfd290	805	GNScrollView	addr_proximity_backward
01cfd750	2969	GNScrollView	addr_proximity_backward
01cfe8d0	1433	GNScrollView	addr_proximity_backward
01cffdc0	679	GNUpdateCheckController	original
01d00230	770	GNUpdateCheckController	addr_proximity_backward
01d01000	941	GNUpdateCheckController	addr_proximity_backward
01d01400	3618	GNUpdateCheckController	addr_proximity_backward
01d03340	829	GNMenu	original
01d03810	1601	GNMenu	addr_proximity_backward
01d04130	757	GNMultipleValue	original
01d044d0	1955	GNMultipleValue	addr_proximity_backward
01d05080	537	GNMultipleValue	addr_proximity_backward
01d05320	1972	GNMultipleValue	addr_proximity_backward
01d069b0	846	GNMultipleValue	addr_proximity_backward
01d06f70	938	GNMultipleValue	addr_proximity_backward
01d086f0	688	GNMultipleValue	addr_proximity_backward
01d08b50	865	GNMultipleValue	addr_proximity_backward
01d09150	692	GNMultipleValue	addr_proximity_backward
01d095c0	1260	GNMultipleValue	addr_proximity_backward
01d09fc0	521	GNMultipleValue	addr_proximity_backward
01d0b3b0	545	GNMultipleValue	addr_proximity_backward
01d0b670	1276	GNMultipleValue	addr_proximity_backward
01d0d660	3738	GNControl	original
01d0e580	526	GNControl	addr_proximity_backward
01d0ec70	623	GNControl	addr_proximity_backward
01d10400	1595	GNValue	original
01d11040	511	GNValue	addr_proximity_backward
01d11980	518	GNValue	addr_proximity_backward
01d133b0	648	GNValue	addr_proximity_backward
01d13800	612	GNValue	addr_proximity_backward
01d13d80	3612	GNValue	addr_proximity_backward
01d15bc0	771	GNControl	original
01d16560	612	GNControl	addr_proximity_backward
01d16950	1741	GNControl	addr_proximity_backward
01d17670	5114	GNControl	addr_proximity_backward
01d1a180	1506	GNPopUpButton	addr_proximity_forward
01d1ae90	1619	GNPopUpButton	original
01d1bd10	1630	GNPopUpButton	addr_proximity_backward
01d1c9a0	757	GNPopUpButton	addr_proximity_backward
01d1d260	761	GNPopUpButton	addr_proximity_backward
01d1dc70	1147	GNString	original
01d1e4d0	1481	GNString	addr_proximity_both
01d1eef0	1496	GNString	original
01d1f850	1361	GNString	original
01d20ca0	584	GNString	addr_proximity_backward
01d21380	826	GNString	addr_proximity_backward
01d21ed0	1868	GNString	addr_proximity_backward
01d22e00	623	GNString	addr_proximity_backward
01d23090	859	GNString	addr_proximity_backward
01d23920	524	GNString	addr_proximity_backward
01d23ed0	699	GNString	addr_proximity_backward
01d244c0	1124	GNString	addr_proximity_backward
01d24c50	568	GNString	addr_proximity_backward
01d24ff0	1502	GNString	addr_proximity_backward
01d26620	574	GNString	addr_proximity_backward
01d26990	513	GNString	addr_proximity_backward
01d27270	941	GNMultipleValue	original
01d27890	2002	GNMultipleValue	addr_proximity_both
01d28720	1014	GNMultipleValue	original
01d29010	1313	GNMultipleValue	addr_proximity_backward
01d29ff0	1091	GNList	original
01d2a8f0	551	GNList	addr_proximity_both
01d2aeb0	605	GNList	addr_proximity_both
01d2b270	669	GNList	addr_proximity_both
01d2c5c0	841	GNList	addr_proximity_both
01d2cbb0	1153	GNList	addr_proximity_both
01d2d3b0	1148	GNList	addr_proximity_both
01d2db80	1307	GNList	addr_proximity_both
01d2e5e0	513	GNList	addr_proximity_both
01d2f3b0	652	GNList	addr_proximity_both
01d2f770	848	GNList	addr_proximity_both
01d30bb0	1164	GNList	original
01d32180	872	GNList	addr_proximity_backward
01d32790	629	GNList	addr_proximity_backward
01d33980	1345	GNList	addr_proximity_backward
01d349f0	2213	GNList	addr_proximity_backward
01d374d0	1249	Unknown	original
01d38830	624	MUSpectrumShaper	call_graph_iter1
01d39530	504	Unknown	original
01d39830	705	Unknown	original
01d39b10	562	Unknown	original
01d39d70	1279	GNString	field_patterns
01d3a930	575	Unknown	original
01d3ac40	572	GNString	field_patterns
01d3b170	688	GNString	field_patterns
01d3b7a0	2564	Unknown	original
01d3ce20	802	Unknown	original
01d3d460	513	Unknown	original
01d3d7f0	11592	Unknown	original
01d43f00	1554	GNString	call_graph_iter1
01d45080	604	Unknown	original
01d45390	2068	Unknown	original
01d46020	505	Unknown	original
01d46b40	507	Unknown	original
01d47c40	636	Unknown	original
01d48390	668	GNString	field_patterns
01d494d0	3603	Unknown	original
01d4a550	1285	GNGraphicsContextState	addr_proximity_forward
01d4b0a0	915	GNGraphicsContextState	addr_proximity_both
01d4b830	595	GNGraphicsContextState	addr_proximity_both
01d4bfe0	2086	GNGraphicsContextState	original
01d4da00	560	GNGraphicsContextState	original
01d4dc60	560	GNGraphicsContextState	original
01d4e050	547	QualityScoring	original
01d4f920	4534	QualityScoring	addr_proximity_backward
01d51a40	508	Unknown	original
01d51f30	573	GNString	field_patterns
01d534b0	1210	Unknown	original
01d53c90	3177	GNString	field_patterns
01d54930	737	GNString	addr_proximity_forward
01d54d20	1164	GNString	addr_proximity_both
01d55450	673	GNString	addr_proximity_both
01d56840	504	GNString	original
01d57010	1713	GNString	addr_proximity_backward
01d57aa0	835	GNMultipleValue	original
01d585e0	929	GNMultipleValue	addr_proximity_both
01d58c00	745	GNMultipleValue	addr_proximity_both
01d59670	1443	GNMultipleValue	original
01d59f70	1026	GNMultipleValue	addr_proximity_backward
01d5a790	501	GNMultipleValue	addr_proximity_backward
01d5b760	4052	GNMultipleValue	addr_proximity_backward
01d5cff0	856	GNMultipleValue	addr_proximity_backward
01d5e6e0	769	GNMultipleValue	addr_proximity_backward
01d5eb20	784	GNMultipleValue	addr_proximity_backward
01d5f100	5334	GNMultipleValue	addr_proximity_backward
01d61100	531	GNMenu	addr_proximity_forward
01d614c0	1373	GNMenu	addr_proximity_both
01d61e70	1500	GNMenu	original
01d62660	799	GNMenu	addr_proximity_backward
01d636b0	2057	GNMenuItem	original
01d642c0	741	GNMenuItem	addr_proximity_backward
01d646c0	523	GNMenuItem	addr_proximity_backward
01d657b0	1045	GNMenuItem	addr_proximity_backward
01d65ec0	516	GNMenuItem	addr_proximity_backward
01d661f0	584	GNMenuItem	addr_proximity_backward
01d66f10	530	GNMenuItem	addr_proximity_backward
01d67820	893	GNMenuItem	addr_proximity_backward
01d68660	1421	GNMenuItem	addr_proximity_backward
01d694d0	593	GNMenuItem	addr_proximity_backward
01d69be0	2026	GNMenuItem	addr_proximity_backward
01d6b7d0	1691	GNMenuItem	addr_proximity_backward
01d6c2d0	558	GNMenuItem	addr_proximity_backward
01d6c750	1936	GNMenuItem	addr_proximity_backward
01d6d5e0	1106	GNMenuItem	addr_proximity_backward
01d6e6c0	719	GNMenuItem	addr_proximity_backward
01d6ef90	1318	GNMenuItem	addr_proximity_backward
01d6fa10	649	GNMenuItem	addr_proximity_backward
01d701d0	829	GNMenuItem	addr_proximity_backward
01d70620	1027	GNMenuItem	addr_proximity_backward
01d70eb0	914	GNMultipleValue	original
01d713c0	2097	GNMultipleValue	addr_proximity_both
01d72130	2148	GNMultipleValue	addr_proximity_both
01d73110	592	GNMultipleValue	addr_proximity_both
01d73760	1464	GNMultipleValue	addr_proximity_both
01d741d0	603	GNMultipleValue	addr_proximity_both
01d75460	791	GNMultipleValue	addr_proximity_both
01d75c30	1275	GNMultipleValue	addr_proximity_both
01d77040	845	GNMultipleValue	addr_proximity_both
01d77a60	2956	GNMultipleValue	addr_proximity_both
01d78c50	1520	GNMultipleValue	addr_proximity_both
01d79730	2062	GNMultipleValue	addr_proximity_both
01d7a120	1554	GNMultipleValue	addr_proximity_both
01d7ad50	872	GNMultipleValue	original
01d7b1b0	1272	GNMultipleValue	addr_proximity_backward
01d7bb00	845	GNMultipleValue	addr_proximity_backward
01d7c320	523	GNMultipleValue	addr_proximity_backward
01d7c790	871	GNMultipleValue	addr_proximity_backward
01d7cd60	502	GNMultipleValue	addr_proximity_backward
01d7e3a0	685	GNBackgroundView	original
01d7f240	2387	GNBackgroundView	addr_proximity_backward
01d800a0	872	GNBackgroundView	addr_proximity_backward
01d80540	513	GNBackgroundView	addr_proximity_backward
01d80e30	1010	GNCornerRadius	original
01d818b0	632	GNCornerRadius	addr_proximity_backward
01d82060	759	GNResponder	original
01d824e0	509	GNResponder	addr_proximity_backward
01d827c0	934	GNResponder	addr_proximity_backward
01d83990	1019	GNRootView	original
01d83f70	1453	GNValue	original
01d85680	696	GNValue	addr_proximity_backward
01d85bb0	1647	GNString	original
01d86e10	710	GNString	addr_proximity_backward
01d87280	675	GNString	addr_proximity_backward
01d87940	1819	GNString	addr_proximity_backward
01d883a0	634	GNString	addr_proximity_backward
01d89290	4589	GNString	addr_proximity_backward
01d8b250	534	GNString	addr_proximity_backward
01d8b780	1557	GNString	addr_proximity_backward
01d8c820	913	GNString	addr_proximity_backward
01d8d240	1279	GNString	addr_proximity_backward
01d8d8e0	1227	GNString	addr_proximity_backward
01d8e000	2764	GNString	addr_proximity_backward
01d8f390	902	GNString	addr_proximity_backward
01d8fe60	504	GNString	addr_proximity_backward
01d900f0	635	GNGraphicsContext	original
01d924f0	1475	GNScrollView	addr_proximity_forward
01d934f0	1221	GNScrollView	addr_proximity_both
01d942e0	2739	GNScrollView	original
01d954d0	533	GNMultiRulerView	original
01d95980	706	GNMultiRulerView	addr_proximity_both
01d95e40	532	GNMultiRulerView	addr_proximity_both
01d96260	1072	GNMultiRulerView	addr_proximity_both
01d96800	830	GNMultiRulerView	addr_proximity_both
01d96f70	1450	GNMultiRulerView	addr_proximity_both
01d98360	1315	GNMultiRulerView	original
01d98b80	591	GNMultiRulerView	original
01d98e50	761	GNMultiRulerView	original
01d99230	1464	GNMultiRulerView	original
01d99a50	645	GNMultiRulerView	original
01d99db0	601	GNMultiRulerView	original
01d9a0f0	1176	GNMultiRulerView	original
01d9a670	1119	GNMultiRulerView	original
01d9af40	6351	GNMultiRulerView	original
01d9cc80	821	GNMultiRulerView	addr_proximity_backward
01d9d1f0	821	GNMultiRulerView	addr_proximity_backward
01d9d760	1030	GNMultiRulerView	addr_proximity_backward
01d9dd30	1502	GNMultiRulerView	addr_proximity_backward
01d9e7d0	4954	GNMultiRulerView	addr_proximity_backward
01da28b0	1727	GNData	original
01da3800	2177	GNData	original
01da4e80	898	GNData	addr_proximity_backward
01da5610	515	GNString	original
01da59a0	797	GNString	addr_proximity_both
01da5fb0	615	GNString	addr_proximity_both
01da6520	3392	GNString	original
01da7fd0	544	GNString	addr_proximity_backward
01da8610	652	GNString	addr_proximity_backward
01da8a40	1563	GNString	addr_proximity_backward
01da94b0	2696	GNString	addr_proximity_backward
01daa9c0	5552	GNString	addr_proximity_backward
01dae3c0	866	GNMultipleValue	original
01dae920	634	GNMultipleValue	addr_proximity_backward
01daee00	2774	GNMultipleValue	addr_proximity_backward
01dafaa0	950	GNString	original
01db0610	918	GNSnapContext	original
01db1310	685	GNSplitView	original
01db1f60	762	GNSplitView	addr_proximity_backward
01db24f0	739	GNSplitView	addr_proximity_backward
01db2dc0	564	GNSplitView	addr_proximity_backward
01db3040	1814	GNScrollView	original
01db3c20	968	GNScrollView	addr_proximity_backward
01db4190	2036	GNScrollView	addr_proximity_backward
01db5150	533	GNScrollView	addr_proximity_backward
01db5400	1084	GNScrollView	addr_proximity_backward
01db5b00	1623	GNDictionary	original
01db6450	1235	GNDictionary	addr_proximity_backward
01db6b80	1265	GNDictionary	addr_proximity_backward
01db7530	1148	GNDictionary	addr_proximity_backward
01db7aa0	1857	GNDictionary	addr_proximity_backward
01db8bf0	676	GNDictionary	addr_proximity_backward
01db9210	543	GNDictionary	addr_proximity_backward
01dba1f0	821	GNTableColumnAssoc	original
01dba5d0	860	GNTableColumnAssoc	addr_proximity_backward
01dbac60	1087	GNDictionary	original
01dbba10	1130	GNDictionary	addr_proximity_backward
01dbc160	1399	GNValue	original
01dbcf20	792	GNValue	addr_proximity_backward
01dbd5a0	987	GNValue	addr_proximity_backward
01dbdd40	601	GNValue	addr_proximity_backward
01dbe380	806	GNValue	addr_proximity_backward
01dc0220	882	GNValue	addr_proximity_backward
01dc0e10	2033	GNValue	addr_proximity_backward
01dc1cd0	850	GNValue	addr_proximity_backward
01dc2170	4530	GNValue	addr_proximity_backward
01dc4200	2482	MUSpectrumShaper	field_patterns
01dc5060	2721	Unknown	original
01dc6120	1313	Unknown	original
01dc6c10	1911	GNTableView	addr_proximity_forward
01dc82c0	4560	GNTableView	original
01dc94d0	925	GNTableView	addr_proximity_backward
01dca1a0	1243	GNTableView	addr_proximity_backward
01dca810	1258	GNTableViewMouseEventHandler	original
01dcb680	1555	GNTableViewMouseEventHandler	addr_proximity_backward
01dcc4e0	706	GNScrollView	original
01dccc70	743	GNScrollView	original
01dcd6e0	1404	GNScrollView	addr_proximity_backward
01dce080	676	GNScrollView	addr_proximity_backward
01dceb30	2004	GNScrollView	addr_proximity_backward
01dcf7e0	994	GNScrollView	addr_proximity_backward
01dd0960	894	GNScrollView	addr_proximity_backward
01dd11e0	5267	GNScrollView	addr_proximity_backward
01dd32f0	590	GNString	field_patterns
01dd3d20	906	GNMultipleValue	field_patterns
01dd4110	1289	Unknown	original
01dd5240	694	GNControl	addr_proximity_forward
01dd5630	2475	GNControl	addr_proximity_both
01dd66d0	551	GNControl	original
01dd6930	567	GNControl	addr_proximity_backward
01dd6cc0	569	GNControl	addr_proximity_backward
01dd7350	6499	GNControl	addr_proximity_backward
01dd9800	11637	GNTableView	field_patterns
01ddd120	2037	GNString	addr_proximity_forward
01dddd60	581	GNString	addr_proximity_both
01dde120	1564	GNString	addr_proximity_both
01ddeb40	1121	GNString	original
01ddf560	2054	GNString	addr_proximity_backward
01de0270	975	GNString	addr_proximity_backward
01de0c80	1835	GNString	addr_proximity_backward
01de1ae0	1083	GNString	addr_proximity_backward
01de2090	1109	GNString	addr_proximity_backward
01de2960	1068	GNString	addr_proximity_backward
01de3030	2753	GNDictionary	original
01de4210	679	GNDictionary	addr_proximity_backward
01de4620	527	GNDictionary	addr_proximity_backward
01de4c40	547	GNDictionary	addr_proximity_backward
01de5000	1006	GNDictionary	addr_proximity_backward
01de5660	577	GNDictionary	addr_proximity_backward
01de5c80	1476	GNDictionary	addr_proximity_backward
01de7760	709	GNTableView	original
01de7c30	523	GNTableView	original
01de8070	668	GNTableView	addr_proximity_backward
01de8580	1078	GNTableView	addr_proximity_backward
01de8cb0	1123	GNTableColumnAssoc	original
01de9300	1123	GNTableColumnAssoc	original
01de9ba0	731	GNTableColumnAssoc	addr_proximity_both
01dea240	950	GNTableColumnAssoc	addr_proximity_both
01deae10	514	GNTableColumnAssoc	addr_proximity_both
01deb620	1019	GNTableColumnAssoc	original
01debcb0	724	GNTableColumnAssoc	addr_proximity_backward
01dec210	836	GNTableColumnAssoc	addr_proximity_backward
01dec860	5271	GNList	original
01deec00	562	GNTableColumnAssoc	original
01deef50	562	GNTableColumnAssoc	original
01deffb0	523	GNTableColumnAssoc	addr_proximity_backward
01df05b0	601	GNTableColumnAssoc	addr_proximity_backward
01df0ad0	517	GNString	original
01df0d90	517	GNString	original
01df1960	584	GNTableViewAssoc	original
01df1e00	899	GNTableViewAssoc	addr_proximity_backward
01df27e0	1326	GNList	original
01df3040	2091	GNList	original
01df3eb0	509	GNList	addr_proximity_backward
01df4930	707	GNList	addr_proximity_backward
01df4ef0	565	GNList	addr_proximity_backward
01df5490	2224	GNList	addr_proximity_backward
01df63b0	1513	GNColor	original
01df6bd0	1513	GNColor	original
01df73f0	502	GNColor	addr_proximity_backward
01df7770	914	GNColor	addr_proximity_backward
01df7e80	769	GNColor	addr_proximity_backward
01df8390	1146	GNTableColumnAssoc	original
01df8af0	983	GNTableColumnAssoc	original
01df9250	742	GNTableColumnAssoc	addr_proximity_both
01df9df0	661	GNTableColumnAssoc	addr_proximity_both
01dfa400	4352	GNTableColumnAssoc	addr_proximity_both
01dfc450	1019	GNTableColumnAssoc	original
01dfd890	2398	GNTabView	original
01dfebd0	820	GNTabView	addr_proximity_backward
01dff100	730	GNTabView	addr_proximity_backward
01dff500	2879	GNTabView	addr_proximity_backward
01e00730	1254	GNTabView	addr_proximity_backward
01e01250	923	GNTabView	addr_proximity_backward
01e01e50	1293	GNScrollView	original
01e02540	833	GNModuleView	original
01e02bc0	517	GNDictionary	original
01e03570	904	GNDictionary	addr_proximity_backward
01e04d10	770	GNDictionary	addr_proximity_backward
01e05490	516	GNDictionary	addr_proximity_backward
01e064a0	1547	GNMultipleValue	original
01e07690	2637	GNMultipleValue	addr_proximity_backward
01e08aa0	3479	GNMultipleValue	addr_proximity_backward
01e0a450	2569	GNMultipleValue	addr_proximity_backward
01e0b690	1296	GNMultipleValue	addr_proximity_backward
01e0c230	588	GNMultipleValue	addr_proximity_backward
01e0c890	706	GNMultipleValue	addr_proximity_backward
01e0dc40	645	GNMultipleValue	addr_proximity_backward
01e0dfc0	1054	GNMultipleValue	addr_proximity_backward
01e0e6f0	1355	GNMultipleValue	addr_proximity_backward
01e0f330	4566	GNFont	original
01e10690	2371	GNList	original
01e11b30	792	GNList	addr_proximity_backward
01e125e0	514	GNList	addr_proximity_backward
01e12e30	1303	GNList	addr_proximity_backward
01e13700	1688	GNList	addr_proximity_backward
01e15090	1567	GNList	addr_proximity_backward
01e15b80	668	GNList	addr_proximity_backward
01e15f00	565	GNList	addr_proximity_backward
01e16380	2998	GNList	addr_proximity_backward
01e17860	576	GNList	addr_proximity_backward
01e17b30	1271	GNList	addr_proximity_backward
01e18220	602	GNList	addr_proximity_backward
01e18770	635	GNList	addr_proximity_backward
01e18bb0	957	GNList	addr_proximity_backward
01e191f0	2056	GNList	addr_proximity_backward
01e1a190	583	GNList	addr_proximity_backward
01e1aa30	759	GNList	addr_proximity_backward
01e1b270	737	GNList	addr_proximity_backward
01e1b750	1863	GNList	addr_proximity_backward
01e1c5c0	729	GNList	addr_proximity_backward
01e1cd40	1116	GNValue	original
01e1f2c0	2538	GNString	field_patterns
01e20270	863	Unknown	original
01e207b0	1488	GNString	field_patterns
01e21040	1933	MUSpectrumShaper	field_patterns
01e22190	1166	GNRootView	addr_proximity_forward
01e22920	2356	GNRootView	addr_proximity_both
01e23740	3122	GNRootView	original
01e24a90	1999	GNRootView	addr_proximity_backward
01e26ab0	756	Unknown	original
01e26eb0	735	Unknown	original
01e27b00	1691	Unknown	original
01e29660	503	GNUIDesignerDoc	addr_proximity_forward
01e29c40	942	GNUIDesignerDoc	addr_proximity_both
01e2a220	1275	GNUIDesignerDoc	addr_proximity_both
01e2a9a0	504	GNUIDesignerDoc	addr_proximity_both
01e2b0c0	4000	GNUIDesignerDoc	original
01e2d210	3705	GNClassDescription	addr_proximity_forward
01e2ec70	766	GNClassDescription	original
01e2f200	833	GNClassDescription	addr_proximity_backward
01e2fa60	1358	GNClassDescription	addr_proximity_backward
01e30190	674	GNClassDescription	addr_proximity_backward
01e30780	1196	GNClassDescription	addr_proximity_backward
01e30e20	5642	GNList	original
01e328d0	524	GNList	addr_proximity_backward
01e32c00	702	GNList	addr_proximity_backward
01e33780	691	GNList	addr_proximity_backward
01e34100	687	GNList	addr_proximity_backward
01e354b0	625	GNList	addr_proximity_backward
01e35b40	5147	GNList	addr_proximity_backward
01e3a830	2333	Unknown	original
01e3b960	630	GNInt	field_patterns
01e3bcd0	544	Unknown	original
01e3c0a0	620	GNString	field_patterns
01e3c530	843	GNString	field_patterns
01e3cb60	807	Unknown	original
01e3cf70	6524	GNString	field_patterns
01e3f2c0	556	Unknown	original
01e3fdf0	3550	MUElementAnalyzer	field_patterns
01e41810	609	GNString	field_patterns
01e41d90	543	Unknown	original
01e42850	675	GNList	field_patterns
01e440a0	1661	GNTextView	addr_proximity_forward
01e44a80	544	GNTextView	addr_proximity_both
01e44d40	1330	GNTextView	addr_proximity_both
01e459c0	2374	GNTextView	original
01e466c0	738	GNTextView	addr_proximity_backward
01e46a20	764	GNTextView	addr_proximity_backward
01e46ed0	778	GNTextView	addr_proximity_backward
01e478c0	1147	GNTextView	addr_proximity_backward
01e47f50	1743	GNTextView	addr_proximity_backward
01e49f80	934	Unknown	original
01e4a630	838	GNString	field_patterns
01e4b9a0	639	Unknown	original
01e4c160	511	Unknown	original
01e4d060	530	GNString	field_patterns
01e4d640	1503	Unknown	original
01e4e1c0	857	Unknown	original
01e4e790	697	Unknown	original
01e4fcf0	3112	Unknown	original
01e51440	867	Unknown	original
01e51a60	1757	Unknown	original
01e52c50	1214	Unknown	original
01e53570	833	Unknown	original
01e54290	777	Unknown	original
01e54920	2133	Unknown	original
01e55990	744	GNStringTable	addr_proximity_forward
01e56280	686	GNStringTable	addr_proximity_both
01e56f90	586	GNStringTable	original
01e57a30	677	GNStringTable	addr_proximity_backward
01e587b0	1881	GNStringTable	addr_proximity_backward
01e59140	537	GNStringTable	addr_proximity_backward
01e595b0	636	GNStringTable	addr_proximity_backward
01e59920	1450	GNString	original
01e5a990	856	GNString	addr_proximity_backward
01e5ae20	726	GNString	addr_proximity_backward
01e5bd60	566	GNString	addr_proximity_backward
01e5c1a0	533	GNString	addr_proximity_backward
01e5c410	563	GNString	addr_proximity_backward
01e5d9c0	1055	GNString	addr_proximity_backward
01e5e460	600	GNString	addr_proximity_backward
01e5e740	821	GNString	addr_proximity_backward
01e5f4b0	600	GNString	addr_proximity_backward
01e601f0	4346	GNString	addr_proximity_backward
01e618c0	738	GNString	addr_proximity_backward
01e61dc0	726	GNString	addr_proximity_backward
01e621d0	726	GNString	addr_proximity_backward
01e625e0	726	GNString	addr_proximity_backward
01e629f0	717	GNString	addr_proximity_backward
01e62e00	914	GNString	addr_proximity_backward
01e63b70	562	GNString	addr_proximity_backward
01e641f0	651	GNString	addr_proximity_backward
01e65010	961	GNString	addr_proximity_backward
01e65670	3492	GNString	addr_proximity_backward
01e66b80	2320	GNString	addr_proximity_backward
01e67920	1588	GNString	addr_proximity_backward
01e68430	2053	GNString	addr_proximity_backward
01e69f00	729	GNString	addr_proximity_backward
01e6a4a0	1107	GNString	addr_proximity_backward
01e6ad10	827	GNString	addr_proximity_backward
01e6b990	892	GNString	addr_proximity_backward
01e6c7a0	709	GNString	addr_proximity_backward
01e6d120	511	GNString	addr_proximity_backward
01e6d410	573	GNString	addr_proximity_backward
01e6dab0	2133	GNString	addr_proximity_backward
01e6e800	570	GNString	addr_proximity_backward
01e6eb20	1911	GNString	addr_proximity_backward
01e6f570	1052	GNString	addr_proximity_backward
01e6ff40	3188	GNString	addr_proximity_backward
01e71840	920	GNString	addr_proximity_backward
01e72c40	980	GNString	addr_proximity_backward
01e731f0	590	GNHeartbeatHandler	original
01e737d0	539	GNBrowserDataSource	original
01e73a80	521	GNUni	original
01e73d90	515	GNComboBox	original
01e769d0	580	GNRadioButton	original
01e77210	616	GNRadioButton	addr_proximity_backward
01e775c0	604	GNTableTextDataField	original
01e78970	1248	GNAnimation	original
01e79290	519	GNAnimation	original
01e7a8e0	1602	GNBackgroundView	original
01e7d160	811	GNUni	original
01e7ef60	598	GNComboBox	original
01e7f820	519	GNComboBox	original
01e82060	2482	GNIconsView	original
01e82de0	544	GNBorderStyle	original
01e85f80	632	GNLocaleExportController	original
01e87ec0	515	GNPDFImage	original
01e88fc0	761	GNPDFView	original
01e8ac80	714	GNPrintSettings	original
01e8af80	522	GNPrintSettings	original
01e8bbf0	713	GNStackView	original
01e8bef0	522	GNStackView	original
01e8cad0	1033	GNRunLoopObserverDelegate	original
01e8d890	532	GNToolbar	original
01e8dad0	519	GNToolbar	original
01e8eb00	1580	GNToolbar	addr_proximity_backward
01e91a20	732	Unknown	original
01e93790	509	GNList	addr_proximity_forward
01e93c70	554	GNList	addr_proximity_both
01e94020	9044	GNList	original
01e978e0	7846	GNList	original
01e9a760	571	Unknown	original
01e9acb0	2096	Unknown	original
01e9c840	739	Unknown	original
01e9d4d0	504	GNMultipleValue	addr_proximity_forward
01e9de00	704	GNMultipleValue	addr_proximity_both
01e9e600	561	GNMultipleValue	addr_proximity_both
01e9eb30	809	GNMultipleValue	original
01e9efa0	807	GNMultipleValue	addr_proximity_backward
01e9f5a0	614	GNMultipleValue	addr_proximity_backward
01ea01c0	1152	GNMultipleValue	addr_proximity_backward
01ea09a0	722	GNMultipleValue	addr_proximity_backward
01ea0e40	509	GNMultipleValue	addr_proximity_backward
01ea1150	509	GNMultipleValue	addr_proximity_backward
01ea1460	509	GNMultipleValue	addr_proximity_backward
01ea1770	509	GNMultipleValue	addr_proximity_backward
01ea1a80	509	GNMultipleValue	addr_proximity_backward
01ea1d90	509	GNMultipleValue	addr_proximity_backward
01ea20a0	722	GNMultipleValue	addr_proximity_backward
01ea2540	509	GNMultipleValue	addr_proximity_backward
01ea2f80	960	GNMultipleValue	addr_proximity_backward
01ea4fa0	1176	Unknown	original
01ea56e0	844	GNFont	addr_proximity_forward
01ea5b80	1749	GNFont	addr_proximity_both
01ea7310	916	GNFont	original
01ea9950	1293	Unknown	original
01eaa020	1928	Unknown	original
01eaacc0	1349	GNString	field_patterns
01eabaa0	572	Unknown	original
01eabe50	768	GNList	call_graph_iter1
01eac2f0	2233	Unknown	original
01eacf20	784	GNList	call_graph_iter1
01eadc50	668	GNString	field_patterns
01eae0c0	506	Unknown	original
01eaec50	783	Unknown	original
01eaf7c0	2465	Unknown	original
01eb0440	1514	Unknown	original
01eb0e90	1313	Unknown	original
01eb1ad0	782	GNData	addr_proximity_forward
01eb2020	1294	GNData	addr_proximity_both
01eb2dc0	659	GNData	addr_proximity_both
01eb31c0	599	GNData	addr_proximity_both
01eb34e0	1522	GNData	original
01eb3ca0	566	GNData	addr_proximity_backward
01eb4440	1440	GNData	addr_proximity_backward
01eb5290	1707	GNData	addr_proximity_backward
01eb5e80	765	GNData	addr_proximity_backward
01eb6770	1938	GNModuleView	original
01eb7cc0	3706	GNModuleView	addr_proximity_backward
01eb9990	711	GNModuleView	addr_proximity_backward
01eba210	2210	GNModuleView	addr_proximity_backward
01ebcc70	5259	GNList	original
01ebfd60	734	GNMultipleValue	addr_proximity_forward
01ec0ac0	1570	GNMultipleValue	original
01ec1500	650	GNMultipleValue	addr_proximity_both
01ec1b70	891	GNMultipleValue	addr_proximity_both
01ec2d30	4995	GNMultipleValue	original
01ec5810	6506	GNList	original
01ec81d0	1517	GNMultipleValue	addr_proximity_forward
01ec9880	776	GNMultipleValue	addr_proximity_both
01ec9e00	1403	GNMultipleValue	original
01eca6c0	735	GNMultipleValue	addr_proximity_backward
01ecada0	674	GNTextAutoCompleterItem	original
01ecbb20	1218	GNTextAutoCompleterItem	addr_proximity_both
01ecc1e0	801	GNTextAutoCompleterItem	addr_proximity_both
01ecc740	790	GNTextAutoCompleterItem	addr_proximity_both
01ecd140	1219	GNTextAutoCompleterItem	addr_proximity_both
01ecd9a0	895	GNTextAutoCompleterItem	addr_proximity_both
01ece090	583	GNTextAutoCompleterItem	addr_proximity_both
01ece4b0	886	GNTextAutoCompleterItem	addr_proximity_both
01eceb50	2038	GNTextAutoCompleterItem	addr_proximity_both
01ecfac0	599	GNTextAutoCompleterItem	addr_proximity_both
01ecff20	512	GNTextAutoCompleterItem	addr_proximity_both
01ed0280	1632	GNTextAutoCompleterItem	addr_proximity_both
01ed0d70	623	GNTextAutoCompleterItem	addr_proximity_both
01ed1670	531	GNTextAutoCompleterItem	original
01ed1bf0	680	GNTextAutoCompleterItem	addr_proximity_backward
01ed20d0	654	GNTextAutoCompleterItem	addr_proximity_backward
01ed2f70	2224	GNTextAutoCompleterItem	addr_proximity_backward
01ed3c60	1541	GNTextAutoCompleterItem	addr_proximity_backward
01ed4f50	1002	GNTextAutoCompleterItem	addr_proximity_backward
01ed5530	1285	GNTextAutoCompleterItem	addr_proximity_backward
01ed5f90	682	GNTextAutoCompleterItem	addr_proximity_backward
01ed6a90	1102	GNTextAutoCompleterItem	addr_proximity_backward
01ed75d0	743	GNTextAutoCompleterItem	addr_proximity_backward
01ed7f00	2299	GNTextAutoCompleterItem	addr_proximity_backward
01ed8d70	724	GNTextAutoCompleterItem	addr_proximity_backward
01ed9200	946	GNTextAutoCompleterItem	addr_proximity_backward
01ed9a40	1297	GNTextAutoCompleterItem	addr_proximity_backward
01eda150	751	GNTextAutoCompleterItem	addr_proximity_backward
01edad20	798	GNTextAutoCompleterItem	addr_proximity_backward
01edb450	1074	GNTextAutoCompleterItem	addr_proximity_backward
01edc770	880	GNTextAutoCompleterItem	addr_proximity_backward
01edcd90	1199	GNMultipleValue	original
01edd760	524	GNMultipleValue	addr_proximity_backward
01ede410	701	GNMultipleValue	addr_proximity_backward
01ede930	1516	GNMultipleValue	addr_proximity_backward
01edf3b0	534	GNMultipleValue	addr_proximity_backward
01edf8c0	1223	GNMultipleValue	addr_proximity_backward
01ee0360	521	GNMultipleValue	addr_proximity_backward
01ee0640	550	GNMultipleValue	addr_proximity_backward
01ee0e80	10653	GNMultipleValue	addr_proximity_backward
01ee4a10	1396	GNData	original
01ee52b0	1205	GNData	addr_proximity_backward
01ee5e60	512	GNData	addr_proximity_backward
01ee61e0	586	GNData	addr_proximity_backward
01ee6d60	1983	GNData	addr_proximity_backward
01ee7b90	3638	GNData	addr_proximity_backward
01ee9430	2219	GNData	addr_proximity_backward
01eea1b0	25376	GNData	addr_proximity_backward
01ef3900	1095	Unknown	original
01ef3fd0	7840	GNString	field_patterns
01ef6ef0	1135	Unknown	original
01ef7380	1001	GNString	field_patterns
01ef79a0	535	Unknown	original
01ef7e40	4729	Unknown	original
01efa5d0	2449	Unknown	original
01efb640	990	GNString	field_patterns
01efbe80	824	Unknown	original
01efdb00	602	GNPopUpButton	addr_proximity_forward
01efdfe0	520	GNPopUpButton	original
01efe2c0	1905	GNPopUpButton	addr_proximity_backward
01effce0	518	GNPopUpButton	addr_proximity_backward
01f000f0	1289	GNPopUpButton	addr_proximity_backward
01f00d50	882	GNList	original
01f02020	888	GNInspector	original
01f02a40	640	GNString	original
01f03370	1003	GNString	addr_proximity_backward
01f03a80	2269	GNInspector	original
01f04a00	4997	GNList	original
01f06a80	2736	GNList	original
01f08380	623	GNList	addr_proximity_backward
01f08cf0	1491	GNList	addr_proximity_backward
01f09c50	510	GNList	addr_proximity_backward
01f0aca0	848	GNList	addr_proximity_backward
01f0b230	1142	GNMultipleValue	original
01f0c0c0	790	GNMultipleValue	addr_proximity_backward
01f0c590	523	GNMultipleValue	addr_proximity_backward
01f0cb10	3008	GNMultipleValue	addr_proximity_backward
01f0dcf0	6819	GNMultipleValue	addr_proximity_backward
01f10600	2166	GNString	field_patterns
01f12060	882	GNFilePath	addr_proximity_forward
01f125d0	879	GNFilePath	addr_proximity_both
01f132a0	911	GNFilePath	original
01f13700	1527	GNFilePath	addr_proximity_backward
01f13fd0	534	GNFilePath	addr_proximity_backward
01f14340	1191	GNList	original
01f14e50	766	GNString	original
01f152b0	541	GNString	addr_proximity_backward
01f164d0	586	GNString	addr_proximity_backward
01f170f0	660	GNString	addr_proximity_backward
01f17860	1229	GNString	addr_proximity_backward
01f18290	685	GNWizardView	original
01f18560	652	GNWizardView	addr_proximity_backward
01f1c940	5681	Unknown	original
01f1fc80	631	Unknown	original
01f25620	547	Unknown	original
01f25af0	2703	Unknown	original
01f28450	1069	Unknown	original
01f29080	942	Unknown	original
01f29460	981	GNLocaleDataProvider	field_patterns
01f2a010	516	GNString	addr_proximity_forward
01f2aa90	1267	GNString	addr_proximity_both
01f2b280	1180	GNString	addr_proximity_both
01f2bbf0	1523	GNString	original
01f2c5e0	4930	GNString	addr_proximity_backward
01f2eb50	1367	Unknown	original
01f2fbe0	506	Unknown	original
01f30aa0	528	Unknown	original
01f30d40	634	Unknown	original
01f312b0	641	Unknown	original
01f316e0	1142	GNOverloudTapedesk	field_patterns
01f32210	1227	Unknown	original
01f329a0	2721	Unknown	original
01f33b60	3965	Unknown	original
01f35940	2543	Unknown	original
01f36a40	2829	Unknown	original
01f37e20	655	Unknown	original
01f38870	3523	Unknown	original
01f3a020	876	Unknown	original
01f3aa70	1192	Unknown	original
01f3b350	2652	Unknown	original
01f3c5f0	2909	Unknown	original
01f3db20	2121	Unknown	original
01f3f040	1245	Unknown	original
01f3fe60	2748	Unknown	original
01f41210	2906	Unknown	original
01f424c0	756	Unknown	original
01f42cb0	570	Unknown	original
01f43090	522	Unknown	original
01f43950	557	GNInfoController	addr_proximity_forward
01f44020	725	GNInfoController	addr_proximity_both
01f44640	640	GNInfoController	addr_proximity_both
01f44ac0	820	GNInfoController	addr_proximity_both
01f45680	555	GNInfoController	original
01f45960	612	GNInfoController	addr_proximity_backward
01f46240	2025	GNInfoController	addr_proximity_backward
01f47190	604	GNInfoController	addr_proximity_backward
01f47720	1113	GNStringTable	original
01f47fa0	3352	GNStringTable	addr_proximity_backward
01f493b0	1399	GNStringTable	addr_proximity_backward
01f4aa70	512	GNHeartbeatHandlerRegistration	original
01f4e6a0	576	Unknown	original
01f4eb70	2137	GNString	field_patterns
01f50410	1303	Unknown	original
01f514b0	1403	Unknown	original
01f52050	4073	Unknown	original
01f53f00	870	Unknown	original
01f54830	806	Unknown	original
01f54d20	1971	Unknown	original
01f558f0	1763	Unknown	original
01f561f0	616	Unknown	original
01f56790	3589	GNString	field_patterns
01f57b80	1312	Unknown	original
01f58580	1150	Unknown	original
01f58aa0	2322	Unknown	original
01f5ab60	2225	GNDebugObjectBrowser	original
01f5b910	771	GNDebugObjectBrowser	addr_proximity_backward
01f5bf10	8960	GNList	original
01f5f6d0	5211	GNClassDescription	original
01f618c0	791	GNDictionary	original
01f61ce0	511	GNDictionary	addr_proximity_backward
01f62050	3209	GNDictionary	addr_proximity_backward
01f634e0	3398	GNString	original
01f64a20	677	GNString	addr_proximity_both
01f64ef0	1420	GNString	original
01f65830	3389	GNString	original
01f68250	3384	GNString	field_patterns
01f69100	2840	GNCustomAlertPanel	addr_proximity_forward
01f6a6d0	1101	GNCustomAlertPanel	original
01f6ab40	1169	GNCustomAlertPanel	addr_proximity_backward
01f6b400	1946	GNCustomAlertPanel	addr_proximity_backward
01f6ca30	1500	GNAlertPanel	original
01f6d220	1464	GNAlertPanel	addr_proximity_backward
01f6ddb0	963	GNAlertPanel	addr_proximity_backward
01f6e450	1162	GNAlertPanel	addr_proximity_backward
01f6f220	2057	GNLocaleExportController	original
01f6fa60	2104	GNLocaleExportController	addr_proximity_backward
01f70830	1305	GNLocaleExportController	addr_proximity_backward
01f711a0	726	GNLocaleExportController	addr_proximity_backward
01f71650	1332	GNLocaleExportController	addr_proximity_backward
01f72160	18918	GNList	original
01f7a2d0	840	Unknown	original
01f7aa20	955	GNRadialColorGradient	addr_proximity_forward
01f7b490	517	GNRadialColorGradient	addr_proximity_both
01f7b740	645	GNRadialColorGradient	addr_proximity_both
01f7bcc0	651	GNRadialColorGradient	addr_proximity_both
01f7c3a0	607	GNRadialColorGradient	original
01f7c800	766	GNRadialColorGradient	addr_proximity_backward
01f7cd50	640	GNRadialColorGradient	addr_proximity_backward
01f7d1a0	519	GNRadialColorGradient	addr_proximity_backward
01f7db00	601	GNRadialColorGradient	addr_proximity_backward
01f7ef70	1822	GNRadialColorGradient	addr_proximity_backward
01f7ffc0	1398	GNRadialColorGradient	addr_proximity_backward
01f81010	817	GNRadialColorGradient	addr_proximity_backward
01f81660	537	GNRadialColorGradient	addr_proximity_backward
01f81f80	681	GNShortCutSearchField	original
01f822e0	2057	GNShortCutOutlineController	original
01f82cb0	1977	GNShortCutOutlineController	addr_proximity_backward
01f83dc0	4440	GNShortCutOutlineController	addr_proximity_backward
01f85db0	3109	GNFilePath	original
01f872e0	1664	GNFilePath	addr_proximity_backward
01f87f60	1753	GNFilePath	addr_proximity_backward
01f88b80	505	GNFilePath	addr_proximity_backward
01f88e80	2114	GNFilePath	addr_proximity_backward
01f89e00	3331	GNActionGroup	original
01f8b430	1115	GNActionRegistration	original
01f8be80	1534	GNActionRegistration	original
01f8ce40	574	GNActionRegistration	addr_proximity_backward
01f8d150	1098	GNActionRegistration	addr_proximity_backward
01f8d910	1346	GNActionGroup	original
01f8e100	1741	GNActionGroup	original
01f8f0f0	2758	GNActionGroup	addr_proximity_backward
01f90590	511	GNActionGroup	addr_proximity_backward
01f90be0	536	GNShortCutSearchField	original
01f91d90	1141	GNShortCutOutlineController	original
01f92410	683	GNActionRegistration	original
01f92800	622	GNActionRegistration	original
01f938b0	3062	GNFilePath	original
01f94cb0	4453	GNList	original
01f969f0	862	GNList	addr_proximity_backward
01f983b0	1120	GNValue	original
01f98990	772	GNColor	original
01f99d80	821	GNColor	addr_proximity_backward
